"C:/Users/maria/Desktop/proyecto II/AtaqueGamba/AtaqueGamba.uproject" 1
"../../../Engine/Plugins/AudioGameplayVolume/AudioGameplayVolume.uplugin" 2
"../../../Engine/Plugins/AudioGameplay/AudioGameplay.uplugin" 3
"../../../Engine/Plugins/BlueprintFileUtils/BlueprintFileUtils.uplugin" 4
"../../../Engine/Plugins/ChaosCloth/ChaosCloth.uplugin" 5
"../../../Engine/Plugins/AudioInsights/AudioInsights.uplugin" 6
"../../../Engine/Plugins/ChaosVD/ChaosVD.uplugin" 7
"../../../Engine/Plugins/ChaosInsights/ChaosInsights.uplugin" 8
"../../../Engine/Plugins/CmdLinkServer/CmdLinkServer.uplugin" 9
"../../../Engine/Plugins/ChaosClothAsset/ChaosClothAsset.uplugin" 10
"../../../Engine/Plugins/DiscoveryBeaconReceiver/DiscoveryBeaconReceiver.uplugin" 11
"../../../Engine/Plugins/ChaosClothAssetEditor/ChaosClothAssetEditor.uplugin" 12
"../../../Engine/Plugins/JsonBlueprintUtilities/JsonBlueprintUtilities.uplugin" 13
"../../../Engine/Plugins/IoStoreInsights/IoStoreInsights.uplugin" 14
"../../../Engine/Plugins/Chooser/Chooser.uplugin" 15
"../../../Engine/Plugins/MeshPainting/MeshPainting.uplugin" 16
"../../../Engine/Plugins/MemoryUsageQueries/MemoryUsageQueries.uplugin" 17
"../../../Engine/Plugins/LightWeightInstancesEditor/LightWeightInstancesEditor.uplugin" 18
"../../../Engine/Plugins/PCG/PCG.uplugin" 19
"../../../Engine/Plugins/Mutable/Mutable.uplugin" 20
"../../../Engine/Plugins/RenderGraphInsights/RenderGraphInsights.uplugin" 21
"../../../Engine/Plugins/MassInsights/MassInsights.uplugin" 22
"../../../Engine/Plugins/UbaController/UbaController.uplugin" 23
"../../../Engine/Plugins/TextureGraph/TextureGraph.uplugin" 24
"../../../Engine/Plugins/TraceUtilities/TraceUtilities.uplugin" 25
"../../../Engine/Plugins/Developer/AnimationSharing/AnimationSharing.uplugin" 26
"../../../Engine/Plugins/WorldMetrics/WorldMetrics.uplugin" 27
"../../../Engine/Plugins/Developer/DumpGPUServices/DumpGPUServices.uplugin" 28
"../../../Engine/Plugins/Developer/DirectoryPlaceholder/DirectoryPlaceholder.uplugin" 29
"../../../Engine/Plugins/Developer/FieldNotificationTrace/FieldNotificationTrace.uplugin" 30
"../../../Engine/Plugins/EnhancedInput/EnhancedInput.uplugin" 31
"../../../Engine/Plugins/Developer/BlankPlugin/BlankPlugin.uplugin" 32
"../../../Engine/Plugins/ScriptPlugin/ScriptPlugin.uplugin" 33
"../../../Engine/Plugins/Developer/KDevelopSourceCodeAccess/KDevelopSourceCodeAccess.uplugin" 34
"../../../Engine/Plugins/Developer/N10XSourceCodeAccess/N10XSourceCodeAccess.uplugin" 35
"../../../Engine/Plugins/Developer/NamingTokens/NamingTokens.uplugin" 36
"../../../Engine/Plugins/FastBuildController/FastBuildController.uplugin" 37
"../../../Engine/Plugins/Developer/NullSourceCodeAccess/NullSourceCodeAccess.uplugin" 38
"../../../Engine/Plugins/Developer/PixWinPlugin/PixWinPlugin.uplugin" 39
"../../../Engine/Plugins/Developer/PerforceSourceControl/PerforceSourceControl.uplugin" 40
"../../../Engine/Plugins/Developer/PropertyAccessNode/PropertyAccessNode.uplugin" 41
"../../../Engine/Plugins/Developer/PlasticSourceControl/PlasticSourceControl.uplugin" 42
"../../../Engine/Plugins/Developer/OneSkyLocalizationService/OneSkyLocalizationService.uplugin" 43
"../../../Engine/Plugins/Developer/TextureFormatOodle/TextureFormatOodle.uplugin" 44
"../../../Engine/Plugins/XGEController/XGEController.uplugin" 45
"../../../Engine/Plugins/Developer/CLionSourceCodeAccess/CLionSourceCodeAccess.uplugin" 46
"../../../Engine/Plugins/Developer/TraceDataFiltering/TraceDataFilters.uplugin" 47
"../../../Engine/Plugins/Developer/TraceSourceFiltering/TraceSourceFilters.uplugin" 48
"../../../Engine/Plugins/Developer/CodeLiteSourceCodeAccess/CodeLiteSourceCodeAccess.uplugin" 49
"../../../Engine/Plugins/Developer/RenderDocPlugin/RenderDocPlugin.uplugin" 50
"../../../Engine/Plugins/Developer/VisualStudioCodeSourceCodeAccess/VisualStudioCodeSourceCodeAccess.uplugin" 51
"../../../Engine/Plugins/Developer/UObjectPlugin/UObjectPlugin.uplugin" 52
"../../../Engine/Plugins/Developer/SubversionSourceControl/SubversionSourceControl.uplugin" 53
"../../../Engine/Plugins/Developer/VisualStudioSourceCodeAccess/VisualStudioSourceCodeAccess.uplugin" 54
"../../../Engine/Plugins/Developer/XcodeGPUDebuggerPlugin/XcodeGPUDebuggerPlugin.uplugin" 55
"../../../Engine/Plugins/Enterprise/DataprepEditor/DataprepEditor.uplugin" 56
"../../../Engine/Plugins/Enterprise/DatasmithCADImporter/DatasmithCADImporter.uplugin" 57
"../../../Engine/Plugins/Enterprise/DatasmithContent/DatasmithContent.uplugin" 58
"../../../Engine/Plugins/Enterprise/GLTFExporter/GLTFExporter.uplugin" 59
"../../../Engine/Plugins/Developer/PluginUtils/PluginUtils.uplugin" 60
"../../../Engine/Plugins/Enterprise/DatasmithImporter/DatasmithImporter.uplugin" 61
"../../../Engine/Plugins/Developer/XCodeSourceCodeAccess/XCodeSourceCodeAccess.uplugin" 62
"../../../Engine/Plugins/Enterprise/LidarPointCloud/LidarPointCloud.uplugin" 63
"../../../Engine/Plugins/Enterprise/DatasmithFBXImporter/DatasmithFBXImporter.uplugin" 64
"../../../Engine/Plugins/Enterprise/DatasmithC4DImporter/DatasmithC4DImporter.uplugin" 65
"../../../Engine/Plugins/Developer/ProjectLauncher/ProjectLauncher.uplugin" 66
"../../../Engine/Plugins/Importers/AlembicImporter/AlembicImporter.uplugin" 67
"../../../Engine/Plugins/Enterprise/VariantManagerContent/VariantManagerContent.uplugin" 68
"../../../Engine/Plugins/Importers/USDImporter/USDImporter.uplugin" 69
"../../../Engine/Plugins/Enterprise/VariantManager/VariantManager.uplugin" 70
"../../../Engine/Plugins/Importers/AlembicHairImporter/AlembicHairImporter.uplugin" 71
"../../../Engine/Plugins/Developer/GitSourceControl/GitSourceControl.uplugin" 72
"../../../Engine/Plugins/Importers/USDMultiUser/USDMultiUser.uplugin" 73
"../../../Engine/Plugins/Interchange/Assets/InterchangeAssets.uplugin" 74
"../../../Engine/Plugins/Enterprise/MDLImporter/MDLImporter.uplugin" 75
"../../../Engine/Plugins/Importers/USDImporterMDL/USDImporterMDL.uplugin" 76
"../../../Engine/Plugins/Interchange/Editor/InterchangeEditor.uplugin" 77
"../../../Engine/Plugins/Media/AndroidMedia/AndroidMedia.uplugin" 78
"../../../Engine/Plugins/Interchange/Runtime/Interchange.uplugin" 79
"../../../Engine/Plugins/Enterprise/AxFImporter/AxFImporter.uplugin" 80
"../../../Engine/Plugins/Media/AvfMedia/AvfMedia.uplugin" 81
"../../../Engine/Plugins/Media/AppleProResDecoderElectra/AppleProResDecoderElectra.uplugin" 82
"../../../Engine/Plugins/Developer/RiderSourceCodeAccess/RiderSourceCodeAccess.uplugin" 83
"../../../Engine/Plugins/Media/AvidDNxMedia/AvidDNxMedia.uplugin" 84
"../../../Engine/Plugins/Media/AudioCaptureTimecodeProvider/AudioCaptureTimecodeProvider.uplugin" 85
"../../../Engine/Plugins/Media/BlackmagicMedia/BlackmagicMedia.uplugin" 86
"../../../Engine/Plugins/Media/D3D12VideoDecodersElectra/D3D12VideoDecodersElectra.uplugin" 87
"../../../Engine/Plugins/Media/ElectraPlayer/ElectraPlayer.uplugin" 88
"../../../Engine/Plugins/Media/AvidDNxHDDecoderElectra/AvidDNxHDDecoderElectra.uplugin" 89
"../../../Engine/Plugins/Media/ElectraCodecs/ElectraCodecs.uplugin" 90
"../../../Engine/Plugins/Media/BinkMedia/BinkMedia.uplugin" 91
"../../../Engine/Plugins/Media/ElectraUtil/ElectraUtil.uplugin" 92
"../../../Engine/Plugins/Media/ElectraCDM/ElectraCDM.uplugin" 93
"../../../Engine/Plugins/Media/HAPDecoderElectra/HAPDecoderElectra.uplugin" 94
"../../../Engine/Plugins/Media/HAPMedia/HAPMedia.uplugin" 95
"../../../Engine/Plugins/Media/FlacDecoderElectra/FlacDecoderElectra.uplugin" 96
"../../../Engine/Plugins/Media/AndroidCamera/AndroidCamera.uplugin" 97
"../../../Engine/Plugins/Media/AjaMedia/AjaMedia.uplugin" 98
"../../../Engine/Plugins/Media/ImgMedia/ImgMedia.uplugin" 99
"../../../Engine/Plugins/Media/MediaFrameworkUtilities/MediaFrameworkUtilities.uplugin" 100
"../../../Engine/Plugins/Media/LinearTimecode/LinearTimecode.uplugin" 101
"../../../Engine/Plugins/Media/MediaPlate/MediaPlate.uplugin" 102
"../../../Engine/Plugins/Media/MediaCompositing/MediaCompositing.uplugin" 103
"../../../Engine/Plugins/Media/MfMedia/MfMedia.uplugin" 104
"../../../Engine/Plugins/Media/HardwareEncoders/HardwareEncoders.uplugin" 105
"../../../Engine/Plugins/Media/ElectraSubtitles/ElectraSubtitles.uplugin" 106
"../../../Engine/Plugins/Media/AppleProResMedia/AppleProResMedia.uplugin" 107
"../../../Engine/Plugins/Media/PixelCapture/PixelCapture.uplugin" 108
"../../../Engine/Plugins/Media/TimecodeSynchronizer/TimecodeSynchronizer.uplugin" 109
"../../../Engine/Plugins/Media/WebMMedia/WebMMedia.uplugin" 110
"../../../Engine/Plugins/Media/VPxDecoderElectra/VPxDecoderElectra.uplugin" 111
"../../../Engine/Plugins/MetaHuman/MetaHumanAnimator/MetaHuman.uplugin" 112
"../../../Engine/Plugins/Media/MediaMovieStreamer/MediaMovieStreamer.uplugin" 113
"../../../Engine/Plugins/Media/OpusDecoderElectra/OpusDecoderElectra.uplugin" 114
"../../../Engine/Plugins/MetaHuman/MetaHumanLiveLink/MetaHumanLiveLink.uplugin" 115
"../../../Engine/Plugins/MetaHuman/MetaHumanCalibrationProcessing/MetaHumanCalibrationProcessing.uplugin" 116
"../../../Engine/Plugins/Media/WmfMedia/WmfMedia.uplugin" 117
"../../../Engine/Plugins/MetaHuman/MetaHumanCoreTechLib/MetaHumanCoreTech.uplugin" 118
"../../../Engine/Plugins/NetcodeUnitTest/NUTUnrealEngine/NUTUnrealEngine.uplugin" 119
"../../../Engine/Plugins/MetaHuman/MetaHumanSDK/MetaHumanSDK.uplugin" 120
"../../../Engine/Plugins/Media/MediaIOFramework/MediaIOFramework.uplugin" 121
"../../../Engine/Plugins/FX/Cascade/Cascade.uplugin" 122
"../../../Engine/Plugins/PCGInterops/PCGGeometryScriptInterop/PCGGeometryScriptInterop.uplugin" 123
"../../../Engine/Plugins/Web/HttpBlueprint/HttpBlueprint.uplugin" 124
"../../../Engine/Plugins/NetcodeUnitTest/NetcodeUnitTest/NetcodeUnitTest.uplugin" 125
"../../../Engine/Plugins/MetaHuman/MetaHumanCharacter/MetaHumanCharacter.uplugin" 126
"../../../Engine/Plugins/Media/NDIMedia/NDIMedia.uplugin" 127
"../../../Engine/Plugins/Slate/SlateScripting/SlateScripting.uplugin" 128
"../../../Engine/Plugins/Media/MediaPlayerEditor/MediaPlayerEditor.uplugin" 129
"../../../Engine/Plugins/FX/ExampleCustomDataInterface/ExampleCustomDataInterface.uplugin" 130
"../../../Engine/Plugins/FX/CascadeToNiagaraConverter/CascadeToNiagaraConverter.uplugin" 131
"../../../Engine/Plugins/Messaging/TcpMessaging/TcpMessaging.uplugin" 132
"../../../Engine/Plugins/FX/Niagara/Niagara.uplugin" 133
"../../../Engine/Plugins/Slate/SlateInsights/SlateInsights.uplugin" 134
"../../../Engine/Plugins/FX/NiagaraFluids/NiagaraFluids.uplugin" 135
"../../../Engine/Plugins/Messaging/UdpMessaging/UdpMessaging.uplugin" 136
"../../../Engine/Plugins/Media/PixelStreaming2/PixelStreaming2.uplugin" 137
"../../../Engine/Plugins/FX/NiagaraSimCaching/NiagaraSimCaching.uplugin" 138
"../../../Engine/Plugins/Online/EOSOverlayInputProvider/EOSOverlayInputProvider.uplugin" 139
"../../../Engine/Plugins/FX/NiagaraMRQ/NiagaraMRQ.uplugin" 140
"../../../Engine/Plugins/Online/EOSShared/EOSShared.uplugin" 141
"../../../Engine/Plugins/Online/OnlineServicesEOS/OnlineServicesEOS.uplugin" 142
"../../../Engine/Plugins/Media/PixelStreaming/PixelStreaming.uplugin" 143
"../../../Engine/Plugins/PCGInterops/PCGExternalDataInterop/PCGExternalDataInterop.uplugin" 144
"../../../Engine/Plugins/Online/OnlineServicesEOSGS/OnlineServicesEOSGS.uplugin" 145
"../../../Engine/Plugins/Online/OnlineServices/OnlineServices.uplugin" 146
"../../../Engine/Plugins/Messaging/MessagingDebugger/MessagingDebugger.uplugin" 147
"../../../Engine/Plugins/Online/OnlineServicesOSSAdapter/OnlineServicesOSSAdapter.uplugin" 148
"../../../Engine/Plugins/Online/OnlineFramework/OnlineFramework.uplugin" 149
"../../../Engine/Plugins/Online/OnlineServicesNull/OnlineServicesNull.uplugin" 150
"../../../Engine/Plugins/Online/OnlineSubsystemFacebook/OnlineSubsystemFacebook.uplugin" 151
"../../../Engine/Plugins/Online/OnlineBase/OnlineBase.uplugin" 152
"../../../Engine/Plugins/Online/OnlineSubsystemTencent/OnlineSubsystemTencent.uplugin" 153
"../../../Engine/Plugins/Online/OnlineSubsystemNull/OnlineSubsystemNull.uplugin" 154
"../../../Engine/Plugins/Online/OnlineSubsystemApple/OnlineSubsystemApple.uplugin" 155
"../../../Engine/Plugins/Online/OnlineSubsystemUtils/OnlineSubsystemUtils.uplugin" 156
"../../../Engine/Plugins/Online/SocketSubsystemEOS/SocketSubsystemEOS.uplugin" 157
"../../../Engine/Plugins/Online/OnlineServicesEpicCommon/OnlineServicesEpicCommon.uplugin" 158
"../../../Engine/Plugins/Runtime/ActorLayerUtilities/ActorLayerUtilities.uplugin" 159
"../../../Engine/Plugins/Performance/AutomatedPerfTesting/AutomatedPerfTesting.uplugin" 160
"../../../Engine/Plugins/Online/OnlineSubsystemAmazon/OnlineSubsystemAmazon.uplugin" 161
"../../../Engine/Plugins/Runtime/AndroidFileServer/AndroidFileServer.uplugin" 162
"../../../Engine/Plugins/Online/SocketSubsystemSteamIP/SocketSubsystemSteamIP.uplugin" 163
"../../../Engine/Plugins/Online/WebAuth/WebAuth.uplugin" 164
"../../../Engine/Plugins/Performance/PerformanceMonitor/PerformanceMonitor.uplugin" 165
"../../../Engine/Plugins/Runtime/AndroidMoviePlayer/AndroidMoviePlayer.uplugin" 166
"../../../Engine/Plugins/Runtime/ADM/ADM.uplugin" 167
"../../../Engine/Plugins/Runtime/AndroidDeviceProfileSelector/AndroidDeviceProfileSelector.uplugin" 168
"../../../Engine/Plugins/Runtime/ApexDestruction/ApexDestruction.uplugin" 169
"../../../Engine/Plugins/Runtime/AnimationBudgetAllocator/AnimationBudgetAllocator.uplugin" 170
"../../../Engine/Plugins/Online/OnlineSubsystem/OnlineSubsystem.uplugin" 171
"../../../Engine/Plugins/Runtime/AudioModulation/AudioModulation.uplugin" 172
"../../../Engine/Plugins/Runtime/AndroidPermission/AndroidPermission.uplugin" 173
"../../../Engine/Plugins/Runtime/AppleImageUtils/AppleImageUtils.uplugin" 174
"../../../Engine/Plugins/Runtime/AudioSynesthesia/AudioSynesthesia.uplugin" 175
"../../../Engine/Plugins/Runtime/AudioCapture/AudioCapture.uplugin" 176
"../../../Engine/Plugins/Runtime/CommonUI/CommonUI.uplugin" 177
"../../../Engine/Plugins/Runtime/ComputeFramework/ComputeFramework.uplugin" 178
"../../../Engine/Plugins/Online/OnlineSubsystemSteam/OnlineSubsystemSteam.uplugin" 179
"../../../Engine/Plugins/Runtime/AppleMoviePlayer/AppleMoviePlayer.uplugin" 180
"../../../Engine/Plugins/Runtime/ArchVisCharacter/ArchVisCharacter.uplugin" 181
"../../../Engine/Plugins/Online/OnlineSubsystemEOS/OnlineSubsystemEOS.uplugin" 182
"../../../Engine/Plugins/Runtime/AudioMotorSim/AudioMotorSim.uplugin" 183
"../../../Engine/Plugins/Online/OnlineSubsystemGoogle/OnlineSubsystemGoogle.uplugin" 184
"../../../Engine/Plugins/Runtime/ChunkDownloader/ChunkDownloader.uplugin" 185
"../../../Engine/Plugins/Runtime/AssetTags/AssetTags.uplugin" 186
"../../../Engine/Plugins/Runtime/GameFeatures/GameFeatures.uplugin" 187
"../../../Engine/Plugins/Runtime/ExampleDeviceProfileSelector/ExampleDeviceProfileSelector.uplugin" 188
"../../../Engine/Plugins/Runtime/Firebase/Firebase.uplugin" 189
"../../../Engine/Plugins/Runtime/DataRegistry/DataRegistry.uplugin" 190
"../../../Engine/Plugins/Runtime/GeometryCache/GeometryCache.uplugin" 191
"../../../Engine/Plugins/Runtime/AndroidBackgroundService/AndroidBackgroundService.uplugin" 192
"../../../Engine/Plugins/Runtime/GameplayAbilities/GameplayAbilities.uplugin" 193
"../../../Engine/Plugins/Runtime/GameplayInteractions/GameplayInteractions.uplugin" 194
"../../../Engine/Plugins/Runtime/GameplayStateTree/GameplayStateTree.uplugin" 195
"../../../Engine/Plugins/Runtime/AudioWidgets/AudioWidgets.uplugin" 196
"../../../Engine/Plugins/Runtime/GameplayBehaviorSmartObjects/GameplayBehaviorSmartObjects.uplugin" 197
"../../../Engine/Plugins/Runtime/HDRIBackdrop/HDRIBackdrop.uplugin" 198
"../../../Engine/Plugins/Runtime/HTTPChunkInstaller/HTTPChunkInstaller.uplugin" 199
"../../../Engine/Plugins/Runtime/GoogleCloudMessaging/GoogleCloudMessaging.uplugin" 200
"../../../Engine/Plugins/Runtime/CustomMeshComponent/CustomMeshComponent.uplugin" 201
"../../../Engine/Plugins/Runtime/GeometryScripting/GeometryScripting.uplugin" 202
"../../../Engine/Plugins/Runtime/GeoReferencing/GeoReferencing.uplugin" 203
"../../../Engine/Plugins/Runtime/GooglePAD/GooglePAD.uplugin" 204
"../../../Engine/Plugins/Runtime/CableComponent/CableComponent.uplugin" 205
"../../../Engine/Plugins/Runtime/IOSDeviceProfileSelector/IOSDeviceProfileSelector.uplugin" 206
"../../../Engine/Plugins/Runtime/GeometryProcessing/GeometryProcessing.uplugin" 207
"../../../Engine/Plugins/Runtime/LinuxDeviceProfileSelector/LinuxDeviceProfileSelector.uplugin" 208
"../../../Engine/Plugins/Runtime/MassEntity/MassEntity.uplugin" 209
"../../../Engine/Plugins/Runtime/LevelStreamingPersistence/LevelStreamingPersistence.uplugin" 210
"../../../Engine/Plugins/Runtime/IOSReplayKit/IOSReplayKit.uplugin" 211
"../../../Engine/Plugins/Runtime/MicrosoftSpatialAudio/MicroSoftSpatialSound.uplugin" 212
"../../../Engine/Plugins/Runtime/InputDebugging/InputDebugging.uplugin" 213
"../../../Engine/Plugins/Runtime/MeshModelingToolset/MeshModelingToolset.uplugin" 214
"../../../Engine/Plugins/Runtime/HPMotionController/HPMotionController.uplugin" 215
"../../../Engine/Plugins/Runtime/LocationServicesAndroidImpl/LocationServicesAndroidImpl.uplugin" 216
"../../../Engine/Plugins/Runtime/GameInput/GameInput.uplugin" 217
"../../../Engine/Plugins/Runtime/MIDIDevice/MIDIDevice.uplugin" 218
"../../../Engine/Plugins/Runtime/MsQuic/MsQuic.uplugin" 219
"../../../Engine/Plugins/Runtime/MusicEnvironment/MusicEnvironment.uplugin" 220
"../../../Engine/Plugins/Runtime/InstancedActors/InstancedActors.uplugin" 221
"../../../Engine/Plugins/Runtime/nDisplayModularFeatures/nDisplayModularFeatures.uplugin" 222
"../../../Engine/Plugins/Runtime/MobileFSR/MobileFSR.uplugin" 223
"../../../Engine/Plugins/Runtime/MobilePatchingUtils/MobilePatchingUtils.uplugin" 224
"../../../Engine/Plugins/Runtime/LocationServicesIOSImpl/LocationServicesIOSImpl.uplugin" 225
"../../../Engine/Plugins/Runtime/MultiServerReplication/MultiServerReplication.uplugin" 226
"../../../Engine/Plugins/Runtime/ModelViewViewModel/ModelViewViewModel.uplugin" 227
"../../../Engine/Plugins/Runtime/OpenCV/OpenCV.uplugin" 228
"../../../Engine/Plugins/Runtime/LocationServicesBPLibrary/LocationServicesBPLibrary.uplugin" 229
"../../../Engine/Plugins/Runtime/NetworkPrediction/NetworkPrediction.uplugin" 230
"../../../Engine/Plugins/Runtime/nDisplay/nDisplay.uplugin" 231
"../../../Engine/Plugins/Runtime/NetworkPredictionExtras/NetworkPredictionExtras.uplugin" 232
"../../../Engine/Plugins/Runtime/OpenXR/OpenXR.uplugin" 233
"../../../Engine/Plugins/Runtime/OpenXRHandTracking/OpenXRHandTracking.uplugin" 234
"../../../Engine/Plugins/Runtime/OpenXREyeTracker/OpenXREyeTracker.uplugin" 235
"../../../Engine/Plugins/Runtime/NetworkPredictionInsights/NetworkPredictionInsights.uplugin" 236
"../../../Engine/Plugins/Runtime/ModularGameplay/ModularGameplay.uplugin" 237
"../../../Engine/Plugins/Runtime/ProceduralMeshComponent/ProceduralMeshComponent.uplugin" 238
"../../../Engine/Plugins/Runtime/LiveLinkOvernDisplay/LiveLinkOverNDisplay.uplugin" 239
"../../../Engine/Plugins/Runtime/RenderTrace/RenderTrace.uplugin" 240
"../../../Engine/Plugins/Runtime/MassGameplay/MassGameplay.uplugin" 241
"../../../Engine/Plugins/Runtime/PreLoadScreenMoviePlayer/PreLoadScreenMoviePlayer.uplugin" 242
"../../../Engine/Plugins/Runtime/ResonanceAudio/ResonanceAudio.uplugin" 243
"../../../Engine/Plugins/Runtime/OpenXRMsftHandInteraction/OpenXRMsftHandInteraction.uplugin" 244
"../../../Engine/Plugins/Runtime/ReplicationGraph/ReplicationGraph.uplugin" 245
"../../../Engine/Plugins/Runtime/MixedRealityCaptureFramework/MixedRealityCaptureFramework.uplugin" 246
"../../../Engine/Plugins/Runtime/Harmonix/Harmonix.uplugin" 247
"../../../Engine/Plugins/Runtime/PropertyBindingUtils/PropertyBindingUtils.uplugin" 248
"../../../Engine/Plugins/Runtime/SoundMod/SoundMod.uplugin" 249
"../../../Engine/Plugins/Runtime/SkeletalMerging/SkeletalMerging.uplugin" 250
"../../../Engine/Plugins/Runtime/NavCorridor/NavCorridor.uplugin" 251
"../../../Engine/Plugins/Runtime/SoundCueTemplates/SoundCueTemplates.uplugin" 252
"../../../Engine/Plugins/Runtime/OSC/OSC.uplugin" 253
"../../../Engine/Plugins/Runtime/StateTree/StateTree.uplugin" 254
"../../../Engine/Plugins/Runtime/SunPosition/SunPosition.uplugin" 255
"../../../Engine/Plugins/Runtime/SmartObjects/SmartObjects.uplugin" 256
"../../../Engine/Plugins/Runtime/OptionalMobileFeaturesBPLibrary/OptionalMobileFeaturesBPLibrary.uplugin" 257
"../../../Engine/Plugins/Runtime/Synthesis/Synthesis.uplugin" 258
"../../../Engine/Plugins/Runtime/OpenXRViveTracker/OpenXRViveTracker.uplugin" 259
"../../../Engine/Plugins/Runtime/Spatialization/Spatialization.uplugin" 260
"../../../Engine/Plugins/Runtime/RigVM/RigVM.uplugin" 261
"../../../Engine/Plugins/Runtime/SoundUtilities/SoundUtilities.uplugin" 262
"../../../Engine/Plugins/Runtime/XRBase/XRBase.uplugin" 263
"../../../Engine/Plugins/Runtime/SoundFields/SoundFields.uplugin" 264
"../../../Engine/Plugins/Runtime/WebBrowserNativeProxy/WebBrowserNativeProxy.uplugin" 265
"../../../Engine/Plugins/Runtime/ZoneGraphAnnotations/ZoneGraphAnnotations.uplugin" 266
"../../../Engine/Plugins/Runtime/WindowsDeviceProfileSelector/WindowsDeviceProfileSelector.uplugin" 267
"../../../Engine/Plugins/Runtime/WaveTable/WaveTable.uplugin" 268
"../../../Engine/Plugins/Runtime/WebMMoviePlayer/WebMMoviePlayer.uplugin" 269
"../../../Engine/Plugins/Runtime/PropertyAccess/PropertyAccessEditor.uplugin" 270
"../../../Engine/Plugins/Runtime/ZoneGraph/ZoneGraph.uplugin" 271
"../../../Engine/Plugins/Runtime/Metasound/Metasound.uplugin" 272
"../../../Engine/Plugins/Tests/RHITests/RHITests.uplugin" 273
"../../../Engine/Plugins/Runtime/ScriptableToolsFramework/ScriptableToolsFramework.uplugin" 274
"../../../Engine/Plugins/Runtime/HairStrands/HairStrands.uplugin" 275
"../../../Engine/Plugins/Tests/RuntimeTests/RuntimeTests.uplugin" 276
"../../../Engine/Plugins/Tests/FbxAutomationTestBuilder/FbxAutomationTestBuilder.uplugin" 277
"../../../Engine/Plugins/Runtime/WebBrowserWidget/WebBrowserWidget.uplugin" 278
"../../../Engine/Plugins/Tests/EditorTests/EditorTests.uplugin" 279
"../../../Engine/Plugins/Tests/TestFramework/TestFramework.uplugin" 280
"../../../Engine/Plugins/Tests/PythonAutomationTest/PythonAutomationTest.uplugin" 281
"../../../Engine/Plugins/Tests/CQTestEnhancedInput/CQTestEnhancedInput.uplugin" 282
"../../../Engine/Plugins/Tests/WidgetAutomationTests/WidgetAutomationTests.uplugin" 283
"../../../Engine/Plugins/VirtualProduction/Avalanche/Avalanche.uplugin" 284
"../../../Engine/Plugins/VirtualProduction/CaptureData/CaptureData.uplugin" 285
"../../../Engine/Plugins/Runtime/USDCore/USDCore.uplugin" 286
"../../../Engine/Plugins/Tests/FunctionalTestingEditor/FunctionalTestingEditor.uplugin" 287
"../../../Engine/Plugins/VirtualProduction/CameraCalibrationML/CameraCalibrationML.uplugin" 288
"../../../Engine/Plugins/Tests/InterchangeTests/InterchangeTests.uplugin" 289
"../../../Engine/Plugins/VirtualProduction/ActorModifierCore/ActorModifierCore.uplugin" 290
"../../../Engine/Plugins/VirtualProduction/ClonerEffector/ClonerEffector.uplugin" 291
"../../../Engine/Plugins/Tests/TestSamples/TestSamples.uplugin" 292
"../../../Engine/Plugins/Runtime/ReplicationSystemTestPlugin/ReplicationSystemTestPlugin.uplugin" 293
"../../../Engine/Plugins/Runtime/WorldConditions/WorldConditions.uplugin" 294
"../../../Engine/Plugins/VirtualProduction/DataCharts/DataCharts.uplugin" 295
"../../../Engine/Plugins/VirtualProduction/DynamicMaterial/DynamicMaterial.uplugin" 296
"../../../Engine/Plugins/VirtualProduction/CompositePlane/CompositePlane.uplugin" 297
"../../../Engine/Plugins/VirtualProduction/EpicStageApp/EpicStageApp.uplugin" 298
"../../../Engine/Plugins/VirtualProduction/CameraCalibrationCore/CameraCalibrationCore.uplugin" 299
"../../../Engine/Plugins/Runtime/SignificanceManager/SignificanceManager.uplugin" 300
"../../../Engine/Plugins/VirtualProduction/CustomDetailsView/CustomDetailsView.uplugin" 301
"../../../Engine/Plugins/VirtualProduction/CameraCalibration/CameraCalibration.uplugin" 302
"../../../Engine/Plugins/VirtualProduction/CinematicAssemblyTools/CinematicAssemblyTools.uplugin" 303
"../../../Engine/Plugins/Runtime/Soundscape/Soundscape.uplugin" 304
"../../../Engine/Plugins/VirtualProduction/ICVFX/ICVFX.uplugin" 305
"../../../Engine/Plugins/Tests/CQTest/CQTest.uplugin" 306
"../../../Engine/Plugins/Tests/AutomationDriverTests/AutomationDriverTests.uplugin" 307
"../../../Engine/Plugins/VirtualProduction/LiveLinkFreeD/LiveLinkFreeD.uplugin" 308
"../../../Engine/Plugins/VirtualProduction/LiveLinkPrestonMDR/LiveLinkPrestonMDR.uplugin" 309
"../../../Engine/Plugins/VirtualProduction/MultiUserTakes/MultiUserTakes.uplugin" 310
"../../../Engine/Plugins/VirtualProduction/LiveLinkOpenTrackIO/LiveLinkOpenTrackIO.uplugin" 311
"../../../Engine/Plugins/VirtualProduction/LiveLinkCamera/LiveLinkCamera.uplugin" 312
"../../../Engine/Plugins/VirtualProduction/OperatorStack/OperatorStack.uplugin" 313
"../../../Engine/Plugins/VirtualProduction/ICVFXTesting/ICVFXTesting.uplugin" 314
"../../../Engine/Plugins/VirtualProduction/LiveLinkLens/LiveLinkLens.uplugin" 315
"../../../Engine/Plugins/VirtualProduction/PerformanceCaptureWorkflow/PerformanceCaptureWorkflow.uplugin" 316
"../../../Engine/Plugins/VirtualProduction/PropertyAnimator/PropertyAnimator.uplugin" 317
"../../../Engine/Plugins/VirtualProduction/LiveLinkVRPN/LiveLinkVRPN.uplugin" 318
"../../../Engine/Plugins/Protocols/MQTT/MQTT.uplugin" 319
"../../../Engine/Plugins/VirtualProduction/PropertyAnimatorCore/PropertyAnimatorCore.uplugin" 320
"../../../Engine/Plugins/VirtualProduction/RemoteControlInterception/RemoteControlInterception.uplugin" 321
"../../../Engine/Plugins/VirtualProduction/RemoteControlProtocolMIDI/RemoteControlProtocolMIDI.uplugin" 322
"../../../Engine/Plugins/VirtualProduction/GeometryMask/GeometryMask.uplugin" 323
"../../../Engine/Plugins/VirtualProduction/RemoteControlProtocolDMX/RemoteControlProtocolDMX.uplugin" 324
"../../../Engine/Plugins/VirtualProduction/StageMonitoring/StageMonitoring.uplugin" 325
"../../../Engine/Plugins/VirtualProduction/RemoteControl/RemoteControl.uplugin" 326
"../../../Engine/Plugins/VirtualProduction/LiveLinkMasterLockit/LiveLinkMasterLockit.uplugin" 327
"../../../Engine/Plugins/VirtualProduction/StormSyncAvalancheBridge/StormSyncAvalancheBridge.uplugin" 328
"../../../Engine/Plugins/VirtualProduction/Switchboard/Switchboard.uplugin" 329
"../../../Engine/Plugins/VirtualProduction/LiveLinkInputDevice/LiveLinkInputDevice.uplugin" 330
"../../../Engine/Plugins/VirtualProduction/TimedDataMonitor/TimedDataMonitor.uplugin" 331
"../../../Engine/Plugins/VirtualProduction/SequencerPlaylists/SequencerPlaylists.uplugin" 332
"../../../Engine/Plugins/VirtualProduction/VirtualCameraCore/VirtualCameraCore.uplugin" 333
"../../../Engine/Plugins/VirtualProduction/VirtualCamera/VirtualCamera.uplugin" 334
"../../../Engine/Plugins/VirtualProduction/LevelSnapshots/LevelSnapshots.uplugin" 335
"../../../Engine/Plugins/VirtualProduction/VirtualScouting/VirtualScouting.uplugin" 336
"../../../Engine/Plugins/2D/Paper2D/Paper2D.uplugin" 337
"../../../Engine/Plugins/VirtualProduction/LiveLinkXR/LiveLinkXR.uplugin" 338
"../../../Engine/Plugins/AI/MassCrowd/MassCrowd.uplugin" 339
"../../../Engine/Plugins/Runtime/WindowsMoviePlayer/WindowsMoviePlayer.uplugin" 340
"../../../Engine/Plugins/AI/MassAI/MassAI.uplugin" 341
"../../../Engine/Plugins/AI/MLAdapter/MLAdapter.uplugin" 342
"../../../Engine/Plugins/VirtualProduction/TextureShare/TextureShare.uplugin" 343
"../../../Engine/Plugins/AI/EnvironmentQueryEditor/EnvironmentQueryEditor.uplugin" 344
"../../../Engine/Plugins/Animation/AnimationLocomotionLibrary/AnimationLocomotionLibrary.uplugin" 345
"../../../Engine/Plugins/Animation/AnimationData/AnimationData.uplugin" 346
"../../../Engine/Plugins/Animation/AnimationWarping/AnimationWarping.uplugin" 347
"../../../Engine/Plugins/AI/HTNPlanner/HTNPlanner.uplugin" 348
"../../../Engine/Plugins/Animation/AnimatorKit/AnimatorKit.uplugin" 349
"../../../Engine/Plugins/VirtualProduction/StormSync/StormSync.uplugin" 350
"../../../Engine/Plugins/VirtualProduction/RemoteControlProtocolOSC/RemoteControlProtocolOSC.uplugin" 351
"../../../Engine/Plugins/VirtualProduction/Takes/Takes.uplugin" 352
"../../../Engine/Plugins/AI/AISupport/AISupport.uplugin" 353
"../../../Engine/Plugins/Animation/BlendStack/BlendStack.uplugin" 354
"../../../Engine/Plugins/Animation/ControlRig/ControlRig.uplugin" 355
"../../../Engine/Plugins/Animation/BlendSpaceMotionAnalysis/BlendSpaceMotionAnalysis.uplugin" 356
"../../../Engine/Plugins/Animation/ControlRigSpline/ControlRigSpline.uplugin" 357
"../../../Engine/Plugins/Animation/IKRig/IKRig.uplugin" 358
"../../../Engine/Plugins/Animation/DNACalib/DNACalib.uplugin" 359
"../../../Engine/Plugins/Animation/ControlRigModules/ControlRigModules.uplugin" 360
"../../../Engine/Plugins/VirtualProduction/LensComponent/LensComponent.uplugin" 361
"../../../Engine/Plugins/Animation/LiveLinkExampleDevice/LiveLinkExampleDevice.uplugin" 362
"../../../Engine/Plugins/Animation/DeformerGraph/DeformerGraph.uplugin" 363
"../../../Engine/Plugins/Animation/LiveLink/LiveLink.uplugin" 364
"../../../Engine/Plugins/Animation/GameplayInsights/GameplayInsights.uplugin" 365
"../../../Engine/Plugins/Animation/LiveLinkHub/LiveLinkHub.uplugin" 366
"../../../Engine/Plugins/Animation/MotionWarping/MotionWarping.uplugin" 367
"../../../Engine/Plugins/Animation/RigLogic/RigLogic.uplugin" 368
"../../../Engine/Plugins/Animation/GeneSplicer/GeneSplicer.uplugin" 369
"../../../Engine/Plugins/Runtime/WarpUtils/WarpUtils.uplugin" 370
"../../../Engine/Plugins/Compositing/LensDistortion/LensDistortion.uplugin" 371
"../../../Engine/Plugins/Animation/PerformanceCaptureCore/PerformanceCaptureCore.uplugin" 372
"../../../Engine/Plugins/Animation/ACLPlugin/ACLPlugin.uplugin" 373
"../../../Engine/Plugins/Compositing/OpenCVLensDistortion/OpenCVLensDistortion.uplugin" 374
"../../../Engine/Plugins/Animation/AnimationModifierLibrary/AnimationModifierLibrary.uplugin" 375
"../../../Engine/Plugins/Compositing/OpenColorIO/OpenColorIO.uplugin" 376
"../../../Engine/Plugins/VirtualProduction/RemoteControlWebInterface/RemoteControlWebInterface.uplugin" 377
"../../../Engine/Plugins/Editor/AssetReferenceRestrictions/AssetReferenceRestrictions.uplugin" 378
"../../../Engine/Plugins/VirtualProduction/ActorModifier/ActorModifier.uplugin" 379
"../../../Engine/Plugins/Compression/OodleNetwork/OodleNetwork.uplugin" 380
"../../../Engine/Plugins/Editor/AssetSearch/AssetSearch.uplugin" 381
"../../../Engine/Plugins/Editor/AssetRegistryExport/AssetRegistryExport.uplugin" 382
"../../../Engine/Plugins/Cameras/GameplayCameras/GameplayCameras.uplugin" 383
"../../../Engine/Plugins/Cameras/EngineCameras/EngineCameras.uplugin" 384
"../../../Engine/Plugins/Editor/BlueprintHeaderView/BlueprintHeaderView.uplugin" 385
"../../../Engine/Plugins/Editor/ConsoleVariablesEditor/ConsoleVariables.uplugin" 386
"../../../Engine/Plugins/Editor/CurveEditorTools/CurveEditorTools.uplugin" 387
"../../../Engine/Plugins/Editor/CryptoKeys/CryptoKeys.uplugin" 388
"../../../Engine/Plugins/Editor/EditorScriptingUtilities/EditorScriptingUtilities.uplugin" 389
"../../../Engine/Plugins/Editor/DisplayClusterLaunch/DisplayClusterLaunch.uplugin" 390
"../../../Engine/Plugins/Editor/ColorGrading/ColorGrading.uplugin" 391
"../../../Engine/Plugins/Editor/AssetManagerEditor/AssetManagerEditor.uplugin" 392
"../../../Engine/Plugins/Animation/SkeletalMeshModelingTools/SkeletalMeshModelingTools.uplugin" 393
"../../../Engine/Plugins/Editor/EditorDebugTools/EditorDebugTools.uplugin" 394
"../../../Engine/Plugins/Editor/EditorSysConfigAssistant/EditorSysConfigAssistant.uplugin" 395
"../../../Engine/Plugins/Editor/EngineAssetDefinitions/EngineAssetDefinitions.uplugin" 396
"../../../Engine/Plugins/Editor/MaterialAnalyzer/MaterialAnalyzer.uplugin" 397
"../../../Engine/Plugins/Editor/MacGraphicsSwitching/MacGraphicsSwitching.uplugin" 398
"../../../Engine/Plugins/Editor/MakeCookedEditorAsDLC/MakeCookedEditorAsDLC.uplugin" 399
"../../../Engine/Plugins/Cameras/CameraShakePreviewer/CameraShakePreviewer.uplugin" 400
"../../../Engine/Plugins/Editor/ChangelistReview/ChangelistReview.uplugin" 401
"../../../Engine/Plugins/Editor/ModelingToolsEditorMode/ModelingToolsEditorMode.uplugin" 402
"../../../Engine/Plugins/Editor/GameplayTagsEditor/GameplayTagsEditor.uplugin" 403
"../../../Engine/Plugins/Editor/PluginBrowser/PluginBrowser.uplugin" 404
"../../../Engine/Plugins/Editor/ProxyLODPlugin/ProxyLODPlugin.uplugin" 405
"../../../Engine/Plugins/Compositing/Composure/Composure.uplugin" 406
"../../../Engine/Plugins/Editor/ModelViewViewModelPreview/ModelViewViewModelPreview.uplugin" 407
"../../../Engine/Plugins/Editor/UMGWidgetPreview/UMGWidgetPreview.uplugin" 408
"../../../Engine/Plugins/Editor/StylusInput/StylusInput.uplugin" 409
"../../../Engine/Plugins/Animation/LiveLinkCurveDebugUI/LiveLinkCurveDebugUI.uplugin" 410
"../../../Engine/Plugins/Editor/WaveformEditor/WaveformEditor.uplugin" 411
"../../../Engine/Plugins/Editor/SampleToolsEditorMode/SampleToolsEditorMode.uplugin" 412
"../../../Engine/Plugins/Editor/SequencerAnimTools/SequencerAnimTools.uplugin" 413
"../../../Engine/Plugins/Editor/WorldPartitionHLODUtilities/WorldPartitionHLODUtilities.uplugin" 414
"../../../Engine/Plugins/Animation/PoseSearch/PoseSearch.uplugin" 415
"../../../Engine/Plugins/Editor/DataValidation/DataValidation.uplugin" 416
"../../../Engine/Plugins/Experimental/AbilitySystemGameFeatureActions/AbilitySystemGameFeatureActions.uplugin" 417
"../../../Engine/Plugins/Editor/StaticMeshEditorModeling/StaticMeshEditorModeling.uplugin" 418
"../../../Engine/Plugins/Experimental/AnimNextPoseSearch/AnimNextPoseSearch.uplugin" 419
"../../../Engine/Plugins/Editor/GuidedTutorials/GuidedTutorials.uplugin" 420
"../../../Engine/Plugins/Experimental/AnimNextStateTree/AnimNextStateTree.uplugin" 421
"../../../Engine/Plugins/Experimental/AnimNextAnimGraph/AnimNextAnimGraph.uplugin" 422
"../../../Engine/Plugins/Editor/MobileLauncherProfileWizard/MobileLauncherProfileWizard.uplugin" 423
"../../../Engine/Plugins/Experimental/AnimToTexture/AnimToTexture.uplugin" 424
"../../../Engine/Plugins/Experimental/AsyncMessageSystem/AsyncMessageSystem.uplugin" 425
"../../../Engine/Plugins/Animation/LiveLinkDevice/LiveLinkDevice.uplugin" 426
"../../../Engine/Plugins/Experimental/ActorPalette/ActorPalette.uplugin" 427
"../../../Engine/Plugins/Editor/FacialAnimation/FacialAnimation.uplugin" 428
"../../../Engine/Plugins/Experimental/AnimNextWarping/AnimNextWarping.uplugin" 429
"../../../Engine/Plugins/Experimental/AvalancheDisplayCluster/AvalancheDisplayCluster.uplugin" 430
"../../../Engine/Plugins/Experimental/AvalancheDataLink/AvalancheDataLink.uplugin" 431
"../../../Engine/Plugins/Experimental/AdvancedRenamer/AdvancedRenamer.uplugin" 432
"../../../Engine/Plugins/Editor/BlueprintMaterialTextureNodes/BlueprintMaterialTextureNodes.uplugin" 433
"../../../Engine/Plugins/Experimental/BackChannel/BackChannel.uplugin" 434
"../../../Engine/Plugins/Experimental/AsyncMessageSystemTests/AsyncMessageSystemTests.uplugin" 435
"../../../Engine/Plugins/Experimental/AvalancheSequenceNavigator/AvalancheSequenceNavigator.uplugin" 436
"../../../Engine/Plugins/Editor/MeshLODToolset/MeshLODToolset.uplugin" 437
"../../../Engine/Plugins/Experimental/AutomationUtils/AutomationUtils.uplugin" 438
"../../../Engine/Plugins/Experimental/CelestialVault/CelestialVault.uplugin" 439
"../../../Engine/Plugins/Experimental/ChaosCachingUSD/ChaosCachingUSD.uplugin" 440
"../../../Engine/Plugins/Experimental/ChaosModularVehicle/ChaosModularVehicle.uplugin" 441
"../../../Engine/Plugins/Editor/ScriptableToolsEditorMode/ScriptableToolsEditorMode.uplugin" 442
"../../../Engine/Plugins/Experimental/ChaosModularVehicleExamples/ChaosModularVehicleExamples.uplugin" 443
"../../../Engine/Plugins/Experimental/ChaosClothEditor/ChaosClothEditor.uplugin" 444
"../../../Engine/Plugins/Experimental/ChaosFlesh/ChaosFlesh.uplugin" 445
"../../../Engine/Plugins/Experimental/ChaosEditor/ChaosEditor.uplugin" 446
"../../../Engine/Plugins/Experimental/BlueprintSnapNodes/BlueprintSnapNodes.uplugin" 447
"../../../Engine/Plugins/Experimental/BlueprintStats/BlueprintStats.uplugin" 448
"../../../Engine/Plugins/Experimental/ChaosUserDataPT/ChaosUserDataPT.uplugin" 449
"../../../Engine/Plugins/Experimental/Buoyancy/Buoyancy.uplugin" 450
"../../../Engine/Plugins/Experimental/ChaosOutfitAsset/ChaosOutfitAsset.uplugin" 451
"../../../Engine/Plugins/Experimental/CharacterAI/CharacterAI.uplugin" 452
"../../../Engine/Plugins/Experimental/ChaosNiagara/ChaosNiagara.uplugin" 453
"../../../Engine/Plugins/Experimental/CineCameraSceneCapture/CineCameraSceneCapture.uplugin" 454
"../../../Engine/Plugins/Experimental/ChaosMover/ChaosMover.uplugin" 455
"../../../Engine/Plugins/Experimental/ChaosSolverPlugin/ChaosSolverPlugin.uplugin" 456
"../../../Engine/Plugins/Experimental/ChaosVehiclesPlugin/ChaosVehiclesPlugin.uplugin" 457
"../../../Engine/Plugins/Animation/TweeningUtils/TweeningUtils.uplugin" 458
"../../../Engine/Plugins/Experimental/CineCameraRigs/CineCameraRigs.uplugin" 459
"../../../Engine/Plugins/Experimental/CodeView/CodeView.uplugin" 460
"../../../Engine/Plugins/Experimental/CommonConversation/CommonConversation.uplugin" 461
"../../../Engine/Plugins/Experimental/DaySequence/DaySequence.uplugin" 462
"../../../Engine/Plugins/Experimental/ColorCorrectRegions/ColorCorrectRegions.uplugin" 463
"../../../Engine/Plugins/Experimental/ControlFlows/ControlFlows.uplugin" 464
"../../../Engine/Plugins/Experimental/AnimNext/AnimNext.uplugin" 465
"../../../Engine/Plugins/Experimental/DefaultInstallBundleManager/DefaultInstallBundleManager.uplugin" 466
"../../../Engine/Plugins/Experimental/CinematicPrestreaming/CinematicPrestreaming.uplugin" 467
"../../../Engine/Plugins/Experimental/EditorDataStorageFeatures/EditorDataStorageFeatures.uplugin" 468
"../../../Engine/Plugins/Experimental/DynamicMaterialMediaStreamBridge/DynamicMaterialMediaStreamBridge.uplugin" 469
"../../../Engine/Plugins/Experimental/EditorPerformance/EditorPerformance.uplugin" 470
"../../../Engine/Plugins/Experimental/EditorDataStorage/EditorDataStorage.uplugin" 471
"../../../Engine/Plugins/Experimental/DataLinkOAuth/DataLinkOAuth.uplugin" 472
"../../../Engine/Plugins/Experimental/Dataflow/Dataflow.uplugin" 473
"../../../Engine/Plugins/Experimental/DataLink/DataLink.uplugin" 474
"../../../Engine/Plugins/Editor/LiveUpdateForSlate/LiveUpdateForSlate.uplugin" 475
"../../../Engine/Plugins/Experimental/FloatingProperties/FloatingProperties.uplugin" 476
"../../../Engine/Plugins/Editor/UVEditor/UVEditor.uplugin" 477
"../../../Engine/Plugins/Experimental/Fracture/Fracture.uplugin" 478
"../../../Engine/Plugins/Experimental/GameplayBehaviors/GameplayBehaviors.uplugin" 479
"../../../Engine/Plugins/Experimental/GeometryCacheAbcFile/GeometryCacheAbcFile.uplugin" 480
"../../../Engine/Plugins/Experimental/GameInputWindows/GameInputWindows.uplugin" 481
"../../../Engine/Plugins/Experimental/ChaosCaching/ChaosCaching.uplugin" 482
"../../../Engine/Plugins/Editor/SpeedTreeImporter/SpeedTreeImporter.uplugin" 483
"../../../Engine/Plugins/Experimental/GeometryDataflow/GeometryDataflow.uplugin" 484
"../../../Engine/Plugins/Experimental/GeometryFlow/GeometryFlow.uplugin" 485
"../../../Engine/Plugins/Experimental/GeometryCollectionPlugin/GeometryCollectionPlugin.uplugin" 486
"../../../Engine/Plugins/Experimental/EditorTelemetry/EditorTelemetry.uplugin" 487
"../../../Engine/Plugins/Experimental/FullBodyIK/FullBodyIK.uplugin" 488
"../../../Engine/Plugins/Experimental/FastGeoStreaming/FastGeoStreaming.uplugin" 489
"../../../Engine/Plugins/Experimental/GameplayGraph/GameplayGraph.uplugin" 490
"../../../Engine/Plugins/Experimental/HairStrandsMutable/HairStrandsMutable.uplugin" 491
"../../../Engine/Plugins/Experimental/GizmoEdMode/GizmoEdMode.uplugin" 492
"../../../Engine/Plugins/Experimental/GeometryCacheLevelSequenceBaker/GeometryCacheLevelSequenceBaker.uplugin" 493
"../../../Engine/Plugins/Experimental/ImageWidgets/ImageWidgets.uplugin" 494
"../../../Engine/Plugins/Editor/GeometryMode/GeometryMode.uplugin" 495
"../../../Engine/Plugins/Experimental/Landmass/Landmass.uplugin" 496
"../../../Engine/Plugins/Experimental/InlineMaterialInstance/InlineMaterialInstance.uplugin" 497
"../../../Engine/Plugins/Experimental/LandscapePatch/LandscapePatch.uplugin" 498
"../../../Engine/Plugins/Experimental/LowLevelNetTrace/LowLevelNetTrace.uplugin" 499
"../../../Engine/Plugins/Experimental/AvalancheSceneState/AvalancheSceneState.uplugin" 500
"../../../Engine/Plugins/Experimental/MeshModelingToolsetExp/MeshModelingToolsetExp.uplugin" 501
"../../../Engine/Plugins/Experimental/LocalizableMessage/LocalizableMessage.uplugin" 502
"../../../Engine/Plugins/Experimental/Iris/Iris.uplugin" 503
"../../../Engine/Plugins/Experimental/JWT/JWT.uplugin" 504
"../../../Engine/Plugins/Experimental/Gauntlet/Gauntlet.uplugin" 505
"../../../Engine/Plugins/Experimental/InstanceDataObjectFixupTool/InstanceDataObjectFixupTool.uplugin" 506
"../../../Engine/Plugins/Experimental/ImagePlate/ImagePlate.uplugin" 507
"../../../Engine/Plugins/Experimental/LiveLinkFaceImporter/LiveLinkFaceImporter.uplugin" 508
"../../../Engine/Plugins/Experimental/LiveLinkControlRig/LiveLinkControlRig.uplugin" 509
"../../../Engine/Plugins/Experimental/MediaStream/MediaStream.uplugin" 510
"../../../Engine/Plugins/Experimental/LiveLinkOpenVR/LiveLinkOpenVR.uplugin" 511
"../../../Engine/Plugins/Experimental/HairModelingToolset/HairModelingToolset.uplugin" 512
"../../../Engine/Plugins/Experimental/InteractionInterface/InteractionInterface.uplugin" 513
"../../../Engine/Plugins/Experimental/LearningAgents/LearningAgents.uplugin" 514
"../../../Engine/Plugins/Experimental/MetasoundExperimental/MetasoundExperimental.uplugin" 515
"../../../Engine/Plugins/Experimental/MediaViewer/MediaViewer.uplugin" 516
"../../../Engine/Plugins/Experimental/MotorSimOutputMotoSynth/MotorSimOutputMotoSynth.uplugin" 517
"../../../Engine/Plugins/Experimental/MLflow/MLflow.uplugin" 518
"../../../Engine/Plugins/Experimental/LevelSequenceNavigatorBridge/LevelSequenceNavigatorBridge.uplugin" 519
"../../../Engine/Plugins/Experimental/Mover/Mover.uplugin" 520
"../../../Engine/Plugins/Experimental/CodeEditor/CodeEditor.uplugin" 521
"../../../Engine/Plugins/Experimental/MoverAnimNext/MoverAnimNext.uplugin" 522
"../../../Engine/Plugins/Experimental/MotoSynth/MotoSynth.uplugin" 523
"../../../Engine/Plugins/Experimental/MeshResizing/MeshResizing.uplugin" 524
"../../../Engine/Plugins/Experimental/MutableClothing/MutableClothing.uplugin" 525
"../../../Engine/Plugins/Experimental/MovieScenePoseSearchTracks/MovieScenePoseSearchTracks.uplugin" 526
"../../../Engine/Plugins/Experimental/NeuralRendering/NeuralRendering.uplugin" 527
"../../../Engine/Plugins/Experimental/NFORDenoise/NFORDenoise.uplugin" 528
"../../../Engine/Plugins/Experimental/NNERuntimeBasicCpu/NNERuntimeBasicCpu.uplugin" 529
"../../../Engine/Plugins/Experimental/MutablePopulation/MutablePopulation.uplugin" 530
"../../../Engine/Plugins/Experimental/MoverExamples/MoverExamples.uplugin" 531
"../../../Engine/Plugins/Experimental/AnimNextControlRig/AnimNextControlRig.uplugin" 532
"../../../Engine/Plugins/Experimental/MoverIntegrations/MoverIntegrations.uplugin" 533
"../../../Engine/Plugins/Experimental/MovieSceneAnimMixer/MovieSceneAnimMixer.uplugin" 534
"../../../Engine/Plugins/Experimental/OpenImageDenoise/OpenImageDenoise.uplugin" 535
"../../../Engine/Plugins/Experimental/PCGBiomeSample/PCGBiomeSample.uplugin" 536
"../../../Engine/Plugins/Experimental/NaniteDisplacedMesh/NaniteDisplacedMesh.uplugin" 537
"../../../Engine/Plugins/Experimental/PanoramicCapture/PanoramicCapture.uplugin" 538
"../../../Engine/Plugins/Experimental/NNERuntimeIREE/NNERuntimeIREE.uplugin" 539
"../../../Engine/Plugins/Experimental/PCGBiomeCore/PCGBiomeCore.uplugin" 540
"../../../Engine/Plugins/Experimental/FieldSystemPlugin/FieldSystemPlugin.uplugin" 541
"../../../Engine/Plugins/Experimental/MoverTests/MoverTests.uplugin" 542
"../../../Engine/Plugins/Experimental/NNERuntimeCoreML/NNERuntimeCoreML.uplugin" 543
"../../../Engine/Plugins/Experimental/PlainPropsUObject/PlainPropsUObject.uplugin" 544
"../../../Engine/Plugins/Experimental/NNERuntimeRDG/NNERuntimeRDG.uplugin" 545
"../../../Engine/Plugins/Experimental/PluginReferenceViewer/PluginReferenceViewer.uplugin" 546
"../../../Engine/Plugins/Experimental/PluginAudit/PluginAudit.uplugin" 547
"../../../Engine/Plugins/Experimental/PlanarCutPlugin/PlanarCut.uplugin" 548
"../../../Engine/Plugins/Experimental/PlatformCrypto/PlatformCrypto.uplugin" 549
"../../../Engine/Plugins/Experimental/PhysicsControl/PhysicsControl.uplugin" 550
"../../../Engine/Plugins/Experimental/ImpostorBaker/ImpostorBaker.uplugin" 551
"../../../Engine/Plugins/Experimental/PSDImporter/PSDImporter.uplugin" 552
"../../../Engine/Plugins/Experimental/EvaluationNotifies/EvaluationNotifies.uplugin" 553
"../../../Engine/Plugins/Experimental/OptiXDenoise/OptiXDenoise.uplugin" 554
"../../../Engine/Plugins/Experimental/PixelStreamingPlayer/PixelStreamingPlayer.uplugin" 555
"../../../Engine/Plugins/Experimental/PythonScriptPlugin/PythonScriptPlugin.uplugin" 556
"../../../Engine/Plugins/Experimental/PythonFoundationPackages/PythonFoundationPackages.uplugin" 557
"../../../Engine/Plugins/Experimental/QuicMessaging/QuicMessaging.uplugin" 558
"../../../Engine/Plugins/Experimental/RemoteControlComponents/RemoteControlComponents.uplugin" 559
"../../../Engine/Plugins/Experimental/AnimNextChooser/AnimNextChooser.uplugin" 560
"../../../Engine/Plugins/Experimental/PluginTemplateTool/PluginTemplateTool.uplugin" 561
"../../../Engine/Plugins/Experimental/RuntimeTelemetry/RuntimeTelemetry.uplugin" 562
"../../../Engine/Plugins/Experimental/RigLogicMutable/RigLogicMutable.uplugin" 563
"../../../Engine/Plugins/Experimental/RazerChromaDevices/RazerChromaDevices.uplugin" 564
"../../../Engine/Plugins/Experimental/RenderGrid/RenderGrid.uplugin" 565
"../../../Engine/Plugins/Experimental/RawInput/RawInput.uplugin" 566
"../../../Engine/Plugins/Experimental/GizmoFramework/GizmoFramework.uplugin" 567
"../../../Engine/Plugins/Experimental/SerializationUtils/SerializationUtils.uplugin" 568
"../../../Engine/Plugins/Experimental/RigLogicAnimNext/RigLogicAnimNext.uplugin" 569
"../../../Engine/Plugins/Experimental/SkeletalReduction/SkeletalReduction.uplugin" 570
"../../../Engine/Plugins/Experimental/SceneState/SceneState.uplugin" 571
"../../../Engine/Plugins/Experimental/ScreenReader/ScreenReader.uplugin" 572
"../../../Engine/Plugins/Experimental/SlateIM/SlateIM.uplugin" 573
"../../../Engine/Plugins/Experimental/GameplayTargetingSystem/TargetingSystem.uplugin" 574
"../../../Engine/Plugins/Experimental/SpatialReadiness/SpatialReadiness.uplugin" 575
"../../../Engine/Plugins/Experimental/PostProcessMaterialChainGraph/PostProcessMaterialChainGraph.uplugin" 576
"../../../Engine/Plugins/Experimental/SubmitToolEditor/SubmitToolEditor.uplugin" 577
"../../../Engine/Plugins/Experimental/PSDImporterMaterialDesignerBridge/PSDImporterMaterialDesignerBridge.uplugin" 578
"../../../Engine/Plugins/Experimental/PlainProps/PlainProps.uplugin" 579
"../../../Engine/Plugins/Experimental/Shotgrid/Shotgrid.uplugin" 580
"../../../Engine/Plugins/Experimental/SequenceNavigator/SequenceNavigator.uplugin" 581
"../../../Engine/Plugins/Experimental/SlateScreenReader/SlateScreenReader.uplugin" 582
"../../../Engine/Plugins/Experimental/TargetDeviceServicesScripting/TargetDeviceServicesScripting.uplugin" 583
"../../../Engine/Plugins/Experimental/RemoteSession/RemoteSession.uplugin" 584
"../../../Engine/Plugins/Experimental/StateGraph/StateGraph.uplugin" 585
"../../../Engine/Plugins/Experimental/TextToSpeech/TextToSpeech.uplugin" 586
"../../../Engine/Plugins/Experimental/SlateModelViewViewModel/SlateModelViewViewModel.uplugin" 587
"../../../Engine/Plugins/Experimental/UserToolBoxCore/UserToolBoxCore.uplugin" 588
"../../../Engine/Plugins/Experimental/Tensorboard/Tensorboard.uplugin" 589
"../../../Engine/Plugins/Experimental/StructUtils/StructUtils.uplugin" 590
"../../../Engine/Plugins/Experimental/Text3D/Text3D.uplugin" 591
"../../../Engine/Plugins/Experimental/VirtualProductionUtilities/VirtualProductionUtilities.uplugin" 592
"../../../Engine/Plugins/Experimental/SurfaceEffects/SurfaceEffects.uplugin" 593
"../../../Engine/Plugins/Experimental/TextureMediaPlayer/TextureMediaPlayer.uplugin" 594
"../../../Engine/Plugins/Experimental/SecuritySandbox/SecuritySandbox.uplugin" 595
"../../../Engine/Plugins/Experimental/UIFramework/UIFramework.uplugin" 596
"../../../Engine/Plugins/Experimental/HairCardGenerator/HairCardGenerator.uplugin" 597
"../../../Engine/Plugins/Experimental/WidgetEditorToolPalette/WidgetEditorToolPalette.uplugin" 598
"../../../Engine/Plugins/Experimental/TetMeshing/TetMeshing.uplugin" 599
"../../../Engine/Plugins/Experimental/Water/Water.uplugin" 600
"../../../Engine/Plugins/Experimental/SVGImporter/SVGImporter.uplugin" 601
"../../../Engine/Plugins/Experimental/Volumetrics/Volumetrics.uplugin" 602
"../../../Engine/Plugins/Experimental/TechAudioTools/TechAudioTools.uplugin" 603
"../../../Engine/Plugins/Experimental/ToolPresets/ToolPresets.uplugin" 604
"../../../Engine/Plugins/Experimental/XRCreativeFramework/XRCreativeFramework.uplugin" 605
"../../../Engine/Plugins/Experimental/Workspace/Workspace.uplugin" 606
"../../../Engine/Plugins/MovieScene/SequencerScripting/SequencerScripting.uplugin" 607
"../../../Engine/Plugins/Experimental/WebSocketMessaging/WebSocketMessaging.uplugin" 608
"../../../Engine/Plugins/Experimental/WaterExtras/WaterExtras.uplugin" 609
"../../../Engine/Plugins/Experimental/WaveFunctionCollapse/WaveFunctionCollapse.uplugin" 610
"../../../Engine/Plugins/Experimental/VirtualHeightfieldMesh/VirtualHeightfieldMesh.uplugin" 611
"../../../Engine/Plugins/NNE/NNERuntimeORT/NNERuntimeORT.uplugin" 612
"../../../Engine/Plugins/Experimental/WebSocketNetworking/WebSocketNetworking.uplugin" 613
"../../../Engine/Plugins/Experimental/SubtitlesAndClosedCaptions/SubtitlesAndClosedCaptions.uplugin" 614
"../../../Engine/Plugins/Experimental/WaterAdvanced/WaterAdvanced.uplugin" 615
"../../../Engine/Plugins/MovieScene/MovieSceneTextTrack/MovieSceneTextTrack.uplugin" 616
"../../../Engine/Plugins/MovieScene/ReplayTracks/ReplayTracks.uplugin" 617
"../../../Engine/Plugins/MovieScene/ActorSequence/ActorSequence.uplugin" 618
"../../../Engine/Plugins/Marketplace/Figma2UM017a6d2c00e4V5/Figma2UMG.uplugin" 619
"../../../Engine/Plugins/Interchange/Extensions/OpenVDB/InterchangeOpenVDB.uplugin" 620
"../../../Engine/Plugins/Experimental/GPULightmass/GPULightmass.uplugin" 621
"../../../Engine/Plugins/Experimental/UserToolBoxBasicCommand/UserToolBoxBasicCommand.uplugin" 622
"../../../Engine/Plugins/NNE/NNEDenoiser/NNEDenoiser.uplugin" 623
"../../../Engine/Plugins/MovieScene/CustomizableSequencerTracks/CustomizableSequencerTracks.uplugin" 624
"../../../Engine/Plugins/VirtualProduction/DMX/DMXControlConsole/DMXControlConsole.uplugin" 625
"../../../Engine/Plugins/MovieScene/MoviePipelineMaskRenderPass/MoviePipelineMaskRenderPass.uplugin" 626
"../../../Engine/Plugins/VirtualProduction/DMX/DMXDisplayCluster/DMXDisplayCluster.uplugin" 627
"../../../Engine/Plugins/VirtualProduction/DMX/DMXProtocol/DMXProtocol.uplugin" 628
"../../../Engine/Plugins/Experimental/SimpleHMD/SimpleHMD.uplugin" 629
"../../../Engine/Plugins/VirtualProduction/DMX/DMXFixtures/DMXFixtures.uplugin" 630
"../../../Engine/Plugins/VirtualProduction/DMX/DMXModularFeatures/DMXModularFeatures.uplugin" 631
"../../../Engine/Plugins/MovieScene/MovieRenderPipeline/MovieRenderPipeline.uplugin" 632
"../../../Engine/Plugins/Experimental/VirtualProduction/VPRoles/VPRoles.uplugin" 633
"../../../Engine/Plugins/Experimental/VirtualProduction/VPSettings/VPSettings.uplugin" 634
"../../../Engine/Plugins/MovieScene/LevelSequenceEditor/LevelSequenceEditor.uplugin" 635
"../../../Engine/Plugins/Runtime/MeshReconstruction/DummyMeshReconstructor/DummyMeshReconstructor.uplugin" 636
"../../../Engine/Plugins/VirtualProduction/CaptureManager/CaptureManagerApp/CaptureManagerApp.uplugin" 637
"../../../Engine/Plugins/VirtualProduction/DMX/DMXGDTF/DMXGDTF.uplugin" 638
"../../../Engine/Plugins/VirtualProduction/CaptureManager/CaptureManagerDevices/CaptureManagerDevices.uplugin" 639
"../../../Engine/Plugins/Runtime/Advertising/IOSTapJoy/IOSTapJoy.uplugin" 640
"../../../Engine/Plugins/Runtime/PacketHandlers/AESGCMHandlerComponent/AESGCMHandlerComponent.uplugin" 641
"../../../Engine/Plugins/Experimental/MetaHuman/MetaHumanRuntime/MetaHumanRuntime.uplugin" 642
"../../../Engine/Plugins/Editor/ObjectMixer/LightMixer/LightMixer.uplugin" 643
"../../../Engine/Plugins/VirtualProduction/CaptureManager/CaptureManagerCore/CaptureManagerCore.uplugin" 644
"../../../Engine/Plugins/VirtualProduction/DMX/DMXPixelMapping/DMXPixelMapping.uplugin" 645
"../../../Engine/Plugins/Editor/ObjectMixer/ObjectMixer/ObjectMixer.uplugin" 646
"../../../Engine/Plugins/Runtime/PacketHandlers/AESHandlerComponent/AESHandlerComponent.uplugin" 647
"../../../Engine/Plugins/Runtime/Database/ADOSupport/ADOSupport.uplugin" 648
"../../../Engine/Plugins/Developer/Concert/ConcertMain/ConcertMain.uplugin" 649
"../../../Engine/Plugins/VirtualProduction/DMX/DMXEngine/DMXEngine.uplugin" 650
"../../../Engine/Plugins/Online/Android/OnlineSubsystemGooglePlay/OnlineSubsystemGooglePlay.uplugin" 651
"../../../Engine/Plugins/MovieScene/TemplateSequence/TemplateSequence.uplugin" 652
"../../../Engine/Plugins/Runtime/Steam/SteamController/SteamController.uplugin" 653
"../../../Engine/Plugins/Runtime/Database/DatabaseSupport/DatabaseSupport.uplugin" 654
"../../../Engine/Plugins/Runtime/Database/SQLiteCore/SQLiteCore.uplugin" 655
"../../../Engine/Plugins/Experimental/VirtualProduction/LedWallCalibration/LedWallCalibration.uplugin" 656
"../../../Engine/Plugins/Runtime/Database/SQLiteSupport/SQLiteSupport.uplugin" 657
"../../../Engine/Plugins/Runtime/Database/RemoteDatabaseSupport/RemoteDatabaseSupport.uplugin" 658
"../../../Engine/Plugins/VirtualProduction/CaptureManager/CaptureManagerEditor/CaptureManagerEditor.uplugin" 659
"../../../Engine/Plugins/Portal/LauncherChunkInstaller/LauncherChunkInstaller.uplugin" 660
"../../../Engine/Plugins/Experimental/Animation/CurveExpression/CurveExpression.uplugin" 661
"../../../Engine/Plugins/Runtime/Steam/SteamSockets/SteamSockets.uplugin" 662
"../../../Engine/Plugins/Experimental/Animation/HierarchyTableAnimation/HierarchyTableAnimation.uplugin" 663
"../../../Engine/Plugins/Experimental/Enterprise/DataprepGeometryOperations/DataprepGeometryOperations.uplugin" 664
"../../../Engine/Plugins/Runtime/PacketHandlers/DTLSHandlerComponent/DTLSHandlerComponent.uplugin" 665
"../../../Engine/Plugins/Experimental/CharacterFXEditor/ExampleCharacterFXEditor/ExampleCharacterFXEditor.uplugin" 666
"../../../Engine/Plugins/Runtime/Steam/SteamAudio/SteamAudio.uplugin" 667
"../../../Engine/Plugins/Experimental/Enterprise/DatasmithInterchange/DatasmithInterchange.uplugin" 668
"../../../Engine/Plugins/Experimental/Enterprise/DatasmithRuntime/DatasmithRuntime.uplugin" 669
"../../../Engine/Plugins/Experimental/Animation/SkeletalMeshMorphTargetEditingTools/SkeletalMeshMorphTargetEditingTools.uplugin" 670
"../../../Engine/Plugins/Experimental/Animation/Optimus/Optimus.uplugin" 671
"../../../Engine/Plugins/Experimental/CharacterFXEditor/BaseCharacterFXEditor/BaseCharacterFXEditor.uplugin" 672
"../../../Engine/Plugins/Experimental/AVCodecs/NVCodecs/NVCodecs.uplugin" 673
"../../../Engine/Plugins/Experimental/Animation/HierarchyTable/HierarchyTable.uplugin" 674
"../../../Engine/Plugins/Runtime/Nvidia/Reflex/Reflex.uplugin" 675
"../../../Engine/Plugins/Experimental/Animation/ContextualAnimation/ContextualAnimation.uplugin" 676
"../../../Engine/Plugins/Experimental/AVCodecs/WMFCodecs/WMFCodecs.uplugin" 677
"../../../Engine/Plugins/Experimental/AVCodecs/VTCodecs/VTCodecs.uplugin" 678
"../../../Engine/Plugins/Experimental/Animation/RigMapper/RigMapper.uplugin" 679
"../../../Engine/Plugins/Experimental/AVCodecs/LibVpxCodecs/LibVpxCodecs.uplugin" 680
"../../../Engine/Plugins/Animation/MLDeformer/ChaosClothGenerator/ChaosClothGenerator.uplugin" 681
"../../../Engine/Plugins/Animation/MLDeformer/MLDeformerFramework/MLDeformerFramework.uplugin" 682
"../../../Engine/Plugins/Experimental/Animation/MotionTrajectory/MotionTrajectory.uplugin" 683
"../../../Engine/Plugins/Runtime/Nvidia/GeForceNOWWrapper/GeForceNOWWrapper.uplugin" 684
"../../../Engine/Plugins/Experimental/Animation/Locomotor/Locomotor.uplugin" 685
"../../../Engine/Plugins/Runtime/Steam/SteamShared/SteamShared.uplugin" 686
"../../../Engine/Plugins/Experimental/Animation/TrajectoryTools/TrajectoryTools.uplugin" 687
"../../../Engine/Plugins/Runtime/XR/XRVisualization/XRVisualization.uplugin" 688
"../../../Engine/Plugins/Runtime/AR/ARUtilities/ARUtilities.uplugin" 689
"../../../Engine/Plugins/Experimental/AVCodecs/AVCodecsCore/AVCodecsCore.uplugin" 690
"../../../Engine/Plugins/Animation/MLDeformer/NeuralMorphModel/NeuralMorphModel.uplugin" 691
"../../../Engine/Plugins/Experimental/Animation/SkeletonTemplateFramework/SkeletonTemplateFramework.uplugin" 692
"../../../Engine/Plugins/Runtime/Windows/WinDualShock/WinDualShock.uplugin" 693
"../../../Engine/Plugins/Experimental/Compositing/CompositeCore/CompositeCore.uplugin" 694
"../../../Engine/Plugins/Runtime/XR/XRScribe/XRScribe.uplugin" 695
"../../../Engine/Plugins/VirtualProduction/Rivermax/RivermaxSync/RivermaxSync.uplugin" 696
"../../../Engine/Plugins/Animation/MLDeformer/VertexDeltaModel/VertexDeltaModel.uplugin" 697
"../../../Engine/Plugins/Experimental/Compositing/HoldoutComposite/HoldoutComposite.uplugin" 698
"../../../Engine/Plugins/Editor/ContentBrowser/ContentBrowserAssetDataSource/ContentBrowserAssetDataSource.uplugin" 699
"../../../Engine/Plugins/Interchange/Extensions/OpenUSD/InterchangeOpenUSD.uplugin" 700
"../../../Engine/Plugins/Experimental/PCGInterops/PCGWaterInterop/PCGWaterInterop.uplugin" 701
"../../../Engine/Plugins/Experimental/PCGInterops/PCGInstancedActorsInterop/PCGInstancedActorsInterop.uplugin" 702
"../../../Engine/Plugins/Runtime/Analytics/Adjust/Adjust.uplugin" 703
"../../../Engine/Plugins/Experimental/AVCodecs/AMFCodecs/AMFCodecs.uplugin" 704
"../../../Engine/Plugins/Animation/MLDeformer/ChaosFleshGenerator/ChaosFleshGenerator.uplugin" 705
"../../../Engine/Plugins/Editor/Localization/PortableObjectFileDataSource/PortableObjectFileDataSource.uplugin" 706
"../../../Engine/Plugins/VirtualProduction/DMX/DatasmithMVR/DatasmithMVR.uplugin" 707
"../../../Engine/Plugins/Experimental/PCGInterops/PCGNiagaraInterop/PCGNiagaraInterop.uplugin" 708
"../../../Engine/Plugins/VirtualProduction/Rivermax/RivermaxMedia/RivermaxMedia.uplugin" 709
"../../../Engine/Plugins/Editor/ContentBrowser/ContentBrowserAliasDataSource/ContentBrowserAliasDataSource.uplugin" 710
"../../../Engine/Plugins/Online/VoiceChat/EOSVoiceChat/EOSVoiceChat.uplugin" 711
"../../../Engine/Plugins/Online/VoiceChat/VoiceChat/VoiceChat.uplugin" 712
"../../../Engine/Plugins/Online/Android/AndroidFetchBackgroundDownload/AndroidFetchBackgroundDownload.uplugin" 713
"../../../Engine/Plugins/VirtualProduction/Rivermax/RivermaxCore/RivermaxCore.uplugin" 714
"../../../Engine/Plugins/Developer/Concert/ConcertSync/ConcertSyncClient/ConcertSyncClient.uplugin" 715
"../../../Engine/Plugins/Developer/Concert/ConcertSync/ConcertSyncCore/ConcertSyncCore.uplugin" 716
"../../../Engine/Plugins/Developer/Concert/ConcertSync/ConcertSyncTest/ConcertSyncTest.uplugin" 717
"../../../Engine/Plugins/Experimental/Web/WebAPI/WebAPI.uplugin" 718
"../../../Engine/Plugins/Developer/Concert/ConcertApp/MultiUserClient/MultiUserClient.uplugin" 719
"../../../Engine/Plugins/Runtime/Windows/XInputDevice/XInputDevice.uplugin" 720
"../../../Engine/Plugins/Runtime/AR/AppleAR/AppleARKit/AppleARKit.uplugin" 721
"../../../Engine/Plugins/Developer/Concert/ConcertInsights/ConcertInsightsServer/ConcertInsightsServer.uplugin" 722
"../../../Engine/Plugins/Developer/Concert/ConcertApp/DisasterRecoveryClient/DisasterRecoveryClient.uplugin" 723
"../../../Engine/Plugins/Developer/Concert/ConcertApp/MultiUserServer/MultiUserServer.uplugin" 724
"../../../Engine/Plugins/Runtime/AR/AppleAR/AppleARKitFaceSupport/AppleARKitFaceSupport.uplugin" 725
"../../../Engine/Plugins/Developer/Concert/ConcertUI/ConcertSharedSlate/ConcertSharedSlate.uplugin" 726
"../../../Engine/Plugins/Developer/Concert/ConcertInsights/ConcertInsightsVisualizer/ConcertInsightsVisualizer.uplugin" 727
"../../../Engine/Plugins/Developer/Concert/ConcertInsights/ConcertInsightsCore/ConcertInsightsCore.uplugin" 728
"../../../Engine/Plugins/Developer/Concert/ConcertScripting/ConcertReplicationScripting/ConcertReplicationScripting.uplugin" 729
"../../../Engine/Plugins/Animation/MLDeformer/NearestNeighborModel/NearestNeighborModel.uplugin" 730
"../../../Engine/Plugins/Runtime/AR/Google/GoogleARCore/GoogleARCore.uplugin" 731
"../../../Engine/Plugins/Developer/Concert/ConcertSync/ConcertSyncServer/ConcertSyncServer.uplugin" 732
"../../../Engine/Plugins/Experimental/Animation/PackedAttributes/PackedAttributes.uplugin" 733
"../../../Engine/Plugins/Runtime/Analytics/AnalyticsMulticast/AnalyticsMulticast.uplugin" 734
"../../../Engine/Plugins/Runtime/Analytics/AnalyticsBlueprintLibrary/AnalyticsBlueprintLibrary.uplugin" 735
"../../../Engine/Plugins/Runtime/AR/Google/GoogleARCoreServices/GoogleARCoreServices.uplugin" 736
"../../../Engine/Plugins/Experimental/Animation/MLDeformer/DetailPoseModel/DetailPoseModel.uplugin" 737
"../../../Engine/Plugins/Editor/ContentBrowser/ContentBrowserClassDataSource/ContentBrowserClassDataSource.uplugin" 738
"../../../Engine/Plugins/Online/IOS/OnlineSubsystemIOS/OnlineSubsystemIOS.uplugin" 739
"../../../Engine/Plugins/Developer/Concert/ConcertInsights/ConcertInsightsClient/ConcertInsightsClient.uplugin" 740
"../../../Engine/Plugins/Editor/ContentBrowser/ContentBrowserFileDataSource/ContentBrowserFileDataSource.uplugin" 741
"../../../Engine/Plugins/Developer/Concert/ConcertUI/ConcertClientSharedSlate/ConcertClientSharedSlate.uplugin" 742
"../../../Engine/Plugins/Runtime/Analytics/FileLogging/FileLogging.uplugin" 743
"../../../Engine/Platforms/Android/Plugins/RigLogic/RigLogic_Android.uplugin" 744
"../../../Engine/Platforms/Android/Plugins/Animation/ACLPlugin/ACLPlugin_Android.uplugin" 745
"../../../Engine/Platforms/IOS/Plugins/RigLogic/RigLogic_IOS.uplugin" 746
"../../../Engine/Content/Internationalization/icudt64l/cnvalias.icu" 747
"../../../Engine/Content/Internationalization/icudt64l/res_index.res" 748
"../../../Engine/Content/Internationalization/icudt64l/plurals.res" 749
"../../../Engine/Content/Internationalization/icudt64l/lang/es.res" 750
"../../../Engine/Content/Internationalization/icudt64l/lang/pool.res" 751
"../../../Engine/Content/Internationalization/icudt64l/lang/root.res" 752
"../../../Engine/Content/Internationalization/icudt64l/region/es.res" 753
"../../../Engine/Content/Internationalization/icudt64l/region/pool.res" 754
"../../../Engine/Content/Internationalization/icudt64l/region/root.res" 755
"../../../Engine/Content/Internationalization/icudt64l/lang/en.res" 756
"../../../Engine/Content/Internationalization/icudt64l/region/en.res" 757
"../../../Engine/Content/Internationalization/icudt64l/windowsZones.res" 758
"../../../Engine/Content/Internationalization/icudt64l/zoneinfo64.res" 759
"../../../Engine/Content/Internationalization/icudt64l/keyTypeData.res" 760
"../../../Engine/Content/Internationalization/icudt64l/timezoneTypes.res" 761
"../../../Engine/Content/Internationalization/icudt64l/likelySubtags.res" 762
"../../../Engine/Content/Internationalization/icudt64l/es_ES.res" 763
"../../../Engine/Content/Internationalization/icudt64l/pool.res" 764
"../../../Engine/Content/Internationalization/icudt64l/es.res" 765
"../../../Engine/Content/Internationalization/icudt64l/root.res" 766
"../../../Engine/Content/Internationalization/icudt64l/supplementalData.res" 767
"../../../Engine/Config/ConfigRedirects.ini" 768
"C:/Users/maria/AppData/Local/UnrealEngine/5.6/Saved/Config/WindowsEditor/Manifest.ini" 769
"../../../Engine/Config/BaseEngine.ini" 770
"../../../Engine/Config/Windows/BaseWindowsEngine.ini" 771
"../../../../../../Users/maria/Desktop/proyecto II/AtaqueGamba/Config/DefaultEngine.ini" 772
"../../../Engine/Config/BaseGame.ini" 773
"../../../../../../Users/maria/Desktop/proyecto II/AtaqueGamba/Config/DefaultGame.ini" 774
"../../../Engine/Config/Windows/WindowsGame.ini" 775
"C:/Users/maria/Desktop/proyecto II/AtaqueGamba/Saved/Config/WindowsEditor/Game.ini" 776
"../../../Engine/Config/BaseInput.ini" 777
"../../../Engine/Config/Windows/BaseWindowsInput.ini" 778
"../../../../../../Users/maria/Desktop/proyecto II/AtaqueGamba/Config/DefaultInput.ini" 779
"../../../Engine/Config/Windows/WindowsInput.ini" 780
"../../../Engine/Config/BaseDeviceProfiles.ini" 781
"../../../Engine/Config/BaseGameUserSettings.ini" 782
"C:/Users/maria/Desktop/proyecto II/AtaqueGamba/Saved/Config/WindowsEditor/GameUserSettings.ini" 783
"../../../Engine/Config/BaseScalability.ini" 784
"../../../Engine/Config/BaseRuntimeOptions.ini" 785
"../../../Engine/Config/BaseInstallBundle.ini" 786
"../../../Engine/Config/BaseHardware.ini" 787
"../../../Engine/Config/BaseCompat.ini" 788
"../../../Engine/Config/BaseLightmass.ini" 789
"../../../Engine/Config/BaseEditor.ini" 790
"../../../../../../Users/maria/Desktop/proyecto II/AtaqueGamba/Config/DefaultEditor.ini" 791
"C:/Users/maria/Desktop/proyecto II/AtaqueGamba/Saved/Config/WindowsEditor/Editor.ini" 792
"../../../Engine/Config/BaseMaterialExpressions.ini" 793
"../../../Engine/Config/BaseEditorPerProjectUserSettings.ini" 794
"../../../Engine/Config/Windows/WindowsEditorPerProjectUserSettings.ini" 795
"C:/Users/maria/Desktop/proyecto II/AtaqueGamba/Saved/Config/WindowsEditor/EditorPerProjectUserSettings.ini" 796
"../../../Engine/Config/BaseEditorSettings.ini" 797
"../../../Engine/Config/Windows/WindowsEditorSettings.ini" 798
"C:/Users/maria/AppData/Local/UnrealEngine/5.6/Saved/Config/WindowsEditor/EditorSettings.ini" 799
"../../../Engine/Config/BaseEditorKeyBindings.ini" 800
"C:/Users/maria/AppData/Local/UnrealEngine/5.6/Saved/Config/WindowsEditor/EditorLayout.ini" 801
"../../../Engine/Binaries/Win64/BootstrapPackagedGame-Win64-Shipping.target" 802
"../../../Engine/Binaries/Win64/BuildPatchTool-Win64-Shipping.target" 803
"../../../Engine/Config/IOS/BaseIOSEngine.ini" 804
"../../../Engine/Binaries/Win64/CrashReportClient-Win64-Shipping.target" 805
"../../../Engine/Config/Mac/BaseMacEngine.ini" 806
"../../../Engine/Platforms/VisionOS/Config/BaseVisionOSEngine.ini" 807
"../../../Engine/Config/Linux/BaseLinuxEngine.ini" 808
"../../../Engine/Binaries/Win64/CrashReportClientEditor-Win64-Shipping.target" 809
"../../../Engine/Config/Android/BaseAndroidEngine.ini" 810
"../../../Engine/Platforms/VisionOS/Config/VisionOSEngine.ini" 811
"../../../Engine/Config/Unix/UnixEngine.ini" 812
"../../../Engine/Config/TVOS/TVOSEngine.ini" 813
"../../../Engine/Config/Linux/LinuxEngine.ini" 814
"../../../Engine/Binaries/Win64/DatasmithCADWorker.target" 815
"../../../Engine/Binaries/Win64/EpicWebHelper-Win64-Shipping.target" 816
"../../../Engine/Config/Android/AndroidEngine.ini" 817
"../../../Engine/Binaries/Win64/InterchangeWorker.target" 818
"../../../Engine/Binaries/Win64/LiveCodingConsole.target" 819
"../../../Engine/Binaries/Win64/LiveLinkHub.target" 820
"../../../Engine/Config/IOS/BaseIOSGame.ini" 821
"../../../Engine/Config/IOS/IOSGame.ini" 822
"../../../Engine/Config/Android/BaseAndroidGame.ini" 823
"../../../Engine/Config/Mac/MacGame.ini" 824
"../../../Engine/Config/Linux/LinuxGame.ini" 825
"../../../Engine/Config/IOS/BaseIOSInput.ini" 826
"../../../Engine/Config/Android/BaseAndroidInput.ini" 827
"../../../Engine/Config/Mac/BaseMacInput.ini" 828
"../../../Engine/Config/Android/AndroidScalability.ini" 829
"../../../Engine/Config/IOS/IOSScalability.ini" 830
"../../../Engine/Config/Android/BaseAndroidInstallBundle.ini" 831
"../../../Engine/Config/IOS/BaseIOSInstallBundle.ini" 832
"../../../Engine/Binaries/Win64/ShaderCompileWorker.target" 833
"../../../Engine/Binaries/Win64/SwitchboardListener.target" 834
"../../../Engine/Binaries/Win64/SwitchboardListenerHelper.target" 835
"../../../Engine/Binaries/Win64/UnrealEditor-Win64-DebugGame.target" 836
"../../../Engine/Binaries/Win64/UnrealEditor.target" 837
"../../../Engine/Config/PluginBase.ini" 838
"../../../Engine/Plugins/ChaosVD/Config/DefaultChaosVD.ini" 839
"../../../Engine/Plugins/EnhancedInput/Config/BaseEnhancedInput.ini" 840
"../../../Engine/Plugins/TraceUtilities/Config/BaseTraceUtilities.ini" 841
"../../../Engine/Plugins/Enterprise/DatasmithContent/Config/BaseDatasmithContent.ini" 842
"../../../Engine/Plugins/Enterprise/GLTFExporter/Config/BaseGLTFExporter.ini" 843
"../../../Engine/Plugins/Enterprise/GLTFExporter/Config/DefaultGLTFExporter.ini" 844
"../../../Engine/Plugins/Enterprise/VariantManagerContent/Config/BaseVariantManagerContent.ini" 845
"../../../Engine/Plugins/Interchange/Assets/Config/BaseInterchangeAssets.ini" 846
"../../../Engine/Plugins/Interchange/Runtime/Config/BaseInterchange.ini" 847
"../../../Engine/Plugins/MetaHuman/MetaHumanSDK/Config/BaseMetaHumanSDK.ini" 848
"../../../Engine/Plugins/FX/Niagara/Config/BaseNiagara.ini" 849
"C:/Users/maria/Desktop/proyecto II/AtaqueGamba/Saved/Config/WindowsEditor/Niagara.ini" 850
"../../../Engine/Plugins/Runtime/HairStrands/Config/BaseHairStrands.ini" 851
"../../../Engine/Plugins/Runtime/Metasound/Config/BaseMetasound.ini" 852
"../../../Engine/Plugins/Runtime/Metasound/Config/DefaultMetasound.ini" 853
"../../../Engine/Plugins/Runtime/PropertyBindingUtils/Config/BasePropertyBindingUtils.ini" 854
"../../../Engine/Plugins/Runtime/RigVM/Config/BaseRigVM.ini" 855
"../../../Engine/Plugins/Runtime/StateTree/Config/BaseStateTree.ini" 856
"../../../Engine/Plugins/Runtime/Synthesis/Config/BaseSynthesis.ini" 857
"../../../Engine/Plugins/VirtualProduction/CameraCalibrationCore/Config/BaseCameraCalibrationCore.ini" 858
"../../../Engine/Plugins/VirtualProduction/Takes/Config/BaseTakes.ini" 859
"../../../Engine/Plugins/2D/Paper2D/Config/BasePaper2D.ini" 860
"../../../Engine/Plugins/Animation/ControlRig/Config/BaseControlRig.ini" 861
"../../../Engine/Plugins/Animation/IKRig/Config/BaseIKRig.ini" 862
"../../../Engine/Plugins/Animation/DeformerGraph/Config/BaseDeformerGraph.ini" 863
"../../../Engine/Plugins/Cameras/GameplayCameras/Config/BaseGameplayCameras.ini" 864
"../../../Engine/Plugins/Editor/EditorScriptingUtilities/Config/BaseEditorScriptingUtilities.ini" 865
"../../../Engine/Plugins/Experimental/FullBodyIK/Config/BaseFullBodyIK.ini" 866
"../../../Engine/Plugins/Experimental/ToolPresets/Config/BaseToolPresets.ini" 867
"../../../Engine/Plugins/Experimental/Compositing/CompositeCore/Config/BaseCompositeCore.ini" 868
"../../../Engine/Plugins/ChaosVD/Config/Engine.ini" 869
"../../../Engine/Plugins/EnhancedInput/Config/Input.ini" 870
"../../../Engine/Plugins/Runtime/InputDebugging/Config/Input.ini" 871
"../../../Engine/Plugins/Runtime/Windows/XInputDevice/Config/Input.ini" 872
"../../../Engine/Plugins/Online/OnlineSubsystemUtils/Config/Editor.ini" 873
"../../../Engine/Plugins/Runtime/RigVM/Config/Editor.ini" 874
"../../../Engine/Plugins/NNE/NNEDenoiser/Config/Game.ini" 875
"../../../Engine/Plugins/Editor/ModelingToolsEditorMode/Binaries/Win64/UnrealEditor.modules" 876
"../../../Engine/Plugins/Runtime/MeshModelingToolset/Binaries/Win64/UnrealEditor.modules" 877
"../../../Engine/Plugins/Experimental/MeshModelingToolsetExp/Binaries/Win64/UnrealEditor.modules" 878
"../../../Engine/Plugins/Editor/MeshLODToolset/Binaries/Win64/UnrealEditor.modules" 879
"../../../Engine/Plugins/Experimental/ToolPresets/Binaries/Win64/UnrealEditor.modules" 880
"../../../Engine/Plugins/Editor/StylusInput/Binaries/Win64/UnrealEditor.modules" 881
"../../../Engine/Plugins/Runtime/GeometryProcessing/Binaries/Win64/UnrealEditor.modules" 882
"../../../Engine/Plugins/Editor/ProxyLODPlugin/Binaries/Win64/UnrealEditor.modules" 883
"../../../Engine/Plugins/Experimental/PlanarCutPlugin/Binaries/Win64/UnrealEditor.modules" 884
"../../../Engine/Plugins/Runtime/GeometryCache/Binaries/Win64/UnrealEditor.modules" 885
"../../../Engine/Plugins/Experimental/GeometryFlow/Binaries/Win64/UnrealEditor.modules" 886
"../../../Engine/Plugins/Editor/EditorScriptingUtilities/Binaries/Win64/UnrealEditor.modules" 887
"../../../Engine/Plugins/FX/Niagara/Binaries/Win64/UnrealEditor.modules" 888
"../../../Engine/Plugins/Experimental/PythonScriptPlugin/Binaries/Win64/UnrealEditor.modules" 889
"../../../Engine/Plugins/Editor/ContentBrowser/ContentBrowserFileDataSource/Binaries/Win64/UnrealEditor.modules" 890
"../../../Engine/Plugins/Marketplace/Figma2UM017a6d2c00e4V5/Binaries/Win64/UnrealEditor.modules" 891
"../../../Engine/Plugins/ChaosCloth/Binaries/Win64/UnrealEditor.modules" 892
"../../../Engine/Plugins/Experimental/ChaosCaching/Binaries/Win64/UnrealEditor.modules" 893
"../../../Engine/Plugins/VirtualProduction/Takes/Binaries/Win64/UnrealEditor.modules" 894
"../../../Engine/Plugins/Runtime/AudioCapture/Binaries/Win64/UnrealEditor.modules" 895
"../../../Engine/Plugins/MovieScene/LevelSequenceEditor/Binaries/Win64/UnrealEditor.modules" 896
"../../../Engine/Plugins/Developer/NamingTokens/Binaries/Win64/UnrealEditor.modules" 897
"../../../Engine/Plugins/MovieScene/SequencerScripting/Binaries/Win64/UnrealEditor.modules" 898
"../../../Engine/Plugins/Editor/EngineAssetDefinitions/Binaries/Win64/UnrealEditor.modules" 899
"../../../Engine/Plugins/ChaosInsights/Binaries/Win64/UnrealEditor.modules" 900
"../../../Engine/Plugins/ChaosVD/Binaries/Win64/UnrealEditor.modules" 901
"../../../Engine/Plugins/Experimental/EditorDataStorage/Binaries/Win64/UnrealEditor.modules" 902
"../../../Engine/Plugins/Experimental/EditorDataStorageFeatures/Binaries/Win64/UnrealEditor.modules" 903
"../../../Engine/Plugins/CmdLinkServer/Binaries/Win64/UnrealEditor.modules" 904
"../../../Engine/Plugins/EnhancedInput/Binaries/Win64/UnrealEditor.modules" 905
"../../../Engine/Plugins/Editor/DataValidation/Binaries/Win64/UnrealEditor.modules" 906
"../../../Engine/Plugins/FastBuildController/Binaries/Win64/UnrealEditor.modules" 907
"../../../Engine/Plugins/IoStoreInsights/Binaries/Win64/UnrealEditor.modules" 908
"../../../Engine/Plugins/MassInsights/Binaries/Win64/UnrealEditor.modules" 909
"../../../Engine/Plugins/MeshPainting/Binaries/Win64/UnrealEditor.modules" 910
"../../../Engine/Plugins/Interchange/Editor/Binaries/Win64/UnrealEditor.modules" 911
"../../../Engine/Plugins/Interchange/Runtime/Binaries/Win64/UnrealEditor.modules" 912
"../../../Engine/Plugins/Enterprise/VariantManagerContent/Binaries/Win64/UnrealEditor.modules" 913
"../../../Engine/Plugins/Enterprise/VariantManager/Binaries/Win64/UnrealEditor.modules" 914
"../../../Engine/Plugins/Interchange/Assets/Binaries/Win64/UnrealEditor.modules" 915
"../../../Engine/Plugins/RenderGraphInsights/Binaries/Win64/UnrealEditor.modules" 916
"../../../Engine/Plugins/TraceUtilities/Binaries/Win64/UnrealEditor.modules" 917
"../../../Engine/Plugins/UbaController/Binaries/Win64/UnrealEditor.modules" 918
"../../../Engine/Plugins/WorldMetrics/Binaries/Win64/UnrealEditor.modules" 919
"../../../Engine/Plugins/XGEController/Binaries/Win64/UnrealEditor.modules" 920
"../../../Engine/Plugins/Developer/AnimationSharing/Binaries/Win64/UnrealEditor.modules" 921
"../../../Engine/Plugins/Runtime/SignificanceManager/Binaries/Win64/UnrealEditor.modules" 922
"../../../Engine/Plugins/Developer/DumpGPUServices/Binaries/Win64/UnrealEditor.modules" 923
"../../../Engine/Plugins/Developer/CLionSourceCodeAccess/Binaries/Win64/UnrealEditor.modules" 924
"../../../Engine/Plugins/Developer/N10XSourceCodeAccess/Binaries/Win64/UnrealEditor.modules" 925
"../../../Engine/Plugins/Developer/GitSourceControl/Binaries/Win64/UnrealEditor.modules" 926
"../../../Engine/Plugins/Developer/PerforceSourceControl/Binaries/Win64/UnrealEditor.modules" 927
"../../../Engine/Plugins/Developer/PixWinPlugin/Binaries/Win64/UnrealEditor.modules" 928
"../../../Engine/Plugins/Developer/PlasticSourceControl/Binaries/Win64/UnrealEditor.modules" 929
"../../../Engine/Plugins/Developer/PropertyAccessNode/Binaries/Win64/UnrealEditor.modules" 930
"../../../Engine/Plugins/Runtime/PropertyAccess/Binaries/Win64/UnrealEditor.modules" 931
"../../../Engine/Plugins/Developer/RiderSourceCodeAccess/Binaries/Win64/UnrealEditor.modules" 932
"../../../Engine/Plugins/Developer/SubversionSourceControl/Binaries/Win64/UnrealEditor.modules" 933
"../../../Engine/Plugins/Developer/TextureFormatOodle/Binaries/Win64/UnrealEditor.modules" 934
"../../../Engine/Plugins/Developer/PluginUtils/Binaries/Win64/UnrealEditor.modules" 935
"../../../Engine/Plugins/Developer/RenderDocPlugin/Binaries/Win64/UnrealEditor.modules" 936
"../../../Engine/Plugins/Developer/ProjectLauncher/Binaries/Win64/UnrealEditor.modules" 937
"../../../Engine/Plugins/Developer/VisualStudioCodeSourceCodeAccess/Binaries/Win64/UnrealEditor.modules" 938
"../../../Engine/Plugins/Developer/UObjectPlugin/Binaries/Win64/UnrealEditor.modules" 939
"../../../Engine/Plugins/Developer/VisualStudioSourceCodeAccess/Binaries/Win64/UnrealEditor.modules" 940
"../../../Engine/Plugins/Enterprise/DatasmithContent/Binaries/Win64/UnrealEditor.modules" 941
"../../../Engine/Plugins/Enterprise/GLTFExporter/Binaries/Win64/UnrealEditor.modules" 942
"../../../Engine/Plugins/Importers/AlembicImporter/Binaries/Win64/UnrealEditor.modules" 943
"../../../Engine/Plugins/Media/AndroidMedia/Binaries/Win64/UnrealEditor.modules" 944
"../../../Engine/Plugins/Media/AvfMedia/Binaries/Win64/UnrealEditor.modules" 945
"../../../Engine/Plugins/Media/ImgMedia/Binaries/Win64/UnrealEditor.modules" 946
"../../../Engine/Plugins/Media/MediaPlayerEditor/Binaries/Win64/UnrealEditor.modules" 947
"../../../Engine/Plugins/Media/MediaCompositing/Binaries/Win64/UnrealEditor.modules" 948
"../../../Engine/Plugins/Media/MediaPlate/Binaries/Win64/UnrealEditor.modules" 949
"../../../Engine/Plugins/Experimental/Compositing/CompositeCore/Binaries/Win64/UnrealEditor.modules" 950
"../../../Engine/Plugins/Media/WmfMedia/Binaries/Win64/UnrealEditor.modules" 951
"../../../Engine/Plugins/MetaHuman/MetaHumanSDK/Binaries/Win64/UnrealEditor.modules" 952
"../../../Engine/Plugins/Animation/ControlRig/Binaries/Win64/UnrealEditor.modules" 953
"../../../Engine/Plugins/Runtime/HairStrands/Binaries/Win64/UnrealEditor.modules" 954
"../../../Engine/Plugins/Animation/RigLogic/Binaries/Win64/UnrealEditor.modules" 955
"../../../Engine/Plugins/Online/EOSShared/Binaries/Win64/UnrealEditor.modules" 956
"../../../Engine/Plugins/Runtime/RigVM/Binaries/Win64/UnrealEditor.modules" 957
"../../../Engine/Plugins/Animation/TweeningUtils/Binaries/Win64/UnrealEditor.modules" 958
"../../../Engine/Plugins/Animation/DeformerGraph/Binaries/Win64/UnrealEditor.modules" 959
"../../../Engine/Plugins/Experimental/Dataflow/Binaries/Win64/UnrealEditor.modules" 960
"../../../Engine/Plugins/Runtime/ComputeFramework/Binaries/Win64/UnrealEditor.modules" 961
"../../../Engine/Plugins/Experimental/CharacterFXEditor/BaseCharacterFXEditor/Binaries/Win64/UnrealEditor.modules" 962
"../../../Engine/Plugins/Runtime/ProceduralMeshComponent/Binaries/Win64/UnrealEditor.modules" 963
"../../../Engine/Plugins/FX/Cascade/Binaries/Win64/UnrealEditor.modules" 964
"../../../Engine/Plugins/Messaging/TcpMessaging/Binaries/Win64/UnrealEditor.modules" 965
"../../../Engine/Plugins/Messaging/UdpMessaging/Binaries/Win64/UnrealEditor.modules" 966
"../../../Engine/Plugins/FX/NiagaraSimCaching/Binaries/Win64/UnrealEditor.modules" 967
"../../../Engine/Plugins/Online/OnlineBase/Binaries/Win64/UnrealEditor.modules" 968
"../../../Engine/Plugins/Online/OnlineSubsystemNull/Binaries/Win64/UnrealEditor.modules" 969
"../../../Engine/Plugins/Online/OnlineSubsystem/Binaries/Win64/UnrealEditor.modules" 970
"../../../Engine/Plugins/Online/OnlineSubsystemUtils/Binaries/Win64/UnrealEditor.modules" 971
"../../../Engine/Plugins/Online/OnlineServices/Binaries/Win64/UnrealEditor.modules" 972
"../../../Engine/Plugins/Runtime/ActorLayerUtilities/Binaries/Win64/UnrealEditor.modules" 973
"../../../Engine/Plugins/Runtime/AndroidFileServer/Binaries/Win64/UnrealEditor.modules" 974
"../../../Engine/Plugins/Runtime/AndroidDeviceProfileSelector/Binaries/Win64/UnrealEditor.modules" 975
"../../../Engine/Plugins/Runtime/AndroidPermission/Binaries/Win64/UnrealEditor.modules" 976
"../../../Engine/Plugins/Runtime/AppleImageUtils/Binaries/Win64/UnrealEditor.modules" 977
"../../../Engine/Plugins/Runtime/AssetTags/Binaries/Win64/UnrealEditor.modules" 978
"../../../Engine/Plugins/Runtime/CableComponent/Binaries/Win64/UnrealEditor.modules" 979
"../../../Engine/Plugins/Runtime/ArchVisCharacter/Binaries/Win64/UnrealEditor.modules" 980
"../../../Engine/Plugins/Runtime/CustomMeshComponent/Binaries/Win64/UnrealEditor.modules" 981
"../../../Engine/Plugins/Runtime/ChunkDownloader/Binaries/Win64/UnrealEditor.modules" 982
"../../../Engine/Plugins/Runtime/ExampleDeviceProfileSelector/Binaries/Win64/UnrealEditor.modules" 983
"../../../Engine/Plugins/Runtime/GooglePAD/Binaries/Win64/UnrealEditor.modules" 984
"../../../Engine/Plugins/Runtime/InputDebugging/Binaries/Win64/UnrealEditor.modules" 985
"../../../Engine/Plugins/Runtime/LocationServicesBPLibrary/Binaries/Win64/UnrealEditor.modules" 986
"../../../Engine/Plugins/Runtime/Metasound/Binaries/Win64/UnrealEditor.modules" 987
"../../../Engine/Plugins/Runtime/AudioWidgets/Binaries/Win64/UnrealEditor.modules" 988
"../../../Engine/Plugins/Runtime/AudioSynesthesia/Binaries/Win64/UnrealEditor.modules" 989
"../../../Engine/Plugins/Editor/ContentBrowser/ContentBrowserAssetDataSource/Binaries/Win64/UnrealEditor.modules" 990
"../../../Engine/Plugins/Runtime/WaveTable/Binaries/Win64/UnrealEditor.modules" 991
"../../../Engine/Plugins/Runtime/MsQuic/Binaries/Win64/UnrealEditor.modules" 992
"../../../Engine/Plugins/Runtime/MobilePatchingUtils/Binaries/Win64/UnrealEditor.modules" 993
"../../../Engine/Plugins/Runtime/ResonanceAudio/Binaries/Win64/UnrealEditor.modules" 994
"../../../Engine/Plugins/Runtime/Synthesis/Binaries/Win64/UnrealEditor.modules" 995
"../../../Engine/Plugins/Runtime/SoundFields/Binaries/Win64/UnrealEditor.modules" 996
"../../../Engine/Plugins/Runtime/WindowsDeviceProfileSelector/Binaries/Win64/UnrealEditor.modules" 997
"../../../Engine/Plugins/Runtime/WebMMoviePlayer/Binaries/Win64/UnrealEditor.modules" 998
"../../../Engine/Plugins/Media/WebMMedia/Binaries/Win64/UnrealEditor.modules" 999
"../../../Engine/Plugins/Runtime/WindowsMoviePlayer/Binaries/Win64/UnrealEditor.modules" 1000
"../../../Engine/Plugins/Tests/InterchangeTests/Binaries/Win64/UnrealEditor.modules" 1001
"../../../Engine/Plugins/2D/Paper2D/Binaries/Win64/UnrealEditor.modules" 1002
"../../../Engine/Plugins/AI/EnvironmentQueryEditor/Binaries/Win64/UnrealEditor.modules" 1003
"../../../Engine/Plugins/AI/AISupport/Binaries/Win64/UnrealEditor.modules" 1004
"../../../Engine/Plugins/Animation/ACLPlugin/Binaries/Win64/UnrealEditor.modules" 1005
"../../../Engine/Plugins/Animation/AnimationData/Binaries/Win64/UnrealEditor.modules" 1006
"../../../Engine/Plugins/Animation/AnimationModifierLibrary/Binaries/Win64/UnrealEditor.modules" 1007
"../../../Engine/Plugins/Animation/BlendSpaceMotionAnalysis/Binaries/Win64/UnrealEditor.modules" 1008
"../../../Engine/Plugins/Animation/ControlRigSpline/Binaries/Win64/UnrealEditor.modules" 1009
"../../../Engine/Plugins/Animation/IKRig/Binaries/Win64/UnrealEditor.modules" 1010
"../../../Engine/Plugins/Experimental/FullBodyIK/Binaries/Win64/UnrealEditor.modules" 1011
"../../../Engine/Plugins/Animation/SkeletalMeshModelingTools/Binaries/Win64/UnrealEditor.modules" 1012
"../../../Engine/Plugins/Cameras/CameraShakePreviewer/Binaries/Win64/UnrealEditor.modules" 1013
"../../../Engine/Plugins/Cameras/GameplayCameras/Binaries/Win64/UnrealEditor.modules" 1014
"../../../Engine/Plugins/VirtualProduction/CameraCalibrationCore/Binaries/Win64/UnrealEditor.modules" 1015
"../../../Engine/Plugins/Runtime/StateTree/Binaries/Win64/UnrealEditor.modules" 1016
"../../../Engine/Plugins/MovieScene/TemplateSequence/Binaries/Win64/UnrealEditor.modules" 1017
"../../../Engine/Plugins/Animation/GameplayInsights/Binaries/Win64/UnrealEditor.modules" 1018
"../../../Engine/Plugins/Runtime/PropertyBindingUtils/Binaries/Win64/UnrealEditor.modules" 1019
"../../../Engine/Plugins/Compression/OodleNetwork/Binaries/Win64/UnrealEditor.modules" 1020
"../../../Engine/Plugins/Editor/BlueprintHeaderView/Binaries/Win64/UnrealEditor.modules" 1021
"../../../Engine/Plugins/Cameras/EngineCameras/Binaries/Win64/UnrealEditor.modules" 1022
"../../../Engine/Plugins/Editor/ChangelistReview/Binaries/Win64/UnrealEditor.modules" 1023
"../../../Engine/Plugins/Editor/CryptoKeys/Binaries/Win64/UnrealEditor.modules" 1024
"../../../Engine/Plugins/Editor/AssetManagerEditor/Binaries/Win64/UnrealEditor.modules" 1025
"../../../Engine/Plugins/Editor/CurveEditorTools/Binaries/Win64/UnrealEditor.modules" 1026
"../../../Engine/Plugins/Editor/ColorGrading/Binaries/Win64/UnrealEditor.modules" 1027
"../../../Engine/Plugins/Editor/ObjectMixer/ObjectMixer/Binaries/Win64/UnrealEditor.modules" 1028
"../../../Engine/Plugins/Editor/GeometryMode/Binaries/Win64/UnrealEditor.modules" 1029
"../../../Engine/Plugins/Editor/EditorDebugTools/Binaries/Win64/UnrealEditor.modules" 1030
"../../../Engine/Plugins/Editor/MaterialAnalyzer/Binaries/Win64/UnrealEditor.modules" 1031
"../../../Engine/Plugins/Editor/FacialAnimation/Binaries/Win64/UnrealEditor.modules" 1032
"../../../Engine/Plugins/Editor/MobileLauncherProfileWizard/Binaries/Win64/UnrealEditor.modules" 1033
"../../../Engine/Plugins/Editor/PluginBrowser/Binaries/Win64/UnrealEditor.modules" 1034
"../../../Engine/Plugins/Editor/GameplayTagsEditor/Binaries/Win64/UnrealEditor.modules" 1035
"../../../Engine/Plugins/Editor/SpeedTreeImporter/Binaries/Win64/UnrealEditor.modules" 1036
"../../../Engine/Plugins/Editor/UMGWidgetPreview/Binaries/Win64/UnrealEditor.modules" 1037
"../../../Engine/Plugins/Editor/UVEditor/Binaries/Win64/UnrealEditor.modules" 1038
"../../../Engine/Plugins/Editor/SequencerAnimTools/Binaries/Win64/UnrealEditor.modules" 1039
"../../../Engine/Plugins/Editor/WorldPartitionHLODUtilities/Binaries/Win64/UnrealEditor.modules" 1040
"../../../Engine/Plugins/Experimental/AdvancedRenamer/Binaries/Win64/UnrealEditor.modules" 1041
"../../../Engine/Plugins/Experimental/BackChannel/Binaries/Win64/UnrealEditor.modules" 1042
"../../../Engine/Plugins/Experimental/AutomationUtils/Binaries/Win64/UnrealEditor.modules" 1043
"../../../Engine/Plugins/Experimental/ChaosEditor/Binaries/Win64/UnrealEditor.modules" 1044
"../../../Engine/Plugins/Experimental/GeometryCollectionPlugin/Binaries/Win64/UnrealEditor.modules" 1045
"../../../Engine/Plugins/Experimental/Fracture/Binaries/Win64/UnrealEditor.modules" 1046
"../../../Engine/Plugins/Experimental/ChaosSolverPlugin/Binaries/Win64/UnrealEditor.modules" 1047
"../../../Engine/Plugins/Experimental/GeometryDataflow/Binaries/Win64/UnrealEditor.modules" 1048
"../../../Engine/Plugins/Experimental/ChaosUserDataPT/Binaries/Win64/UnrealEditor.modules" 1049
"../../../Engine/Plugins/Experimental/ChaosNiagara/Binaries/Win64/UnrealEditor.modules" 1050
"../../../Engine/Plugins/Experimental/CharacterAI/Binaries/Win64/UnrealEditor.modules" 1051
"../../../Engine/Plugins/Experimental/EditorTelemetry/Binaries/Win64/UnrealEditor.modules" 1052
"../../../Engine/Plugins/Experimental/EditorPerformance/Binaries/Win64/UnrealEditor.modules" 1053
"../../../Engine/Plugins/Experimental/LevelSequenceNavigatorBridge/Binaries/Win64/UnrealEditor.modules" 1054
"../../../Engine/Plugins/Experimental/SequenceNavigator/Binaries/Win64/UnrealEditor.modules" 1055
"../../../Engine/Plugins/Experimental/LocalizableMessage/Binaries/Win64/UnrealEditor.modules" 1056
"../../../Engine/Plugins/Experimental/NFORDenoise/Binaries/Win64/UnrealEditor.modules" 1057
"../../../Engine/Plugins/Experimental/PlatformCrypto/Binaries/Win64/UnrealEditor.modules" 1058
"../../../Engine/Plugins/Experimental/RuntimeTelemetry/Binaries/Win64/UnrealEditor.modules" 1059
"../../../Engine/Plugins/Experimental/SkeletalReduction/Binaries/Win64/UnrealEditor.modules" 1060
"../../../Engine/Plugins/MovieScene/ActorSequence/Binaries/Win64/UnrealEditor.modules" 1061
"../../../Engine/Plugins/NNE/NNEDenoiser/Binaries/Win64/UnrealEditor.modules" 1062
"../../../Engine/Plugins/NNE/NNERuntimeORT/Binaries/Win64/UnrealEditor.modules" 1063
"../../../Engine/Plugins/Portal/LauncherChunkInstaller/Binaries/Win64/UnrealEditor.modules" 1064
"../../../Engine/Plugins/Editor/ObjectMixer/LightMixer/Binaries/Win64/UnrealEditor.modules" 1065
"../../../Engine/Plugins/Editor/ContentBrowser/ContentBrowserClassDataSource/Binaries/Win64/UnrealEditor.modules" 1066
"../../../Engine/Plugins/Runtime/Windows/XInputDevice/Binaries/Win64/UnrealEditor.modules" 1067
"../../../Engine/Plugins/Editor/Localization/PortableObjectFileDataSource/Binaries/Win64/UnrealEditor.modules" 1068
"../../../Engine/Config/BaseSourceControlSettings.ini" 1069
"../../../Engine/Content/Internationalization/icudt64l/coll/ucadata.icu" 1070
"../../../Engine/Content/Internationalization/icudt64l/coll/es.res" 1071
"../../../Engine/Content/Internationalization/icudt64l/coll/root.res" 1072
"../../../Engine/Content/Certificates/ThirdParty/cacert.pem" 1073
"../../../Engine/Config/ConsoleVariables.ini" 1074
"../../../Engine/Binaries/Win64/Android/UnrealEditor.modules" 1075
"../../../Engine/Binaries/Win64/IOS/UnrealEditor.modules" 1076
"../../../Engine/Binaries/Win64/Linux/UnrealEditor.modules" 1077
"../../../../../../Users/maria/Desktop/proyecto II/AtaqueGamba/Content/Localization/Idioma/Idioma.locmeta" 1078
"../../../../../../Users/maria/Desktop/proyecto II/AtaqueGamba/Content/Localization/Idioma/es/Idioma.locres" 1079
"../../../../../../Users/maria/Desktop/proyecto II/AtaqueGamba/Content/Localization/Lenguaje/es/Lenguaje.locres" 1080
"../../../Engine/Content/Localization/Editor/en/Editor.locres" 1081
"../../../Engine/Content/Localization/EditorTutorials/en/EditorTutorials.locres" 1082
"../../../Engine/Content/Localization/Keywords/en/Keywords.locres" 1083
"../../../Engine/Content/Localization/Category/en/Category.locres" 1084
"../../../Engine/Content/Localization/ToolTips/en/ToolTips.locres" 1085
"../../../Engine/Content/Localization/PropertyNames/en/PropertyNames.locres" 1086
"../../../Engine/Content/Localization/Engine/en/Engine.locres" 1087
"../../../Engine/Plugins/MetaHuman/MetaHumanSDK/Content/Localization/MetaHumanSDK/en/MetaHumanSDK.locres" 1088
"../../../Engine/Plugins/Online/OnlineSubsystemUtils/Content/Localization/OnlineSubsystemUtils/en/OnlineSubsystemUtils.locres" 1089
"../../../Engine/Plugins/Online/OnlineSubsystem/Content/Localization/OnlineSubsystem/en/OnlineSubsystem.locres" 1090
"../../../Engine/Plugins/Online/Android/OnlineSubsystemGooglePlay/Content/Localization/OnlineSubsystemGooglePlay/en/OnlineSubsystemGooglePlay.locres" 1091
"../../../Engine/Plugins/Online/IOS/OnlineSubsystemIOS/Content/Localization/OnlineSubsystemIOS/en/OnlineSubsystemIOS.locres" 1092
"../../../Engine/Content/Internationalization/icudt64l/numberingSystems.res" 1093
"../../../Engine/Content/Internationalization/icudt64l/curr/supplementalData.res" 1094
"../../../Engine/Content/Internationalization/icudt64l/curr/es.res" 1095
"../../../Engine/Content/Internationalization/icudt64l/curr/pool.res" 1096
"../../../Engine/Content/Internationalization/icudt64l/curr/root.res" 1097
"../../../Engine/Content/Internationalization/icudt64l/lang/af.res" 1098
"../../../Engine/Content/Internationalization/icudt64l/region/af.res" 1099
"../../../Engine/Content/Internationalization/icudt64l/lang/agq.res" 1100
"../../../Engine/Content/Internationalization/icudt64l/region/agq.res" 1101
"../../../Engine/Content/Internationalization/icudt64l/lang/ak.res" 1102
"../../../Engine/Content/Internationalization/icudt64l/region/ak.res" 1103
"../../../Engine/Content/Internationalization/icudt64l/lang/am.res" 1104
"../../../Engine/Content/Internationalization/icudt64l/region/am.res" 1105
"../../../Engine/Content/Internationalization/icudt64l/lang/ar.res" 1106
"../../../Engine/Content/Internationalization/icudt64l/region/ar.res" 1107
"../../../Engine/Content/Internationalization/icudt64l/region/ar_AE.res" 1108
"../../../Engine/Content/Internationalization/icudt64l/lang/ar_EG.res" 1109
"../../../Engine/Content/Internationalization/icudt64l/lang/ar_LY.res" 1110
"../../../Engine/Content/Internationalization/icudt64l/region/ar_LY.res" 1111
"../../../Engine/Content/Internationalization/icudt64l/lang/ar_SA.res" 1112
"../../../Engine/Content/Internationalization/icudt64l/region/ar_SA.res" 1113
"../../../Engine/Content/Internationalization/icudt64l/lang/as.res" 1114
"../../../Engine/Content/Internationalization/icudt64l/region/as.res" 1115
"../../../Engine/Content/Internationalization/icudt64l/lang/asa.res" 1116
"../../../Engine/Content/Internationalization/icudt64l/region/asa.res" 1117
"../../../Engine/Content/Internationalization/icudt64l/lang/ast.res" 1118
"../../../Engine/Content/Internationalization/icudt64l/region/ast.res" 1119
"../../../Engine/Content/Internationalization/icudt64l/lang/az.res" 1120
"../../../Engine/Content/Internationalization/icudt64l/lang/az_Cyrl.res" 1121
"../../../Engine/Content/Internationalization/icudt64l/lang/az_AZ.res" 1122
"../../../Engine/Content/Internationalization/icudt64l/lang/az_Latn_AZ.res" 1123
"../../../Engine/Content/Internationalization/icudt64l/lang/az_Latn.res" 1124
"../../../Engine/Content/Internationalization/icudt64l/region/az_AZ.res" 1125
"../../../Engine/Content/Internationalization/icudt64l/region/az_Latn_AZ.res" 1126
"../../../Engine/Content/Internationalization/icudt64l/region/az_Latn.res" 1127
"../../../Engine/Content/Internationalization/icudt64l/region/az.res" 1128
"../../../Engine/Content/Internationalization/icudt64l/region/az_Cyrl.res" 1129
"../../../Engine/Content/Internationalization/icudt64l/lang/bas.res" 1130
"../../../Engine/Content/Internationalization/icudt64l/region/bas.res" 1131
"../../../Engine/Content/Internationalization/icudt64l/lang/be.res" 1132
"../../../Engine/Content/Internationalization/icudt64l/region/be.res" 1133
"../../../Engine/Content/Internationalization/icudt64l/lang/bem.res" 1134
"../../../Engine/Content/Internationalization/icudt64l/region/bem.res" 1135
"../../../Engine/Content/Internationalization/icudt64l/lang/bez.res" 1136
"../../../Engine/Content/Internationalization/icudt64l/region/bez.res" 1137
"../../../Engine/Content/Internationalization/icudt64l/lang/bg.res" 1138
"../../../Engine/Content/Internationalization/icudt64l/region/bg.res" 1139
"../../../Engine/Content/Internationalization/icudt64l/lang/bm.res" 1140
"../../../Engine/Content/Internationalization/icudt64l/region/bm.res" 1141
"../../../Engine/Content/Internationalization/icudt64l/lang/bn.res" 1142
"../../../Engine/Content/Internationalization/icudt64l/region/bn.res" 1143
"../../../Engine/Content/Internationalization/icudt64l/lang/bn_IN.res" 1144
"../../../Engine/Content/Internationalization/icudt64l/region/bn_IN.res" 1145
"../../../Engine/Content/Internationalization/icudt64l/lang/bo.res" 1146
"../../../Engine/Content/Internationalization/icudt64l/region/bo.res" 1147
"../../../Engine/Content/Internationalization/icudt64l/region/bo_IN.res" 1148
"../../../Engine/Content/Internationalization/icudt64l/lang/br.res" 1149
"../../../Engine/Content/Internationalization/icudt64l/region/br.res" 1150
"../../../Engine/Content/Internationalization/icudt64l/lang/brx.res" 1151
"../../../Engine/Content/Internationalization/icudt64l/region/brx.res" 1152
"../../../Engine/Content/Internationalization/icudt64l/lang/bs.res" 1153
"../../../Engine/Content/Internationalization/icudt64l/lang/bs_Cyrl.res" 1154
"../../../Engine/Content/Internationalization/icudt64l/lang/bs_BA.res" 1155
"../../../Engine/Content/Internationalization/icudt64l/lang/bs_Latn_BA.res" 1156
"../../../Engine/Content/Internationalization/icudt64l/lang/bs_Latn.res" 1157
"../../../Engine/Content/Internationalization/icudt64l/region/bs_BA.res" 1158
"../../../Engine/Content/Internationalization/icudt64l/region/bs_Latn_BA.res" 1159
"../../../Engine/Content/Internationalization/icudt64l/region/bs_Latn.res" 1160
"../../../Engine/Content/Internationalization/icudt64l/region/bs.res" 1161
"../../../Engine/Content/Internationalization/icudt64l/region/bs_Cyrl.res" 1162
"../../../Engine/Content/Internationalization/icudt64l/lang/ca.res" 1163
"../../../Engine/Content/Internationalization/icudt64l/region/ca.res" 1164
"../../../Engine/Content/Internationalization/icudt64l/lang/ccp.res" 1165
"../../../Engine/Content/Internationalization/icudt64l/region/ccp.res" 1166
"../../../Engine/Content/Internationalization/icudt64l/lang/ce.res" 1167
"../../../Engine/Content/Internationalization/icudt64l/region/ce.res" 1168
"../../../Engine/Content/Internationalization/icudt64l/lang/ceb.res" 1169
"../../../Engine/Content/Internationalization/icudt64l/region/ceb.res" 1170
"../../../Engine/Content/Internationalization/icudt64l/lang/cgg.res" 1171
"../../../Engine/Content/Internationalization/icudt64l/region/cgg.res" 1172
"../../../Engine/Content/Internationalization/icudt64l/lang/chr.res" 1173
"../../../Engine/Content/Internationalization/icudt64l/region/chr.res" 1174
"../../../Engine/Content/Internationalization/icudt64l/lang/ckb.res" 1175
"../../../Engine/Content/Internationalization/icudt64l/region/ckb.res" 1176
"../../../Engine/Content/Internationalization/icudt64l/lang/cs.res" 1177
"../../../Engine/Content/Internationalization/icudt64l/region/cs.res" 1178
"../../../Engine/Content/Internationalization/icudt64l/lang/cy.res" 1179
"../../../Engine/Content/Internationalization/icudt64l/region/cy.res" 1180
"../../../Engine/Content/Internationalization/icudt64l/lang/da.res" 1181
"../../../Engine/Content/Internationalization/icudt64l/region/da.res" 1182
"../../../Engine/Content/Internationalization/icudt64l/lang/dav.res" 1183
"../../../Engine/Content/Internationalization/icudt64l/region/dav.res" 1184
"../../../Engine/Content/Internationalization/icudt64l/lang/de.res" 1185
"../../../Engine/Content/Internationalization/icudt64l/lang/de_AT.res" 1186
"../../../Engine/Content/Internationalization/icudt64l/region/de_AT.res" 1187
"../../../Engine/Content/Internationalization/icudt64l/region/de.res" 1188
"../../../Engine/Content/Internationalization/icudt64l/lang/de_CH.res" 1189
"../../../Engine/Content/Internationalization/icudt64l/region/de_CH.res" 1190
"../../../Engine/Content/Internationalization/icudt64l/lang/de_LU.res" 1191
"../../../Engine/Content/Internationalization/icudt64l/lang/dje.res" 1192
"../../../Engine/Content/Internationalization/icudt64l/region/dje.res" 1193
"../../../Engine/Content/Internationalization/icudt64l/lang/dsb.res" 1194
"../../../Engine/Content/Internationalization/icudt64l/region/dsb.res" 1195
"../../../Engine/Content/Internationalization/icudt64l/lang/dua.res" 1196
"../../../Engine/Content/Internationalization/icudt64l/region/dua.res" 1197
"../../../Engine/Content/Internationalization/icudt64l/lang/dyo.res" 1198
"../../../Engine/Content/Internationalization/icudt64l/region/dyo.res" 1199
"../../../Engine/Content/Internationalization/icudt64l/lang/dz.res" 1200
"../../../Engine/Content/Internationalization/icudt64l/region/dz.res" 1201
"../../../Engine/Content/Internationalization/icudt64l/lang/ebu.res" 1202
"../../../Engine/Content/Internationalization/icudt64l/region/ebu.res" 1203
"../../../Engine/Content/Internationalization/icudt64l/lang/ee.res" 1204
"../../../Engine/Content/Internationalization/icudt64l/region/ee.res" 1205
"../../../Engine/Content/Internationalization/icudt64l/lang/el.res" 1206
"../../../Engine/Content/Internationalization/icudt64l/region/el.res" 1207
"../../../Engine/Content/Internationalization/icudt64l/lang/en_001.res" 1208
"../../../Engine/Content/Internationalization/icudt64l/lang/en_150.res" 1209
"../../../Engine/Content/Internationalization/icudt64l/region/en_150.res" 1210
"../../../Engine/Content/Internationalization/icudt64l/lang/en_AG.res" 1211
"../../../Engine/Content/Internationalization/icudt64l/region/en_AG.res" 1212
"../../../Engine/Content/Internationalization/icudt64l/lang/en_AI.res" 1213
"../../../Engine/Content/Internationalization/icudt64l/region/en_AI.res" 1214
"../../../Engine/Content/Internationalization/icudt64l/lang/en_AT.res" 1215
"../../../Engine/Content/Internationalization/icudt64l/region/en_AT.res" 1216
"../../../Engine/Content/Internationalization/icudt64l/lang/en_AU.res" 1217
"../../../Engine/Content/Internationalization/icudt64l/region/en_AU.res" 1218
"../../../Engine/Content/Internationalization/icudt64l/lang/en_BB.res" 1219
"../../../Engine/Content/Internationalization/icudt64l/region/en_BB.res" 1220
"../../../Engine/Content/Internationalization/icudt64l/lang/en_BE.res" 1221
"../../../Engine/Content/Internationalization/icudt64l/region/en_BE.res" 1222
"../../../Engine/Content/Internationalization/icudt64l/lang/en_BM.res" 1223
"../../../Engine/Content/Internationalization/icudt64l/region/en_BM.res" 1224
"../../../Engine/Content/Internationalization/icudt64l/lang/en_BS.res" 1225
"../../../Engine/Content/Internationalization/icudt64l/region/en_BS.res" 1226
"../../../Engine/Content/Internationalization/icudt64l/lang/en_BW.res" 1227
"../../../Engine/Content/Internationalization/icudt64l/region/en_BW.res" 1228
"../../../Engine/Content/Internationalization/icudt64l/lang/en_BZ.res" 1229
"../../../Engine/Content/Internationalization/icudt64l/region/en_BZ.res" 1230
"../../../Engine/Content/Internationalization/icudt64l/lang/en_CA.res" 1231
"../../../Engine/Content/Internationalization/icudt64l/region/en_CA.res" 1232
"../../../Engine/Content/Internationalization/icudt64l/lang/en_CC.res" 1233
"../../../Engine/Content/Internationalization/icudt64l/region/en_CC.res" 1234
"../../../Engine/Content/Internationalization/icudt64l/lang/en_CH.res" 1235
"../../../Engine/Content/Internationalization/icudt64l/region/en_CH.res" 1236
"../../../Engine/Content/Internationalization/icudt64l/lang/en_CK.res" 1237
"../../../Engine/Content/Internationalization/icudt64l/region/en_CK.res" 1238
"../../../Engine/Content/Internationalization/icudt64l/lang/en_CM.res" 1239
"../../../Engine/Content/Internationalization/icudt64l/region/en_CM.res" 1240
"../../../Engine/Content/Internationalization/icudt64l/lang/en_CX.res" 1241
"../../../Engine/Content/Internationalization/icudt64l/region/en_CX.res" 1242
"../../../Engine/Content/Internationalization/icudt64l/lang/en_CY.res" 1243
"../../../Engine/Content/Internationalization/icudt64l/region/en_CY.res" 1244
"../../../Engine/Content/Internationalization/icudt64l/lang/en_DE.res" 1245
"../../../Engine/Content/Internationalization/icudt64l/region/en_DE.res" 1246
"../../../Engine/Content/Internationalization/icudt64l/lang/en_DG.res" 1247
"../../../Engine/Content/Internationalization/icudt64l/region/en_DG.res" 1248
"../../../Engine/Content/Internationalization/icudt64l/lang/en_DK.res" 1249
"../../../Engine/Content/Internationalization/icudt64l/region/en_DK.res" 1250
"../../../Engine/Content/Internationalization/icudt64l/lang/en_DM.res" 1251
"../../../Engine/Content/Internationalization/icudt64l/region/en_DM.res" 1252
"../../../Engine/Content/Internationalization/icudt64l/lang/en_ER.res" 1253
"../../../Engine/Content/Internationalization/icudt64l/region/en_ER.res" 1254
"../../../Engine/Content/Internationalization/icudt64l/lang/en_FI.res" 1255
"../../../Engine/Content/Internationalization/icudt64l/region/en_FI.res" 1256
"../../../Engine/Content/Internationalization/icudt64l/lang/en_FJ.res" 1257
"../../../Engine/Content/Internationalization/icudt64l/region/en_FJ.res" 1258
"../../../Engine/Content/Internationalization/icudt64l/lang/en_FK.res" 1259
"../../../Engine/Content/Internationalization/icudt64l/region/en_FK.res" 1260
"../../../Engine/Content/Internationalization/icudt64l/lang/en_FM.res" 1261
"../../../Engine/Content/Internationalization/icudt64l/region/en_FM.res" 1262
"../../../Engine/Content/Internationalization/icudt64l/lang/en_GB.res" 1263
"../../../Engine/Content/Internationalization/icudt64l/region/en_GB.res" 1264
"../../../Engine/Content/Internationalization/icudt64l/lang/en_GD.res" 1265
"../../../Engine/Content/Internationalization/icudt64l/region/en_GD.res" 1266
"../../../Engine/Content/Internationalization/icudt64l/lang/en_GG.res" 1267
"../../../Engine/Content/Internationalization/icudt64l/region/en_GG.res" 1268
"../../../Engine/Content/Internationalization/icudt64l/lang/en_GH.res" 1269
"../../../Engine/Content/Internationalization/icudt64l/region/en_GH.res" 1270
"../../../Engine/Content/Internationalization/icudt64l/lang/en_GI.res" 1271
"../../../Engine/Content/Internationalization/icudt64l/region/en_GI.res" 1272
"../../../Engine/Content/Internationalization/icudt64l/lang/en_GM.res" 1273
"../../../Engine/Content/Internationalization/icudt64l/region/en_GM.res" 1274
"../../../Engine/Content/Internationalization/icudt64l/lang/en_GY.res" 1275
"../../../Engine/Content/Internationalization/icudt64l/region/en_GY.res" 1276
"../../../Engine/Content/Internationalization/icudt64l/lang/en_HK.res" 1277
"../../../Engine/Content/Internationalization/icudt64l/region/en_HK.res" 1278
"../../../Engine/Content/Internationalization/icudt64l/lang/en_IE.res" 1279
"../../../Engine/Content/Internationalization/icudt64l/region/en_IE.res" 1280
"../../../Engine/Content/Internationalization/icudt64l/lang/en_IL.res" 1281
"../../../Engine/Content/Internationalization/icudt64l/region/en_IL.res" 1282
"../../../Engine/Content/Internationalization/icudt64l/lang/en_IM.res" 1283
"../../../Engine/Content/Internationalization/icudt64l/region/en_IM.res" 1284
"../../../Engine/Content/Internationalization/icudt64l/lang/en_IN.res" 1285
"../../../Engine/Content/Internationalization/icudt64l/region/en_IN.res" 1286
"../../../Engine/Content/Internationalization/icudt64l/lang/en_IO.res" 1287
"../../../Engine/Content/Internationalization/icudt64l/region/en_IO.res" 1288
"../../../Engine/Content/Internationalization/icudt64l/lang/en_JE.res" 1289
"../../../Engine/Content/Internationalization/icudt64l/region/en_JE.res" 1290
"../../../Engine/Content/Internationalization/icudt64l/lang/en_JM.res" 1291
"../../../Engine/Content/Internationalization/icudt64l/region/en_JM.res" 1292
"../../../Engine/Content/Internationalization/icudt64l/lang/en_KE.res" 1293
"../../../Engine/Content/Internationalization/icudt64l/region/en_KE.res" 1294
"../../../Engine/Content/Internationalization/icudt64l/lang/en_KI.res" 1295
"../../../Engine/Content/Internationalization/icudt64l/region/en_KI.res" 1296
"../../../Engine/Content/Internationalization/icudt64l/lang/en_KN.res" 1297
"../../../Engine/Content/Internationalization/icudt64l/region/en_KN.res" 1298
"../../../Engine/Content/Internationalization/icudt64l/lang/en_KY.res" 1299
"../../../Engine/Content/Internationalization/icudt64l/region/en_KY.res" 1300
"../../../Engine/Content/Internationalization/icudt64l/lang/en_LC.res" 1301
"../../../Engine/Content/Internationalization/icudt64l/region/en_LC.res" 1302
"../../../Engine/Content/Internationalization/icudt64l/lang/en_LR.res" 1303
"../../../Engine/Content/Internationalization/icudt64l/region/en_LR.res" 1304
"../../../Engine/Content/Internationalization/icudt64l/lang/en_LS.res" 1305
"../../../Engine/Content/Internationalization/icudt64l/region/en_LS.res" 1306
"../../../Engine/Content/Internationalization/icudt64l/lang/en_MG.res" 1307
"../../../Engine/Content/Internationalization/icudt64l/region/en_MG.res" 1308
"../../../Engine/Content/Internationalization/icudt64l/lang/en_MO.res" 1309
"../../../Engine/Content/Internationalization/icudt64l/region/en_MO.res" 1310
"../../../Engine/Content/Internationalization/icudt64l/lang/en_MS.res" 1311
"../../../Engine/Content/Internationalization/icudt64l/region/en_MS.res" 1312
"../../../Engine/Content/Internationalization/icudt64l/lang/en_MT.res" 1313
"../../../Engine/Content/Internationalization/icudt64l/region/en_MT.res" 1314
"../../../Engine/Content/Internationalization/icudt64l/lang/en_MU.res" 1315
"../../../Engine/Content/Internationalization/icudt64l/region/en_MU.res" 1316
"../../../Engine/Content/Internationalization/icudt64l/lang/en_MW.res" 1317
"../../../Engine/Content/Internationalization/icudt64l/region/en_MW.res" 1318
"../../../Engine/Content/Internationalization/icudt64l/lang/en_MY.res" 1319
"../../../Engine/Content/Internationalization/icudt64l/region/en_MY.res" 1320
"../../../Engine/Content/Internationalization/icudt64l/lang/en_NA.res" 1321
"../../../Engine/Content/Internationalization/icudt64l/region/en_NA.res" 1322
"../../../Engine/Content/Internationalization/icudt64l/lang/en_NF.res" 1323
"../../../Engine/Content/Internationalization/icudt64l/region/en_NF.res" 1324
"../../../Engine/Content/Internationalization/icudt64l/lang/en_NG.res" 1325
"../../../Engine/Content/Internationalization/icudt64l/region/en_NG.res" 1326
"../../../Engine/Content/Internationalization/icudt64l/lang/en_NL.res" 1327
"../../../Engine/Content/Internationalization/icudt64l/region/en_NL.res" 1328
"../../../Engine/Content/Internationalization/icudt64l/lang/en_NR.res" 1329
"../../../Engine/Content/Internationalization/icudt64l/region/en_NR.res" 1330
"../../../Engine/Content/Internationalization/icudt64l/lang/en_NU.res" 1331
"../../../Engine/Content/Internationalization/icudt64l/region/en_NU.res" 1332
"../../../Engine/Content/Internationalization/icudt64l/lang/en_NZ.res" 1333
"../../../Engine/Content/Internationalization/icudt64l/region/en_NZ.res" 1334
"../../../Engine/Content/Internationalization/icudt64l/lang/en_PG.res" 1335
"../../../Engine/Content/Internationalization/icudt64l/region/en_PG.res" 1336
"../../../Engine/Content/Internationalization/icudt64l/lang/en_PH.res" 1337
"../../../Engine/Content/Internationalization/icudt64l/region/en_PH.res" 1338
"../../../Engine/Content/Internationalization/icudt64l/lang/en_PK.res" 1339
"../../../Engine/Content/Internationalization/icudt64l/region/en_PK.res" 1340
"../../../Engine/Content/Internationalization/icudt64l/lang/en_PN.res" 1341
"../../../Engine/Content/Internationalization/icudt64l/region/en_PN.res" 1342
"../../../Engine/Content/Internationalization/icudt64l/lang/en_PW.res" 1343
"../../../Engine/Content/Internationalization/icudt64l/region/en_PW.res" 1344
"../../../Engine/Content/Internationalization/icudt64l/lang/en_RW.res" 1345
"../../../Engine/Content/Internationalization/icudt64l/region/en_RW.res" 1346
"../../../Engine/Content/Internationalization/icudt64l/lang/en_SB.res" 1347
"../../../Engine/Content/Internationalization/icudt64l/region/en_SB.res" 1348
"../../../Engine/Content/Internationalization/icudt64l/lang/en_SC.res" 1349
"../../../Engine/Content/Internationalization/icudt64l/region/en_SC.res" 1350
"../../../Engine/Content/Internationalization/icudt64l/lang/en_SD.res" 1351
"../../../Engine/Content/Internationalization/icudt64l/region/en_SD.res" 1352
"../../../Engine/Content/Internationalization/icudt64l/lang/en_SE.res" 1353
"../../../Engine/Content/Internationalization/icudt64l/region/en_SE.res" 1354
"../../../Engine/Content/Internationalization/icudt64l/lang/en_SG.res" 1355
"../../../Engine/Content/Internationalization/icudt64l/region/en_SG.res" 1356
"../../../Engine/Content/Internationalization/icudt64l/lang/en_SH.res" 1357
"../../../Engine/Content/Internationalization/icudt64l/region/en_SH.res" 1358
"../../../Engine/Content/Internationalization/icudt64l/lang/en_SI.res" 1359
"../../../Engine/Content/Internationalization/icudt64l/region/en_SI.res" 1360
"../../../Engine/Content/Internationalization/icudt64l/lang/en_SL.res" 1361
"../../../Engine/Content/Internationalization/icudt64l/region/en_SL.res" 1362
"../../../Engine/Content/Internationalization/icudt64l/lang/en_SS.res" 1363
"../../../Engine/Content/Internationalization/icudt64l/region/en_SS.res" 1364
"../../../Engine/Content/Internationalization/icudt64l/lang/en_SX.res" 1365
"../../../Engine/Content/Internationalization/icudt64l/region/en_SX.res" 1366
"../../../Engine/Content/Internationalization/icudt64l/lang/en_SZ.res" 1367
"../../../Engine/Content/Internationalization/icudt64l/region/en_SZ.res" 1368
"../../../Engine/Content/Internationalization/icudt64l/lang/en_TC.res" 1369
"../../../Engine/Content/Internationalization/icudt64l/region/en_TC.res" 1370
"../../../Engine/Content/Internationalization/icudt64l/lang/en_TK.res" 1371
"../../../Engine/Content/Internationalization/icudt64l/region/en_TK.res" 1372
"../../../Engine/Content/Internationalization/icudt64l/lang/en_TO.res" 1373
"../../../Engine/Content/Internationalization/icudt64l/region/en_TO.res" 1374
"../../../Engine/Content/Internationalization/icudt64l/lang/en_TT.res" 1375
"../../../Engine/Content/Internationalization/icudt64l/region/en_TT.res" 1376
"../../../Engine/Content/Internationalization/icudt64l/lang/en_TV.res" 1377
"../../../Engine/Content/Internationalization/icudt64l/region/en_TV.res" 1378
"../../../Engine/Content/Internationalization/icudt64l/lang/en_TZ.res" 1379
"../../../Engine/Content/Internationalization/icudt64l/region/en_TZ.res" 1380
"../../../Engine/Content/Internationalization/icudt64l/lang/en_UG.res" 1381
"../../../Engine/Content/Internationalization/icudt64l/region/en_UG.res" 1382
"../../../Engine/Content/Internationalization/icudt64l/lang/en_VC.res" 1383
"../../../Engine/Content/Internationalization/icudt64l/region/en_VC.res" 1384
"../../../Engine/Content/Internationalization/icudt64l/lang/en_VG.res" 1385
"../../../Engine/Content/Internationalization/icudt64l/region/en_VG.res" 1386
"../../../Engine/Content/Internationalization/icudt64l/lang/en_VU.res" 1387
"../../../Engine/Content/Internationalization/icudt64l/region/en_VU.res" 1388
"../../../Engine/Content/Internationalization/icudt64l/lang/en_WS.res" 1389
"../../../Engine/Content/Internationalization/icudt64l/region/en_WS.res" 1390
"../../../Engine/Content/Internationalization/icudt64l/lang/en_ZA.res" 1391
"../../../Engine/Content/Internationalization/icudt64l/region/en_ZA.res" 1392
"../../../Engine/Content/Internationalization/icudt64l/lang/en_ZM.res" 1393
"../../../Engine/Content/Internationalization/icudt64l/region/en_ZM.res" 1394
"../../../Engine/Content/Internationalization/icudt64l/lang/en_ZW.res" 1395
"../../../Engine/Content/Internationalization/icudt64l/region/en_ZW.res" 1396
"../../../Engine/Content/Internationalization/icudt64l/lang/eo.res" 1397
"../../../Engine/Content/Internationalization/icudt64l/region/eo.res" 1398
"../../../Engine/Content/Internationalization/icudt64l/lang/es_419.res" 1399
"../../../Engine/Content/Internationalization/icudt64l/region/es_419.res" 1400
"../../../Engine/Content/Internationalization/icudt64l/lang/es_AR.res" 1401
"../../../Engine/Content/Internationalization/icudt64l/region/es_AR.res" 1402
"../../../Engine/Content/Internationalization/icudt64l/lang/es_BO.res" 1403
"../../../Engine/Content/Internationalization/icudt64l/region/es_BO.res" 1404
"../../../Engine/Content/Internationalization/icudt64l/lang/es_BR.res" 1405
"../../../Engine/Content/Internationalization/icudt64l/region/es_BR.res" 1406
"../../../Engine/Content/Internationalization/icudt64l/lang/es_BZ.res" 1407
"../../../Engine/Content/Internationalization/icudt64l/region/es_BZ.res" 1408
"../../../Engine/Content/Internationalization/icudt64l/lang/es_CL.res" 1409
"../../../Engine/Content/Internationalization/icudt64l/region/es_CL.res" 1410
"../../../Engine/Content/Internationalization/icudt64l/lang/es_CO.res" 1411
"../../../Engine/Content/Internationalization/icudt64l/region/es_CO.res" 1412
"../../../Engine/Content/Internationalization/icudt64l/lang/es_CR.res" 1413
"../../../Engine/Content/Internationalization/icudt64l/region/es_CR.res" 1414
"../../../Engine/Content/Internationalization/icudt64l/lang/es_CU.res" 1415
"../../../Engine/Content/Internationalization/icudt64l/region/es_CU.res" 1416
"../../../Engine/Content/Internationalization/icudt64l/lang/es_DO.res" 1417
"../../../Engine/Content/Internationalization/icudt64l/region/es_DO.res" 1418
"../../../Engine/Content/Internationalization/icudt64l/lang/es_EC.res" 1419
"../../../Engine/Content/Internationalization/icudt64l/region/es_EC.res" 1420
"../../../Engine/Content/Internationalization/icudt64l/lang/es_GT.res" 1421
"../../../Engine/Content/Internationalization/icudt64l/region/es_GT.res" 1422
"../../../Engine/Content/Internationalization/icudt64l/lang/es_HN.res" 1423
"../../../Engine/Content/Internationalization/icudt64l/region/es_HN.res" 1424
"../../../Engine/Content/Internationalization/icudt64l/lang/es_MX.res" 1425
"../../../Engine/Content/Internationalization/icudt64l/region/es_MX.res" 1426
"../../../Engine/Content/Internationalization/icudt64l/lang/es_NI.res" 1427
"../../../Engine/Content/Internationalization/icudt64l/region/es_NI.res" 1428
"../../../Engine/Content/Internationalization/icudt64l/lang/es_PA.res" 1429
"../../../Engine/Content/Internationalization/icudt64l/region/es_PA.res" 1430
"../../../Engine/Content/Internationalization/icudt64l/lang/es_PE.res" 1431
"../../../Engine/Content/Internationalization/icudt64l/region/es_PE.res" 1432
"../../../Engine/Content/Internationalization/icudt64l/lang/es_PR.res" 1433
"../../../Engine/Content/Internationalization/icudt64l/region/es_PR.res" 1434
"../../../Engine/Content/Internationalization/icudt64l/lang/es_PY.res" 1435
"../../../Engine/Content/Internationalization/icudt64l/region/es_PY.res" 1436
"../../../Engine/Content/Internationalization/icudt64l/lang/es_SV.res" 1437
"../../../Engine/Content/Internationalization/icudt64l/region/es_SV.res" 1438
"../../../Engine/Content/Internationalization/icudt64l/lang/es_US.res" 1439
"../../../Engine/Content/Internationalization/icudt64l/region/es_US.res" 1440
"../../../Engine/Content/Internationalization/icudt64l/lang/es_UY.res" 1441
"../../../Engine/Content/Internationalization/icudt64l/region/es_UY.res" 1442
"../../../Engine/Content/Internationalization/icudt64l/lang/es_VE.res" 1443
"../../../Engine/Content/Internationalization/icudt64l/region/es_VE.res" 1444
"../../../Engine/Content/Internationalization/icudt64l/lang/et.res" 1445
"../../../Engine/Content/Internationalization/icudt64l/region/et.res" 1446
"../../../Engine/Content/Internationalization/icudt64l/lang/eu.res" 1447
"../../../Engine/Content/Internationalization/icudt64l/region/eu.res" 1448
"../../../Engine/Content/Internationalization/icudt64l/lang/ewo.res" 1449
"../../../Engine/Content/Internationalization/icudt64l/region/ewo.res" 1450
"../../../Engine/Content/Internationalization/icudt64l/lang/fa.res" 1451
"../../../Engine/Content/Internationalization/icudt64l/lang/fa_AF.res" 1452
"../../../Engine/Content/Internationalization/icudt64l/region/fa_AF.res" 1453
"../../../Engine/Content/Internationalization/icudt64l/region/fa.res" 1454
"../../../Engine/Content/Internationalization/icudt64l/lang/ff.res" 1455
"../../../Engine/Content/Internationalization/icudt64l/lang/ff_Latn.res" 1456
"../../../Engine/Content/Internationalization/icudt64l/region/ff.res" 1457
"../../../Engine/Content/Internationalization/icudt64l/region/ff_Latn.res" 1458
"../../../Engine/Content/Internationalization/icudt64l/lang/ff_CM.res" 1459
"../../../Engine/Content/Internationalization/icudt64l/lang/ff_Latn_CM.res" 1460
"../../../Engine/Content/Internationalization/icudt64l/region/ff_CM.res" 1461
"../../../Engine/Content/Internationalization/icudt64l/region/ff_Latn_CM.res" 1462
"../../../Engine/Content/Internationalization/icudt64l/lang/ff_GN.res" 1463
"../../../Engine/Content/Internationalization/icudt64l/lang/ff_Latn_GN.res" 1464
"../../../Engine/Content/Internationalization/icudt64l/region/ff_GN.res" 1465
"../../../Engine/Content/Internationalization/icudt64l/region/ff_Latn_GN.res" 1466
"../../../Engine/Content/Internationalization/icudt64l/lang/ff_MR.res" 1467
"../../../Engine/Content/Internationalization/icudt64l/lang/ff_Latn_MR.res" 1468
"../../../Engine/Content/Internationalization/icudt64l/region/ff_MR.res" 1469
"../../../Engine/Content/Internationalization/icudt64l/region/ff_Latn_MR.res" 1470
"../../../Engine/Content/Internationalization/icudt64l/lang/ff_SN.res" 1471
"../../../Engine/Content/Internationalization/icudt64l/lang/ff_Latn_SN.res" 1472
"../../../Engine/Content/Internationalization/icudt64l/region/ff_SN.res" 1473
"../../../Engine/Content/Internationalization/icudt64l/region/ff_Latn_SN.res" 1474
"../../../Engine/Content/Internationalization/icudt64l/lang/fi.res" 1475
"../../../Engine/Content/Internationalization/icudt64l/region/fi.res" 1476
"../../../Engine/Content/Internationalization/icudt64l/lang/fil.res" 1477
"../../../Engine/Content/Internationalization/icudt64l/lang/fil_PH.res" 1478
"../../../Engine/Content/Internationalization/icudt64l/region/fil_PH.res" 1479
"../../../Engine/Content/Internationalization/icudt64l/region/fil.res" 1480
"../../../Engine/Content/Internationalization/icudt64l/lang/fo.res" 1481
"../../../Engine/Content/Internationalization/icudt64l/region/fo.res" 1482
"../../../Engine/Content/Internationalization/icudt64l/lang/fr.res" 1483
"../../../Engine/Content/Internationalization/icudt64l/lang/fr_BE.res" 1484
"../../../Engine/Content/Internationalization/icudt64l/region/fr_BE.res" 1485
"../../../Engine/Content/Internationalization/icudt64l/region/fr.res" 1486
"../../../Engine/Content/Internationalization/icudt64l/lang/fr_CA.res" 1487
"../../../Engine/Content/Internationalization/icudt64l/region/fr_CA.res" 1488
"../../../Engine/Content/Internationalization/icudt64l/lang/fr_CH.res" 1489
"../../../Engine/Content/Internationalization/icudt64l/lang/fur.res" 1490
"../../../Engine/Content/Internationalization/icudt64l/region/fur.res" 1491
"../../../Engine/Content/Internationalization/icudt64l/lang/fy.res" 1492
"../../../Engine/Content/Internationalization/icudt64l/region/fy.res" 1493
"../../../Engine/Content/Internationalization/icudt64l/lang/ga.res" 1494
"../../../Engine/Content/Internationalization/icudt64l/region/ga.res" 1495
"../../../Engine/Content/Internationalization/icudt64l/lang/gd.res" 1496
"../../../Engine/Content/Internationalization/icudt64l/region/gd.res" 1497
"../../../Engine/Content/Internationalization/icudt64l/lang/gl.res" 1498
"../../../Engine/Content/Internationalization/icudt64l/region/gl.res" 1499
"../../../Engine/Content/Internationalization/icudt64l/lang/gsw.res" 1500
"../../../Engine/Content/Internationalization/icudt64l/region/gsw.res" 1501
"../../../Engine/Content/Internationalization/icudt64l/lang/gu.res" 1502
"../../../Engine/Content/Internationalization/icudt64l/region/gu.res" 1503
"../../../Engine/Content/Internationalization/icudt64l/lang/guz.res" 1504
"../../../Engine/Content/Internationalization/icudt64l/region/guz.res" 1505
"../../../Engine/Content/Internationalization/icudt64l/lang/gv.res" 1506
"../../../Engine/Content/Internationalization/icudt64l/region/gv.res" 1507
"../../../Engine/Content/Internationalization/icudt64l/lang/ha.res" 1508
"../../../Engine/Content/Internationalization/icudt64l/region/ha.res" 1509
"../../../Engine/Content/Internationalization/icudt64l/lang/ha_NE.res" 1510
"../../../Engine/Content/Internationalization/icudt64l/region/ha_NE.res" 1511
"../../../Engine/Content/Internationalization/icudt64l/lang/haw.res" 1512
"../../../Engine/Content/Internationalization/icudt64l/region/haw.res" 1513
"../../../Engine/Content/Internationalization/icudt64l/lang/he.res" 1514
"../../../Engine/Content/Internationalization/icudt64l/lang/he_IL.res" 1515
"../../../Engine/Content/Internationalization/icudt64l/region/he_IL.res" 1516
"../../../Engine/Content/Internationalization/icudt64l/region/he.res" 1517
"../../../Engine/Content/Internationalization/icudt64l/lang/hi.res" 1518
"../../../Engine/Content/Internationalization/icudt64l/region/hi.res" 1519
"../../../Engine/Content/Internationalization/icudt64l/lang/hr.res" 1520
"../../../Engine/Content/Internationalization/icudt64l/region/hr.res" 1521
"../../../Engine/Content/Internationalization/icudt64l/lang/hsb.res" 1522
"../../../Engine/Content/Internationalization/icudt64l/region/hsb.res" 1523
"../../../Engine/Content/Internationalization/icudt64l/lang/hu.res" 1524
"../../../Engine/Content/Internationalization/icudt64l/region/hu.res" 1525
"../../../Engine/Content/Internationalization/icudt64l/lang/hy.res" 1526
"../../../Engine/Content/Internationalization/icudt64l/region/hy.res" 1527
"../../../Engine/Content/Internationalization/icudt64l/lang/ia.res" 1528
"../../../Engine/Content/Internationalization/icudt64l/region/ia.res" 1529
"../../../Engine/Content/Internationalization/icudt64l/lang/id.res" 1530
"../../../Engine/Content/Internationalization/icudt64l/lang/id_ID.res" 1531
"../../../Engine/Content/Internationalization/icudt64l/region/id_ID.res" 1532
"../../../Engine/Content/Internationalization/icudt64l/region/id.res" 1533
"../../../Engine/Content/Internationalization/icudt64l/lang/ig.res" 1534
"../../../Engine/Content/Internationalization/icudt64l/region/ig.res" 1535
"../../../Engine/Content/Internationalization/icudt64l/lang/ii.res" 1536
"../../../Engine/Content/Internationalization/icudt64l/region/ii.res" 1537
"../../../Engine/Content/Internationalization/icudt64l/lang/is.res" 1538
"../../../Engine/Content/Internationalization/icudt64l/region/is.res" 1539
"../../../Engine/Content/Internationalization/icudt64l/lang/it.res" 1540
"../../../Engine/Content/Internationalization/icudt64l/region/it.res" 1541
"../../../Engine/Content/Internationalization/icudt64l/lang/ja.res" 1542
"../../../Engine/Content/Internationalization/icudt64l/lang/ja_JP.res" 1543
"../../../Engine/Content/Internationalization/icudt64l/region/ja_JP.res" 1544
"../../../Engine/Content/Internationalization/icudt64l/region/ja.res" 1545
"../../../Engine/Content/Internationalization/icudt64l/lang/jgo.res" 1546
"../../../Engine/Content/Internationalization/icudt64l/region/jgo.res" 1547
"../../../Engine/Content/Internationalization/icudt64l/lang/jmc.res" 1548
"../../../Engine/Content/Internationalization/icudt64l/region/jmc.res" 1549
"../../../Engine/Content/Internationalization/icudt64l/lang/jv.res" 1550
"../../../Engine/Content/Internationalization/icudt64l/region/jv.res" 1551
"../../../Engine/Content/Internationalization/icudt64l/lang/ka.res" 1552
"../../../Engine/Content/Internationalization/icudt64l/region/ka.res" 1553
"../../../Engine/Content/Internationalization/icudt64l/lang/kab.res" 1554
"../../../Engine/Content/Internationalization/icudt64l/region/kab.res" 1555
"../../../Engine/Content/Internationalization/icudt64l/lang/kam.res" 1556
"../../../Engine/Content/Internationalization/icudt64l/region/kam.res" 1557
"../../../Engine/Content/Internationalization/icudt64l/lang/kde.res" 1558
"../../../Engine/Content/Internationalization/icudt64l/region/kde.res" 1559
"../../../Engine/Content/Internationalization/icudt64l/lang/kea.res" 1560
"../../../Engine/Content/Internationalization/icudt64l/region/kea.res" 1561
"../../../Engine/Content/Internationalization/icudt64l/lang/khq.res" 1562
"../../../Engine/Content/Internationalization/icudt64l/region/khq.res" 1563
"../../../Engine/Content/Internationalization/icudt64l/lang/ki.res" 1564
"../../../Engine/Content/Internationalization/icudt64l/region/ki.res" 1565
"../../../Engine/Content/Internationalization/icudt64l/lang/kk.res" 1566
"../../../Engine/Content/Internationalization/icudt64l/region/kk.res" 1567
"../../../Engine/Content/Internationalization/icudt64l/lang/kkj.res" 1568
"../../../Engine/Content/Internationalization/icudt64l/region/kkj.res" 1569
"../../../Engine/Content/Internationalization/icudt64l/lang/kl.res" 1570
"../../../Engine/Content/Internationalization/icudt64l/region/kl.res" 1571
"../../../Engine/Content/Internationalization/icudt64l/lang/kln.res" 1572
"../../../Engine/Content/Internationalization/icudt64l/region/kln.res" 1573
"../../../Engine/Content/Internationalization/icudt64l/lang/km.res" 1574
"../../../Engine/Content/Internationalization/icudt64l/region/km.res" 1575
"../../../Engine/Content/Internationalization/icudt64l/lang/kn.res" 1576
"../../../Engine/Content/Internationalization/icudt64l/region/kn.res" 1577
"../../../Engine/Content/Internationalization/icudt64l/lang/ko.res" 1578
"../../../Engine/Content/Internationalization/icudt64l/region/ko_KP.res" 1579
"../../../Engine/Content/Internationalization/icudt64l/region/ko.res" 1580
"../../../Engine/Content/Internationalization/icudt64l/lang/kok.res" 1581
"../../../Engine/Content/Internationalization/icudt64l/region/kok.res" 1582
"../../../Engine/Content/Internationalization/icudt64l/lang/ks.res" 1583
"../../../Engine/Content/Internationalization/icudt64l/region/ks.res" 1584
"../../../Engine/Content/Internationalization/icudt64l/lang/ksb.res" 1585
"../../../Engine/Content/Internationalization/icudt64l/region/ksb.res" 1586
"../../../Engine/Content/Internationalization/icudt64l/lang/ksf.res" 1587
"../../../Engine/Content/Internationalization/icudt64l/region/ksf.res" 1588
"../../../Engine/Content/Internationalization/icudt64l/lang/ksh.res" 1589
"../../../Engine/Content/Internationalization/icudt64l/region/ksh.res" 1590
"../../../Engine/Content/Internationalization/icudt64l/lang/ku.res" 1591
"../../../Engine/Content/Internationalization/icudt64l/region/ku.res" 1592
"../../../Engine/Content/Internationalization/icudt64l/lang/kw.res" 1593
"../../../Engine/Content/Internationalization/icudt64l/region/kw.res" 1594
"../../../Engine/Content/Internationalization/icudt64l/lang/ky.res" 1595
"../../../Engine/Content/Internationalization/icudt64l/region/ky.res" 1596
"../../../Engine/Content/Internationalization/icudt64l/lang/lag.res" 1597
"../../../Engine/Content/Internationalization/icudt64l/region/lag.res" 1598
"../../../Engine/Content/Internationalization/icudt64l/lang/lb.res" 1599
"../../../Engine/Content/Internationalization/icudt64l/region/lb.res" 1600
"../../../Engine/Content/Internationalization/icudt64l/lang/lg.res" 1601
"../../../Engine/Content/Internationalization/icudt64l/region/lg.res" 1602
"../../../Engine/Content/Internationalization/icudt64l/lang/lkt.res" 1603
"../../../Engine/Content/Internationalization/icudt64l/region/lkt.res" 1604
"../../../Engine/Content/Internationalization/icudt64l/lang/ln.res" 1605
"../../../Engine/Content/Internationalization/icudt64l/region/ln.res" 1606
"../../../Engine/Content/Internationalization/icudt64l/lang/lo.res" 1607
"../../../Engine/Content/Internationalization/icudt64l/region/lo.res" 1608
"../../../Engine/Content/Internationalization/icudt64l/lang/lrc.res" 1609
"../../../Engine/Content/Internationalization/icudt64l/region/lrc.res" 1610
"../../../Engine/Content/Internationalization/icudt64l/lang/lt.res" 1611
"../../../Engine/Content/Internationalization/icudt64l/region/lt.res" 1612
"../../../Engine/Content/Internationalization/icudt64l/lang/lu.res" 1613
"../../../Engine/Content/Internationalization/icudt64l/region/lu.res" 1614
"../../../Engine/Content/Internationalization/icudt64l/lang/luo.res" 1615
"../../../Engine/Content/Internationalization/icudt64l/region/luo.res" 1616
"../../../Engine/Content/Internationalization/icudt64l/lang/luy.res" 1617
"../../../Engine/Content/Internationalization/icudt64l/region/luy.res" 1618
"../../../Engine/Content/Internationalization/icudt64l/lang/lv.res" 1619
"../../../Engine/Content/Internationalization/icudt64l/region/lv.res" 1620
"../../../Engine/Content/Internationalization/icudt64l/lang/mas.res" 1621
"../../../Engine/Content/Internationalization/icudt64l/region/mas.res" 1622
"../../../Engine/Content/Internationalization/icudt64l/lang/mer.res" 1623
"../../../Engine/Content/Internationalization/icudt64l/region/mer.res" 1624
"../../../Engine/Content/Internationalization/icudt64l/lang/mfe.res" 1625
"../../../Engine/Content/Internationalization/icudt64l/region/mfe.res" 1626
"../../../Engine/Content/Internationalization/icudt64l/lang/mg.res" 1627
"../../../Engine/Content/Internationalization/icudt64l/region/mg.res" 1628
"../../../Engine/Content/Internationalization/icudt64l/lang/mgh.res" 1629
"../../../Engine/Content/Internationalization/icudt64l/region/mgh.res" 1630
"../../../Engine/Content/Internationalization/icudt64l/lang/mgo.res" 1631
"../../../Engine/Content/Internationalization/icudt64l/region/mgo.res" 1632
"../../../Engine/Content/Internationalization/icudt64l/lang/mi.res" 1633
"../../../Engine/Content/Internationalization/icudt64l/region/mi.res" 1634
"../../../Engine/Content/Internationalization/icudt64l/lang/mk.res" 1635
"../../../Engine/Content/Internationalization/icudt64l/region/mk.res" 1636
"../../../Engine/Content/Internationalization/icudt64l/lang/ml.res" 1637
"../../../Engine/Content/Internationalization/icudt64l/region/ml.res" 1638
"../../../Engine/Content/Internationalization/icudt64l/lang/mn.res" 1639
"../../../Engine/Content/Internationalization/icudt64l/region/mn.res" 1640
"../../../Engine/Content/Internationalization/icudt64l/lang/mr.res" 1641
"../../../Engine/Content/Internationalization/icudt64l/region/mr.res" 1642
"../../../Engine/Content/Internationalization/icudt64l/lang/ms.res" 1643
"../../../Engine/Content/Internationalization/icudt64l/region/ms.res" 1644
"../../../Engine/Content/Internationalization/icudt64l/lang/mt.res" 1645
"../../../Engine/Content/Internationalization/icudt64l/region/mt.res" 1646
"../../../Engine/Content/Internationalization/icudt64l/lang/mua.res" 1647
"../../../Engine/Content/Internationalization/icudt64l/region/mua.res" 1648
"../../../Engine/Content/Internationalization/icudt64l/lang/my.res" 1649
"../../../Engine/Content/Internationalization/icudt64l/region/my.res" 1650
"../../../Engine/Content/Internationalization/icudt64l/lang/mzn.res" 1651
"../../../Engine/Content/Internationalization/icudt64l/region/mzn.res" 1652
"../../../Engine/Content/Internationalization/icudt64l/lang/naq.res" 1653
"../../../Engine/Content/Internationalization/icudt64l/region/naq.res" 1654
"../../../Engine/Content/Internationalization/icudt64l/lang/nb.res" 1655
"../../../Engine/Content/Internationalization/icudt64l/lang/nb_NO.res" 1656
"../../../Engine/Content/Internationalization/icudt64l/region/nb_NO.res" 1657
"../../../Engine/Content/Internationalization/icudt64l/region/nb.res" 1658
"../../../Engine/Content/Internationalization/icudt64l/lang/nd.res" 1659
"../../../Engine/Content/Internationalization/icudt64l/region/nd.res" 1660
"../../../Engine/Content/Internationalization/icudt64l/lang/nds.res" 1661
"../../../Engine/Content/Internationalization/icudt64l/region/nds.res" 1662
"../../../Engine/Content/Internationalization/icudt64l/lang/ne.res" 1663
"../../../Engine/Content/Internationalization/icudt64l/region/ne.res" 1664
"../../../Engine/Content/Internationalization/icudt64l/lang/nl.res" 1665
"../../../Engine/Content/Internationalization/icudt64l/region/nl.res" 1666
"../../../Engine/Content/Internationalization/icudt64l/lang/nmg.res" 1667
"../../../Engine/Content/Internationalization/icudt64l/region/nmg.res" 1668
"../../../Engine/Content/Internationalization/icudt64l/lang/nn.res" 1669
"../../../Engine/Content/Internationalization/icudt64l/lang/nn_NO.res" 1670
"../../../Engine/Content/Internationalization/icudt64l/region/nn_NO.res" 1671
"../../../Engine/Content/Internationalization/icudt64l/region/nn.res" 1672
"../../../Engine/Content/Internationalization/icudt64l/lang/nnh.res" 1673
"../../../Engine/Content/Internationalization/icudt64l/region/nnh.res" 1674
"../../../Engine/Content/Internationalization/icudt64l/lang/nus.res" 1675
"../../../Engine/Content/Internationalization/icudt64l/region/nus.res" 1676
"../../../Engine/Content/Internationalization/icudt64l/lang/nyn.res" 1677
"../../../Engine/Content/Internationalization/icudt64l/region/nyn.res" 1678
"../../../Engine/Content/Internationalization/icudt64l/lang/om.res" 1679
"../../../Engine/Content/Internationalization/icudt64l/region/om.res" 1680
"../../../Engine/Content/Internationalization/icudt64l/lang/or.res" 1681
"../../../Engine/Content/Internationalization/icudt64l/region/or.res" 1682
"../../../Engine/Content/Internationalization/icudt64l/lang/os.res" 1683
"../../../Engine/Content/Internationalization/icudt64l/region/os.res" 1684
"../../../Engine/Content/Internationalization/icudt64l/lang/pa.res" 1685
"../../../Engine/Content/Internationalization/icudt64l/lang/pa_Arab.res" 1686
"../../../Engine/Content/Internationalization/icudt64l/lang/pa_PK.res" 1687
"../../../Engine/Content/Internationalization/icudt64l/lang/pa_Arab_PK.res" 1688
"../../../Engine/Content/Internationalization/icudt64l/region/pa_PK.res" 1689
"../../../Engine/Content/Internationalization/icudt64l/region/pa_Arab_PK.res" 1690
"../../../Engine/Content/Internationalization/icudt64l/region/pa_Arab.res" 1691
"../../../Engine/Content/Internationalization/icudt64l/lang/pa_Guru.res" 1692
"../../../Engine/Content/Internationalization/icudt64l/lang/pa_IN.res" 1693
"../../../Engine/Content/Internationalization/icudt64l/lang/pa_Guru_IN.res" 1694
"../../../Engine/Content/Internationalization/icudt64l/region/pa_IN.res" 1695
"../../../Engine/Content/Internationalization/icudt64l/region/pa_Guru_IN.res" 1696
"../../../Engine/Content/Internationalization/icudt64l/region/pa_Guru.res" 1697
"../../../Engine/Content/Internationalization/icudt64l/region/pa.res" 1698
"../../../Engine/Content/Internationalization/icudt64l/lang/pl.res" 1699
"../../../Engine/Content/Internationalization/icudt64l/region/pl.res" 1700
"../../../Engine/Content/Internationalization/icudt64l/lang/ps.res" 1701
"../../../Engine/Content/Internationalization/icudt64l/region/ps.res" 1702
"../../../Engine/Content/Internationalization/icudt64l/lang/ps_PK.res" 1703
"../../../Engine/Content/Internationalization/icudt64l/region/ps_PK.res" 1704
"../../../Engine/Content/Internationalization/icudt64l/lang/pt.res" 1705
"../../../Engine/Content/Internationalization/icudt64l/lang/pt_AO.res" 1706
"../../../Engine/Content/Internationalization/icudt64l/lang/pt_PT.res" 1707
"../../../Engine/Content/Internationalization/icudt64l/region/pt_AO.res" 1708
"../../../Engine/Content/Internationalization/icudt64l/region/pt_PT.res" 1709
"../../../Engine/Content/Internationalization/icudt64l/region/pt.res" 1710
"../../../Engine/Content/Internationalization/icudt64l/lang/pt_CH.res" 1711
"../../../Engine/Content/Internationalization/icudt64l/region/pt_CH.res" 1712
"../../../Engine/Content/Internationalization/icudt64l/lang/pt_CV.res" 1713
"../../../Engine/Content/Internationalization/icudt64l/region/pt_CV.res" 1714
"../../../Engine/Content/Internationalization/icudt64l/lang/pt_GQ.res" 1715
"../../../Engine/Content/Internationalization/icudt64l/region/pt_GQ.res" 1716
"../../../Engine/Content/Internationalization/icudt64l/lang/pt_GW.res" 1717
"../../../Engine/Content/Internationalization/icudt64l/region/pt_GW.res" 1718
"../../../Engine/Content/Internationalization/icudt64l/lang/pt_LU.res" 1719
"../../../Engine/Content/Internationalization/icudt64l/region/pt_LU.res" 1720
"../../../Engine/Content/Internationalization/icudt64l/lang/pt_MO.res" 1721
"../../../Engine/Content/Internationalization/icudt64l/region/pt_MO.res" 1722
"../../../Engine/Content/Internationalization/icudt64l/lang/pt_MZ.res" 1723
"../../../Engine/Content/Internationalization/icudt64l/region/pt_MZ.res" 1724
"../../../Engine/Content/Internationalization/icudt64l/lang/pt_ST.res" 1725
"../../../Engine/Content/Internationalization/icudt64l/region/pt_ST.res" 1726
"../../../Engine/Content/Internationalization/icudt64l/lang/pt_TL.res" 1727
"../../../Engine/Content/Internationalization/icudt64l/region/pt_TL.res" 1728
"../../../Engine/Content/Internationalization/icudt64l/lang/qu.res" 1729
"../../../Engine/Content/Internationalization/icudt64l/region/qu.res" 1730
"../../../Engine/Content/Internationalization/icudt64l/lang/rm.res" 1731
"../../../Engine/Content/Internationalization/icudt64l/region/rm.res" 1732
"../../../Engine/Content/Internationalization/icudt64l/lang/rn.res" 1733
"../../../Engine/Content/Internationalization/icudt64l/region/rn.res" 1734
"../../../Engine/Content/Internationalization/icudt64l/lang/ro.res" 1735
"../../../Engine/Content/Internationalization/icudt64l/lang/ro_MD.res" 1736
"../../../Engine/Content/Internationalization/icudt64l/region/ro_MD.res" 1737
"../../../Engine/Content/Internationalization/icudt64l/region/ro.res" 1738
"../../../Engine/Content/Internationalization/icudt64l/lang/rof.res" 1739
"../../../Engine/Content/Internationalization/icudt64l/region/rof.res" 1740
"../../../Engine/Content/Internationalization/icudt64l/lang/ru.res" 1741
"../../../Engine/Content/Internationalization/icudt64l/region/ru.res" 1742
"../../../Engine/Content/Internationalization/icudt64l/region/ru_UA.res" 1743
"../../../Engine/Content/Internationalization/icudt64l/lang/rw.res" 1744
"../../../Engine/Content/Internationalization/icudt64l/region/rw.res" 1745
"../../../Engine/Content/Internationalization/icudt64l/lang/rwk.res" 1746
"../../../Engine/Content/Internationalization/icudt64l/region/rwk.res" 1747
"../../../Engine/Content/Internationalization/icudt64l/lang/sah.res" 1748
"../../../Engine/Content/Internationalization/icudt64l/region/sah.res" 1749
"../../../Engine/Content/Internationalization/icudt64l/lang/saq.res" 1750
"../../../Engine/Content/Internationalization/icudt64l/region/saq.res" 1751
"../../../Engine/Content/Internationalization/icudt64l/lang/sbp.res" 1752
"../../../Engine/Content/Internationalization/icudt64l/region/sbp.res" 1753
"../../../Engine/Content/Internationalization/icudt64l/lang/sd.res" 1754
"../../../Engine/Content/Internationalization/icudt64l/region/sd.res" 1755
"../../../Engine/Content/Internationalization/icudt64l/lang/se.res" 1756
"../../../Engine/Content/Internationalization/icudt64l/lang/se_FI.res" 1757
"../../../Engine/Content/Internationalization/icudt64l/region/se_FI.res" 1758
"../../../Engine/Content/Internationalization/icudt64l/region/se.res" 1759
"../../../Engine/Content/Internationalization/icudt64l/lang/seh.res" 1760
"../../../Engine/Content/Internationalization/icudt64l/region/seh.res" 1761
"../../../Engine/Content/Internationalization/icudt64l/lang/ses.res" 1762
"../../../Engine/Content/Internationalization/icudt64l/region/ses.res" 1763
"../../../Engine/Content/Internationalization/icudt64l/lang/sg.res" 1764
"../../../Engine/Content/Internationalization/icudt64l/region/sg.res" 1765
"../../../Engine/Content/Internationalization/icudt64l/lang/shi.res" 1766
"../../../Engine/Content/Internationalization/icudt64l/lang/shi_Latn.res" 1767
"../../../Engine/Content/Internationalization/icudt64l/lang/shi_MA.res" 1768
"../../../Engine/Content/Internationalization/icudt64l/lang/shi_Tfng_MA.res" 1769
"../../../Engine/Content/Internationalization/icudt64l/lang/shi_Tfng.res" 1770
"../../../Engine/Content/Internationalization/icudt64l/region/shi_MA.res" 1771
"../../../Engine/Content/Internationalization/icudt64l/region/shi_Tfng_MA.res" 1772
"../../../Engine/Content/Internationalization/icudt64l/region/shi_Tfng.res" 1773
"../../../Engine/Content/Internationalization/icudt64l/region/shi.res" 1774
"../../../Engine/Content/Internationalization/icudt64l/region/shi_Latn.res" 1775
"../../../Engine/Content/Internationalization/icudt64l/lang/si.res" 1776
"../../../Engine/Content/Internationalization/icudt64l/region/si.res" 1777
"../../../Engine/Content/Internationalization/icudt64l/lang/sk.res" 1778
"../../../Engine/Content/Internationalization/icudt64l/region/sk.res" 1779
"../../../Engine/Content/Internationalization/icudt64l/lang/sl.res" 1780
"../../../Engine/Content/Internationalization/icudt64l/region/sl.res" 1781
"../../../Engine/Content/Internationalization/icudt64l/lang/smn.res" 1782
"../../../Engine/Content/Internationalization/icudt64l/region/smn.res" 1783
"../../../Engine/Content/Internationalization/icudt64l/lang/sn.res" 1784
"../../../Engine/Content/Internationalization/icudt64l/region/sn.res" 1785
"../../../Engine/Content/Internationalization/icudt64l/lang/so.res" 1786
"../../../Engine/Content/Internationalization/icudt64l/region/so.res" 1787
"../../../Engine/Content/Internationalization/icudt64l/lang/sq.res" 1788
"../../../Engine/Content/Internationalization/icudt64l/region/sq.res" 1789
"../../../Engine/Content/Internationalization/icudt64l/lang/sr.res" 1790
"../../../Engine/Content/Internationalization/icudt64l/lang/sr_Cyrl.res" 1791
"../../../Engine/Content/Internationalization/icudt64l/lang/sr_BA.res" 1792
"../../../Engine/Content/Internationalization/icudt64l/lang/sr_Cyrl_BA.res" 1793
"../../../Engine/Content/Internationalization/icudt64l/region/sr_BA.res" 1794
"../../../Engine/Content/Internationalization/icudt64l/region/sr_Cyrl_BA.res" 1795
"../../../Engine/Content/Internationalization/icudt64l/region/sr_Cyrl.res" 1796
"../../../Engine/Content/Internationalization/icudt64l/region/sr.res" 1797
"../../../Engine/Content/Internationalization/icudt64l/lang/sr_ME.res" 1798
"../../../Engine/Content/Internationalization/icudt64l/lang/sr_Latn_ME.res" 1799
"../../../Engine/Content/Internationalization/icudt64l/lang/sr_Latn.res" 1800
"../../../Engine/Content/Internationalization/icudt64l/region/sr_ME.res" 1801
"../../../Engine/Content/Internationalization/icudt64l/region/sr_Latn_ME.res" 1802
"../../../Engine/Content/Internationalization/icudt64l/region/sr_Latn.res" 1803
"../../../Engine/Content/Internationalization/icudt64l/lang/sr_Cyrl_ME.res" 1804
"../../../Engine/Content/Internationalization/icudt64l/region/sr_Cyrl_ME.res" 1805
"../../../Engine/Content/Internationalization/icudt64l/lang/sr_RS.res" 1806
"../../../Engine/Content/Internationalization/icudt64l/lang/sr_Cyrl_RS.res" 1807
"../../../Engine/Content/Internationalization/icudt64l/region/sr_RS.res" 1808
"../../../Engine/Content/Internationalization/icudt64l/region/sr_Cyrl_RS.res" 1809
"../../../Engine/Content/Internationalization/icudt64l/lang/sr_XK.res" 1810
"../../../Engine/Content/Internationalization/icudt64l/lang/sr_Cyrl_XK.res" 1811
"../../../Engine/Content/Internationalization/icudt64l/region/sr_XK.res" 1812
"../../../Engine/Content/Internationalization/icudt64l/region/sr_Cyrl_XK.res" 1813
"../../../Engine/Content/Internationalization/icudt64l/lang/sr_Latn_BA.res" 1814
"../../../Engine/Content/Internationalization/icudt64l/region/sr_Latn_BA.res" 1815
"../../../Engine/Content/Internationalization/icudt64l/lang/sr_Latn_RS.res" 1816
"../../../Engine/Content/Internationalization/icudt64l/region/sr_Latn_RS.res" 1817
"../../../Engine/Content/Internationalization/icudt64l/lang/sr_Latn_XK.res" 1818
"../../../Engine/Content/Internationalization/icudt64l/region/sr_Latn_XK.res" 1819
"../../../Engine/Content/Internationalization/icudt64l/lang/sv.res" 1820
"../../../Engine/Content/Internationalization/icudt64l/region/sv.res" 1821
"../../../Engine/Content/Internationalization/icudt64l/lang/sv_FI.res" 1822
"../../../Engine/Content/Internationalization/icudt64l/lang/sw.res" 1823
"../../../Engine/Content/Internationalization/icudt64l/lang/sw_CD.res" 1824
"../../../Engine/Content/Internationalization/icudt64l/region/sw_CD.res" 1825
"../../../Engine/Content/Internationalization/icudt64l/region/sw.res" 1826
"../../../Engine/Content/Internationalization/icudt64l/lang/sw_KE.res" 1827
"../../../Engine/Content/Internationalization/icudt64l/region/sw_KE.res" 1828
"../../../Engine/Content/Internationalization/icudt64l/lang/ta.res" 1829
"../../../Engine/Content/Internationalization/icudt64l/region/ta.res" 1830
"../../../Engine/Content/Internationalization/icudt64l/lang/te.res" 1831
"../../../Engine/Content/Internationalization/icudt64l/region/te.res" 1832
"../../../Engine/Content/Internationalization/icudt64l/lang/teo.res" 1833
"../../../Engine/Content/Internationalization/icudt64l/region/teo.res" 1834
"../../../Engine/Content/Internationalization/icudt64l/lang/tg.res" 1835
"../../../Engine/Content/Internationalization/icudt64l/region/tg.res" 1836
"../../../Engine/Content/Internationalization/icudt64l/lang/th.res" 1837
"../../../Engine/Content/Internationalization/icudt64l/lang/th_TH.res" 1838
"../../../Engine/Content/Internationalization/icudt64l/region/th_TH.res" 1839
"../../../Engine/Content/Internationalization/icudt64l/region/th.res" 1840
"../../../Engine/Content/Internationalization/icudt64l/lang/ti.res" 1841
"../../../Engine/Content/Internationalization/icudt64l/region/ti.res" 1842
"../../../Engine/Content/Internationalization/icudt64l/lang/tk.res" 1843
"../../../Engine/Content/Internationalization/icudt64l/region/tk.res" 1844
"../../../Engine/Content/Internationalization/icudt64l/lang/to.res" 1845
"../../../Engine/Content/Internationalization/icudt64l/region/to.res" 1846
"../../../Engine/Content/Internationalization/icudt64l/lang/tr.res" 1847
"../../../Engine/Content/Internationalization/icudt64l/region/tr.res" 1848
"../../../Engine/Content/Internationalization/icudt64l/lang/tt.res" 1849
"../../../Engine/Content/Internationalization/icudt64l/region/tt.res" 1850
"../../../Engine/Content/Internationalization/icudt64l/lang/twq.res" 1851
"../../../Engine/Content/Internationalization/icudt64l/region/twq.res" 1852
"../../../Engine/Content/Internationalization/icudt64l/lang/tzm.res" 1853
"../../../Engine/Content/Internationalization/icudt64l/region/tzm.res" 1854
"../../../Engine/Content/Internationalization/icudt64l/lang/ug.res" 1855
"../../../Engine/Content/Internationalization/icudt64l/region/ug.res" 1856
"../../../Engine/Content/Internationalization/icudt64l/lang/uk.res" 1857
"../../../Engine/Content/Internationalization/icudt64l/region/uk.res" 1858
"../../../Engine/Content/Internationalization/icudt64l/lang/ur.res" 1859
"../../../Engine/Content/Internationalization/icudt64l/lang/ur_IN.res" 1860
"../../../Engine/Content/Internationalization/icudt64l/region/ur_IN.res" 1861
"../../../Engine/Content/Internationalization/icudt64l/region/ur.res" 1862
"../../../Engine/Content/Internationalization/icudt64l/lang/uz.res" 1863
"../../../Engine/Content/Internationalization/icudt64l/lang/uz_Arab.res" 1864
"../../../Engine/Content/Internationalization/icudt64l/lang/uz_AF.res" 1865
"../../../Engine/Content/Internationalization/icudt64l/lang/uz_Arab_AF.res" 1866
"../../../Engine/Content/Internationalization/icudt64l/region/uz_AF.res" 1867
"../../../Engine/Content/Internationalization/icudt64l/region/uz_Arab_AF.res" 1868
"../../../Engine/Content/Internationalization/icudt64l/region/uz_Arab.res" 1869
"../../../Engine/Content/Internationalization/icudt64l/lang/uz_Cyrl.res" 1870
"../../../Engine/Content/Internationalization/icudt64l/lang/uz_UZ.res" 1871
"../../../Engine/Content/Internationalization/icudt64l/lang/uz_Latn_UZ.res" 1872
"../../../Engine/Content/Internationalization/icudt64l/lang/uz_Latn.res" 1873
"../../../Engine/Content/Internationalization/icudt64l/region/uz_UZ.res" 1874
"../../../Engine/Content/Internationalization/icudt64l/region/uz_Latn_UZ.res" 1875
"../../../Engine/Content/Internationalization/icudt64l/region/uz_Latn.res" 1876
"../../../Engine/Content/Internationalization/icudt64l/region/uz.res" 1877
"../../../Engine/Content/Internationalization/icudt64l/region/uz_Cyrl.res" 1878
"../../../Engine/Content/Internationalization/icudt64l/lang/vai.res" 1879
"../../../Engine/Content/Internationalization/icudt64l/lang/vai_Latn.res" 1880
"../../../Engine/Content/Internationalization/icudt64l/lang/vai_LR.res" 1881
"../../../Engine/Content/Internationalization/icudt64l/lang/vai_Vaii_LR.res" 1882
"../../../Engine/Content/Internationalization/icudt64l/lang/vai_Vaii.res" 1883
"../../../Engine/Content/Internationalization/icudt64l/region/vai_LR.res" 1884
"../../../Engine/Content/Internationalization/icudt64l/region/vai_Vaii_LR.res" 1885
"../../../Engine/Content/Internationalization/icudt64l/region/vai_Vaii.res" 1886
"../../../Engine/Content/Internationalization/icudt64l/region/vai.res" 1887
"../../../Engine/Content/Internationalization/icudt64l/region/vai_Latn.res" 1888
"../../../Engine/Content/Internationalization/icudt64l/lang/vi.res" 1889
"../../../Engine/Content/Internationalization/icudt64l/region/vi.res" 1890
"../../../Engine/Content/Internationalization/icudt64l/lang/vun.res" 1891
"../../../Engine/Content/Internationalization/icudt64l/region/vun.res" 1892
"../../../Engine/Content/Internationalization/icudt64l/lang/wae.res" 1893
"../../../Engine/Content/Internationalization/icudt64l/region/wae.res" 1894
"../../../Engine/Content/Internationalization/icudt64l/lang/wo.res" 1895
"../../../Engine/Content/Internationalization/icudt64l/region/wo.res" 1896
"../../../Engine/Content/Internationalization/icudt64l/lang/xh.res" 1897
"../../../Engine/Content/Internationalization/icudt64l/region/xh.res" 1898
"../../../Engine/Content/Internationalization/icudt64l/lang/xog.res" 1899
"../../../Engine/Content/Internationalization/icudt64l/region/xog.res" 1900
"../../../Engine/Content/Internationalization/icudt64l/lang/yav.res" 1901
"../../../Engine/Content/Internationalization/icudt64l/region/yav.res" 1902
"../../../Engine/Content/Internationalization/icudt64l/lang/yi.res" 1903
"../../../Engine/Content/Internationalization/icudt64l/region/yi.res" 1904
"../../../Engine/Content/Internationalization/icudt64l/lang/yo.res" 1905
"../../../Engine/Content/Internationalization/icudt64l/lang/yo_BJ.res" 1906
"../../../Engine/Content/Internationalization/icudt64l/region/yo_BJ.res" 1907
"../../../Engine/Content/Internationalization/icudt64l/region/yo.res" 1908
"../../../Engine/Content/Internationalization/icudt64l/lang/yue.res" 1909
"../../../Engine/Content/Internationalization/icudt64l/lang/yue_Hans.res" 1910
"../../../Engine/Content/Internationalization/icudt64l/lang/yue_CN.res" 1911
"../../../Engine/Content/Internationalization/icudt64l/lang/yue_Hans_CN.res" 1912
"../../../Engine/Content/Internationalization/icudt64l/region/yue_CN.res" 1913
"../../../Engine/Content/Internationalization/icudt64l/region/yue_Hans_CN.res" 1914
"../../../Engine/Content/Internationalization/icudt64l/region/yue_Hans.res" 1915
"../../../Engine/Content/Internationalization/icudt64l/lang/yue_Hant.res" 1916
"../../../Engine/Content/Internationalization/icudt64l/lang/yue_HK.res" 1917
"../../../Engine/Content/Internationalization/icudt64l/lang/yue_Hant_HK.res" 1918
"../../../Engine/Content/Internationalization/icudt64l/region/yue_HK.res" 1919
"../../../Engine/Content/Internationalization/icudt64l/region/yue_Hant_HK.res" 1920
"../../../Engine/Content/Internationalization/icudt64l/region/yue_Hant.res" 1921
"../../../Engine/Content/Internationalization/icudt64l/region/yue.res" 1922
"../../../Engine/Content/Internationalization/icudt64l/lang/zgh.res" 1923
"../../../Engine/Content/Internationalization/icudt64l/region/zgh.res" 1924
"../../../Engine/Content/Internationalization/icudt64l/lang/zh.res" 1925
"../../../Engine/Content/Internationalization/icudt64l/lang/zh_Hans.res" 1926
"../../../Engine/Content/Internationalization/icudt64l/lang/zh_CN.res" 1927
"../../../Engine/Content/Internationalization/icudt64l/lang/zh_Hans_CN.res" 1928
"../../../Engine/Content/Internationalization/icudt64l/region/zh_CN.res" 1929
"../../../Engine/Content/Internationalization/icudt64l/region/zh_Hans_CN.res" 1930
"../../../Engine/Content/Internationalization/icudt64l/region/zh_Hans.res" 1931
"../../../Engine/Content/Internationalization/icudt64l/region/zh.res" 1932
"../../../Engine/Content/Internationalization/icudt64l/lang/zh_HK.res" 1933
"../../../Engine/Content/Internationalization/icudt64l/lang/zh_Hant_HK.res" 1934
"../../../Engine/Content/Internationalization/icudt64l/lang/zh_Hant.res" 1935
"../../../Engine/Content/Internationalization/icudt64l/region/zh_HK.res" 1936
"../../../Engine/Content/Internationalization/icudt64l/region/zh_Hant_HK.res" 1937
"../../../Engine/Content/Internationalization/icudt64l/region/zh_Hant.res" 1938
"../../../Engine/Content/Internationalization/icudt64l/lang/zh_MO.res" 1939
"../../../Engine/Content/Internationalization/icudt64l/lang/zh_Hant_MO.res" 1940
"../../../Engine/Content/Internationalization/icudt64l/region/zh_MO.res" 1941
"../../../Engine/Content/Internationalization/icudt64l/region/zh_Hant_MO.res" 1942
"../../../Engine/Content/Internationalization/icudt64l/lang/zh_SG.res" 1943
"../../../Engine/Content/Internationalization/icudt64l/lang/zh_Hans_SG.res" 1944
"../../../Engine/Content/Internationalization/icudt64l/region/zh_SG.res" 1945
"../../../Engine/Content/Internationalization/icudt64l/region/zh_Hans_SG.res" 1946
"../../../Engine/Content/Internationalization/icudt64l/lang/zh_TW.res" 1947
"../../../Engine/Content/Internationalization/icudt64l/lang/zh_Hant_TW.res" 1948
"../../../Engine/Content/Internationalization/icudt64l/region/zh_TW.res" 1949
"../../../Engine/Content/Internationalization/icudt64l/region/zh_Hant_TW.res" 1950
"../../../Engine/Content/Internationalization/icudt64l/lang/zu.res" 1951
"../../../Engine/Content/Internationalization/icudt64l/region/zu.res" 1952
"../../../Engine/Content/Internationalization/icudt64l/lang/no.res" 1953
"../../../Engine/Content/Internationalization/icudt64l/lang/tl.res" 1954
"../../../Engine/Config/Android/DataDrivenPlatformInfo.ini" 1955
"../../../Engine/Config/IOS/DataDrivenPlatformInfo.ini" 1956
"../../../Engine/Config/Linux/DataDrivenPlatformInfo.ini" 1957
"../../../Engine/Config/Mac/DataDrivenPlatformInfo.ini" 1958
"../../../Engine/Config/TVOS/DataDrivenPlatformInfo.ini" 1959
"../../../Engine/Config/Unix/DataDrivenPlatformInfo.ini" 1960
"../../../Engine/Config/VulkanPC/DataDrivenPlatformInfo.ini" 1961
"../../../Engine/Config/Windows/DataDrivenPlatformInfo.ini" 1962
"../../../Engine/Platforms/VisionOS/Config/DataDrivenPlatformInfo.ini" 1963
"../../../Engine/Content/Renderer/TessellationTable.bin" 1964
"../../../Engine/DerivedDataCache/Compressed.ddp" 1965
"C:/Users/maria/AppData/Local/UnrealEngine/5.6/Saved/Zen/zen.version" 1966
"C:/Users/maria/AppData/Local/UnrealEngine/Common/Zen/Install/zen.version" 1967
"C:/Users/maria/AppData/Local/UnrealEngine/Common/Zen/Install/zenserver.runcontext" 1968
"C:/Users/maria/AppData/Local/UnrealEngine/Common/DerivedDataCache/TestData/0/TestData_4kb.dat" 1969
"C:/Users/maria/AppData/Local/UnrealEngine/Common/DerivedDataCache/TestData/1/TestData_4kb.dat" 1970
"C:/Users/maria/AppData/Local/UnrealEngine/Common/DerivedDataCache/TestData/0/TestData_8kb.dat" 1971
"C:/Users/maria/AppData/Local/UnrealEngine/Common/DerivedDataCache/TestData/1/TestData_8kb.dat" 1972
"C:/Users/maria/AppData/Local/UnrealEngine/Common/DerivedDataCache/TestData/0/TestData_16kb.dat" 1973
"C:/Users/maria/AppData/Local/UnrealEngine/Common/DerivedDataCache/TestData/1/TestData_16kb.dat" 1974
"C:/Users/maria/AppData/Local/UnrealEngine/Common/DerivedDataCache/TestData/0/TestData_64kb.dat" 1975
"C:/Users/maria/AppData/Local/UnrealEngine/Common/DerivedDataCache/TestData/1/TestData_64kb.dat" 1976
"C:/Users/maria/AppData/Local/UnrealEngine/Common/DerivedDataCache/TestData/0/TestData_128kb.dat" 1977
"C:/Users/maria/AppData/Local/UnrealEngine/Common/DerivedDataCache/TestData/1/TestData_128kb.dat" 1978
"C:/Users/maria/AppData/Local/UnrealEngine/Common/DerivedDataCache/TestData/0/TestData_256kb.dat" 1979
"C:/Users/maria/AppData/Local/UnrealEngine/Common/DerivedDataCache/TestData/1/TestData_256kb.dat" 1980
"C:/Users/maria/AppData/Roaming/Unreal Engine/UnrealBuildTool/BuildConfiguration.xml" 1981
"../../../../../../Users/maria/Desktop/proyecto II/AtaqueGamba/Intermediate/ShaderAutogen/PCD3D_SM6/AutogenShaderHeaders.ush" 1982
"../../../Engine/Shaders/Private/HairStrands/HairStrandsVertexFactory.ush" 1983
"../../../Engine/Shaders/Private/VertexFactoryCommon.ush" 1984
"../../../Engine/Shaders/Private/Common.ush" 1985
"../../../Engine/Shaders/Public/Platform.ush" 1986
"../../../Engine/Shaders/Public/FP16Math.ush" 1987
"../../../Engine/Shaders/Public/Platform/D3D/D3DCommon.ush" 1988
"../../../Engine/Shaders/Shared/HLSLReservedSpaces.h" 1989
"../../../Engine/Shaders/Public/BindlessResources.ush" 1990
"../../../Engine/Shaders/Public/Platform/D3D/PlatformBindlessResources.ush" 1991
"../../../Engine/Shaders/Shared/RayTracingBuiltInResources.h" 1992
"../../../Engine/Shaders/Shared/RayTracingDefinitions.h" 1993
"../../../Engine/Shaders/Public/OverloadMacros.ush" 1994
"../../../Engine/Shaders/Public/ShaderVersion.ush" 1995
"../../../Engine/Shaders/Shared/ThirdParty/NVIDIA/nvHLSLExtns.h" 1996
"../../../Engine/Shaders/Shared/ThirdParty/NVIDIA/nvHLSLExtnsInternal.h" 1997
"../../../Engine/Shaders/Shared/ThirdParty/NVIDIA/nvShaderExtnEnums.h" 1998
"../../../Engine/Shaders/Private/PackUnpack.ush" 1999
"../../../Engine/Shaders/Private/GeneratedUniformBufferTypes.ush" 2000
"../../../Engine/Shaders/Private/Nanite/NanitePackedNaniteView.ush" 2001
"../../../Engine/Shaders/Private/HairStrands/HairStrandsVisibilityCommonStruct.ush" 2002
"../../../Engine/Shaders/Private/HairStrands/HairStrandsVoxelPageCommonStruct.ush" 2003
"../../../Engine/Shaders/Private/HairStrands/HairStrandsDeepShadowCommonStruct.ush" 2004
"../../../Engine/Shaders/Shared/LightSceneData.h" 2005
"../../../Engine/Shaders/Shared/HLSLTypeAliases.h" 2006
"../../../Engine/Shaders/Private/LargeWorldCoordinates.ush" 2007
"../../../Engine/Shaders/Private/DoubleFloat.ush" 2008
"../../../Engine/Shaders/Private/RandomPCG.ush" 2009
"../../../Engine/Shaders/Private/DoubleFloatOperations.ush" 2010
"../../../Engine/Shaders/Private/DoubleFloatVectorDefinition.ush" 2011
"../../../Engine/Shaders/Private/LWCOperations.ush" 2012
"../../../Engine/Shaders/Shared/LightViewData.h" 2013
"../../../Engine/Shaders/Shared/RayTracingTypes.h" 2014
"../../../Engine/Shaders/Shared/HLSLStaticAssert.h" 2015
"../../../Engine/Shaders/Private/CommonViewUniformBuffer.ush" 2016
"../../../Engine/Shaders/Private/InstancedStereo.ush" 2017
"../../../Engine/Shaders/Private/Definitions.usf" 2018
"../../../Engine/Shaders/Private/AssertionMacros.ush" 2019
"../../../Engine/Shaders/Private/FastMath.ush" 2020
"../../../Engine/Shaders/Private/FastMathThirdParty.ush" 2021
"../../../Engine/Shaders/Private/Random.ush" 2022
"../../../Engine/Shaders/Private/RandomInterleavedGradientNoise.ush" 2023
"../../../Engine/Shaders/Private/SceneData.ush" 2024
"../../../Engine/Shaders/Private/OctahedralCommon.ush" 2025
"../../../Engine/Shaders/Private/WaveOpUtil.ush" 2026
"../../../Engine/Shaders/Private/ByteBuffer.ush" 2027
"../../../Engine/Shaders/Shared/SceneDefinitions.h" 2028
"../../../Engine/Shaders/Private/SceneDataMobileLoader.ush" 2029
"../../../Engine/Shaders/Private/LocalVertexFactoryCommon.ush" 2030
"../../../Engine/Shaders/Private/HairStrands/HairStrandsVisibilityCommon.ush" 2031
"../../../Engine/Shaders/Shared/HairStrandsDefinitions.h" 2032
"../../../Engine/Shaders/Private/HairStrands/HairStrandsVertexFactoryCommon.ush" 2033
"../../../Engine/Shaders/Private/HairStrands/HairStrandsPack.ush" 2034
"../../../Engine/Shaders/Private/HairStrands/HairStrandsAttributeCommon.ush" 2035
"../../../Engine/Shaders/Private/HairStrands/HairStrandsAttributeTemplate.ush" 2036
"../../../Engine/Shaders/Private/VertexFactoryDefaultInterface.ush" 2037
"../../../Engine/Shaders/Private/HairStrands/HairCardsVertexFactory.ush" 2038
"../../../Engine/Shaders/Private/HairStrands/HairCardsAttributeCommon.ush" 2039
"../../../Engine/Shaders/Private/RayTracing/RayTracingCommon.ush" 2040
"../../../Engine/Shaders/Private/ShadingCommon.ush" 2041
"../../../Engine/Shaders/Shared/RayTracingPayloadType.h" 2042
"../../../Engine/Shaders/Private/RayTracing/RayTracingRayCone.ush" 2043
"../../../Engine/Shaders/Private/Substrate/Substrate.ush" 2044
"../../../Engine/Shaders/Private/ShadingEnergyConservation.ush" 2045
"../../../Engine/Shaders/Private/ShadingEnergyConservationTemplate.ush" 2046
"../../../Engine/Shaders/Private/BRDF.ush" 2047
"../../../Engine/Shaders/Private/ColorSpace.ush" 2048
"../../../Engine/Shaders/Private/DeferredShadingCommon.ush" 2049
"../../../Engine/Shaders/Private/LightAccumulator.ush" 2050
"../../../Engine/Shaders/Private/SceneTexturesCommon.ush" 2051
"../../../Engine/Shaders/Private/MonteCarlo.ush" 2052
"../../../Engine/Shaders/Private/GBufferHelpers.ush" 2053
"../../../Engine/Shaders/Private/SceneTextureParameters.ush" 2054
"C:/Users/maria/Desktop/proyecto II/AtaqueGamba/Intermediate/ShaderAutogen/PCD3D_SM6/AutogenShaderHeaders.ush" 2055
"../../../Engine/Shaders/Private/ParticipatingMediaCommon.ush" 2056
"../../../Engine/Shaders/Private/ThinFilmBSDF.ush" 2057
"../../../Engine/Shaders/Private/MortonCode.ush" 2058
"../../../Engine/Shaders/Private/SubsurfaceProfileCommon.ush" 2059
"../../../Engine/Shaders/Private/BurleyNormalizedSSSCommon.ush" 2060
"../../../Engine/Shaders/Private/GammaCorrectionCommon.ush" 2061
"../../../Engine/Shaders/Shared/SubstrateDefinitions.h" 2062
"../../../Engine/Shaders/Private/Substrate/SubstrateStatisticalOperators.ush" 2063
"../../../Engine/Shaders/Private/Substrate/SubstrateSubsurface.ush" 2064
"../../../Engine/Shaders/Private/TransmissionCommon.ush" 2065
"../../../Engine/Shaders/Private/Substrate/SubstrateExportCommon.ush" 2066
"../../../Engine/Shaders/Private/SpecularProfileCommon.ush" 2067
"../../../Engine/Shaders/Private/RayTracing/RayTracingCommonMetal.ush" 2068
"../../../Engine/Shaders/Private/PositionReconstructionCommon.ush" 2069
"../../../Engine/Shaders/Private/RayTracing/TraceRayInline.ush" 2070
"../../../Engine/Shaders/Private/RayTracing/TraceRayInlineCommon.ush" 2071
"../../../Engine/Shaders/Private/RayTracing/TraceRayInlineVulkan.ush" 2072
"../../../Engine/Shaders/Private/RayTracing/TraceRayInlineMetal.ush" 2073
"../../../Engine/Shaders/Private/RayTracing/TraceRayInlineD3D12.ush" 2074
"../../../Engine/Shaders/Private/RayTracing/RayTracingHitGroupCommon.ush" 2075
"../../../Engine/Shaders/Private/Nanite/NaniteRayTrace.ush" 2076
"../../../Engine/Shaders/Private/Nanite/NaniteDataDecode.ush" 2077
"../../../Engine/Shaders/Private/BitPacking.ush" 2078
"../../../Engine/Shaders/Private/BitStreamReaderImplementation.ush" 2079
"../../../Engine/Shaders/Private/BoneTransform.ush" 2080
"../../../Engine/Shaders/Private/Quaternion.ush" 2081
"../../../Engine/Shaders/Shared/NaniteDefinitions.h" 2082
"../../../Engine/Shaders/Shared/SkinningDefinitions.h" 2083
"../../../Engine/Shaders/Private/Nanite/NaniteAttributeDecode.ush" 2084
"../../../Engine/Shaders/Private/Barycentrics.ush" 2085
"../../../Engine/Shaders/Private/DualNumber.ush" 2086
"../../../Engine/Shaders/Shared/ThirdParty/RayTriangleIntersection.h" 2087
"../../../Engine/Shaders/Private/Nanite/NaniteVertexFetch.ush" 2088
"../../../Engine/Shaders/Private/Nanite/NaniteSceneCommon.ush" 2089
"../../../Engine/Plugins/FX/Niagara/Shaders/Private/NiagaraSpriteVertexFactory.ush" 2090
"../../../Engine/Shaders/Private/ParticleVertexFactoryCommon.ush" 2091
"../../../Engine/Plugins/FX/Niagara/Shaders/Private/NiagaraVFCommon.usf" 2092
"../../../Engine/Plugins/FX/Niagara/Shaders/Private/NiagaraVFParticleAccess.usf" 2093
"../../../Engine/Plugins/FX/Niagara/Shaders/Private/NiagaraParticleAccess.ush" 2094
"../../../Engine/Plugins/FX/Niagara/Shaders/Private/NiagaraRibbonVertexFactory.ush" 2095
"../../../Engine/Plugins/FX/Niagara/Shaders/Private/NiagaraMeshVertexFactory.ush" 2096
"../../../Engine/Plugins/FX/Niagara/Shaders/Private/NiagaraCommon.ush" 2097
"../../../Engine/Plugins/FX/Niagara/Shaders/Private/NiagaraMeshParticleUtils.ush" 2098
"../../../Engine/Shaders/Private/VectorFieldVisualizationVertexFactory.ush" 2099
"../../../Engine/Shaders/Private/Nanite/NaniteVertexFactory.ush" 2100
"../../../Engine/Shaders/Private/LightmapData.ush" 2101
"../../../Engine/Shaders/Private/SplineMeshCommon.ush" 2102
"../../../Engine/Shaders/Shared/SplineMeshShaderParams.h" 2103
"../../../Engine/Shaders/Private/ShaderPrint.ush" 2104
"../../../Engine/Shaders/Private/ShaderPrintCommon.ush" 2105
"../../../Engine/Shaders/Private/MiniFontCommon.ush" 2106
"../../../Engine/Shaders/Private/MaterialCache/MaterialCacheCommon.ush" 2107
"../../../Engine/Shaders/Shared/MaterialCacheDefinitions.h" 2108
"../../../Engine/Shaders/Private/Nanite/NaniteVertexDeformation.ush" 2109
"../../../Engine/Shaders/Private/ViewData.ush" 2110
"../../../Engine/Shaders/Shared/ViewDefinitions.h" 2111
"../../../Engine/Shaders/Private/Matrices.ush" 2112
"../../../Engine/Shaders/Private/ParticleSpriteVertexFactory.ush" 2113
"../../../Engine/Shaders/Private/ParticleGPUSpriteVertexFactory.ush" 2114
"../../../Engine/Shaders/Private/ParticleSimulationCommon.ush" 2115
"../../../Engine/Shaders/Private/ParticleBeamTrailVertexFactory.ush" 2116
"../../../Engine/Shaders/Private/MeshParticleVertexFactory.ush" 2117
"../../../Engine/Shaders/Private/LocalVertexFactory.ush" 2118
"../../../Engine/Shaders/Private/GpuSkinCommon.ush" 2119
"../../../Engine/Shaders/Private/GpuSkinVertexFactory.ush" 2120
"../../../Engine/Shaders/Private/GeometryCollectionVertexFactory.ush" 2121
"../../../Engine/Shaders/Private/GeometryCacheVertexFactory.ush" 2122
"../../../Engine/Shaders/Private/LandscapeVertexFactory.ush" 2123
"../../../Engine/Plugins/Experimental/Compositing/CompositeCore/Shaders/Private/CompositeCoreMerge.usf" 2124
"../../../Engine/Shaders/Private/ScreenPass.ush" 2125
"../../../Engine/Shaders/Private/LensDistortion.ush" 2126
"../../../Engine/Plugins/Experimental/Compositing/CompositeCore/Shaders/Private/CompositeCoreDisplayTransform.usf" 2127
"../../../Engine/Plugins/Experimental/Compositing/CompositeCore/Shaders/Private/CompositeCoreDilate.usf" 2128
"../../../Engine/Plugins/NNE/NNEDenoiser/Shaders/NNEDenoiserShadersTransferFunctionOidn.usf" 2129
"../../../Engine/Plugins/NNE/NNEDenoiser/Shaders/NNEDenoiserShadersMappedCopy.usf" 2130
"../../../Engine/Plugins/NNE/NNEDenoiser/Shaders/NNEDenoiserShadersDefaultIOProcess.usf" 2131
"../../../Engine/Plugins/NNE/NNEDenoiser/Shaders/NNEDenoiserShadersAutoExposureReduceFinal.usf" 2132
"../../../Engine/Plugins/NNE/NNEDenoiser/Shaders/NNEDenoiserShadersAutoExposureReduce.usf" 2133
"../../../Engine/Plugins/NNE/NNEDenoiser/Shaders/NNEDenoiserShadersAutoExposureDownsample.usf" 2134
"../../../Engine/Plugins/Experimental/NFORDenoise/Shaders/NFORDenoise.usf" 2135
"../../../Engine/Plugins/Experimental/NFORDenoise/Shaders/NFORRegressionCommon.ush" 2136
"../../../Engine/Plugins/Experimental/NFORDenoise/Shaders/NFORRegression.ush" 2137
"../../../Engine/Plugins/VirtualProduction/CameraCalibrationCore/Shaders/Private/CrosshairOverlay.usf" 2138
"../../../Engine/Plugins/VirtualProduction/CameraCalibrationCore/Shaders/Private/DisplacementMapBlending.usf" 2139
"../../../Engine/Plugins/VirtualProduction/CameraCalibrationCore/Shaders/Private/RecenterSTDisplacementMaps.usf" 2140
"../../../Engine/Plugins/VirtualProduction/CameraCalibrationCore/Shaders/Private/FillSTDisplacementMap.usf" 2141
"../../../Engine/Plugins/VirtualProduction/CameraCalibrationCore/Shaders/Private/InvertDisplacementMap.usf" 2142
"../../../Engine/Plugins/VirtualProduction/CameraCalibrationCore/Shaders/Private/CropDisplacementMap.usf" 2143
"../../../Engine/Plugins/VirtualProduction/CameraCalibrationCore/Shaders/Private/BlendDisplacementMaps.usf" 2144
"../../../Engine/Plugins/VirtualProduction/CameraCalibrationCore/Shaders/Private/DrawDisplacementMaps.usf" 2145
"../../../Engine/Plugins/VirtualProduction/CameraCalibrationCore/Shaders/Private/UndistortImagePoints.usf" 2146
"../../../Engine/Plugins/VirtualProduction/CameraCalibrationCore/Shaders/Private/DistortionSTMapProcessor.usf" 2147
"../../../Engine/Plugins/Runtime/HairStrands/Shaders/Private/NiagaraCopyVelocityGrid.usf" 2148
"../../../Engine/Plugins/Runtime/HairStrands/Shaders/Private/NiagaraClearVelocityGrid.usf" 2149
"../../../Engine/Plugins/Runtime/HairStrands/Shaders/Private/NiagaraClearPressureGrid.usf" 2150
"../../../Engine/Plugins/Runtime/HairStrands/Shaders/Private/NiagaraInterpolateGroomGuides.usf" 2151
"../../../Engine/Plugins/Runtime/HairStrands/Shaders/Private/NiagaraGroomInterpolationUtils.ush" 2152
"../../../Engine/Plugins/FX/Niagara/Shaders/Private/NiagaraQuaternionUtils.ush" 2153
"../../../Engine/Shaders/Private/HairStrands/HairStrandsMesh.usf" 2154
"../../../Engine/Shaders/Private/HairStrands/HairStrandsBindingCommon.ush" 2155
"../../../Engine/Shaders/Private/HairStrands/HairStrandsFollicleMask.usf" 2156
"../../../Engine/Shaders/Private/HairStrands/HairStrandsSkinUpdate.usf" 2157
"../../../Engine/Shaders/Private/HairStrands/HairStrandsClusterCulling.usf" 2158
"../../../Engine/Shaders/Private/ColorMap.ush" 2159
"../../../Engine/Shaders/Private/HairStrands/HairStrandsAABBCommon.ush" 2160
"../../../Engine/Shaders/Private/HairStrands/HairStrandsClusterCommon.ush" 2161
"../../../Engine/Shaders/Private/ThreadGroupPrefixSum.ush" 2162
"../../../Engine/Shaders/Private/HairStrands/HairStrandsRaytracingGeometry.usf" 2163
"../../../Engine/Shaders/Private/HairStrands/HairStrandsTangent.usf" 2164
"../../../Engine/Shaders/Private/HairStrands/HairCardsDeformation.usf" 2165
"../../../Engine/Shaders/Private/HairStrands/HairStrandsInterpolation.usf" 2166
"../../../Engine/Shaders/Private/HairStrands/HairStrandsGuideDeform.usf" 2167
"../../../Engine/Shaders/Private/HairStrands/HairStrandsTexturesGeneration.usf" 2168
"../../../Engine/Shaders/Private/HairStrands/HairCardsTextureCommon.ush" 2169
"../../../Engine/Shaders/Private/HairStrands/HairStrandsTranscode.usf" 2170
"../../../Engine/Shaders/Private/HairStrands/HairStrandsDebug.usf" 2171
"../../../Engine/Shaders/Private/HairShadingCommon.ush" 2172
"../../../Engine/Shaders/Private/PostProcessCommon.ush" 2173
"../../../Engine/Shaders/Private/ShadingModels.ush" 2174
"../../../Engine/Shaders/Private/CapsuleLight.ush" 2175
"../../../Engine/Shaders/Private/RectLight.ush" 2176
"../../../Engine/Shaders/Private/LightData.ush" 2177
"../../../Engine/Shaders/Shared/LightDefinitions.h" 2178
"../../../Engine/Shaders/Private/AreaLightCommon.ush" 2179
"../../../Engine/Shaders/Private/HairBsdf.ush" 2180
"../../../Engine/Shaders/Private/MobileGGX.ush" 2181
"../../../Engine/Shaders/Private/HairStrands/HairStrandsCommon.ush" 2182
"../../../Engine/Shaders/Private/HairStrands/HairStrandsEnvironmentLightingCommon.ush" 2183
"../../../Engine/Shaders/Private/HairStrands/HairStrandsDeepTransmittanceCommon.ush" 2184
"../../../Engine/Shaders/Private/HairStrands/HairStrandsDeepTransmittanceDualScattering.ush" 2185
"../../../Engine/Shaders/Private/HairStrands/HairStrandsDeepShadowCommon.ush" 2186
"../../../Engine/Shaders/Private/HairStrands/HairStrandsDebugCommonStruct.ush" 2187
"../../../Engine/Plugins/Runtime/ComputeFramework/Shaders/Private/ComputeKernel.usf" 2188
"../../../Engine/Plugins/Runtime/ComputeFramework/Shaders/Private/ComputeKernelCommon.ush" 2189
"../../../Engine/Plugins/Media/WmfMedia/Shaders/Private/MediaHardwareVideoDecoding.usf" 2190
"../../../Engine/Shaders/Private/ColorUtils.ush" 2191
"../../../Engine/Plugins/Media/ImgMedia/Shaders/Private/ExrSwizzler.usf" 2192
"../../../Engine/Plugins/Enterprise/GLTFExporter/Shaders/Private/SimpleTexture2DPS.usf" 2193
"../../../Engine/Shaders/Private/SimpleElementNormalMapPixelShader.usf" 2194
"../../../Engine/Plugins/FX/Niagara/Shaders/Private/NiagaraVertexFactoryExport.usf" 2195
"../../../Engine/Shaders/Private/ComputeShaderUtils.ush" 2196
"../../../Engine/Shaders/Private/MaterialTemplate.ush" 2197
"../../../Engine/Shaders/Private/WorldSpaceMath.ush" 2198
"../../../Engine/Shaders/Private/EyeAdaptationCommon.ush" 2199
"../../../Engine/Shaders/Private/SobolRandom.ush" 2200
"../../../Engine/Shaders/Private/DepthOfFieldCommon.ush" 2201
"../../../Engine/Shaders/Private/CircleDOFCommon.ush" 2202
"../../../Engine/Shaders/Private/DistanceField/GlobalDistanceFieldShared.ush" 2203
"../../../Engine/Shaders/Private/PhysicsFieldSampler.ush" 2204
"../../../Engine/Shaders/Private/PhysicsFieldShared.ush" 2205
"../../../Engine/Shaders/Private/SparseVolumeTexture/SparseVolumeTextureCommon.ush" 2206
"../../../Engine/Shaders/Shared/EnvironmentComponentsFlags.h" 2207
"../../../Engine/Shaders/Private/MeshPaintTextureCommon.ush" 2208
"../../../Engine/Shaders/Private/VirtualTextureMaterial.ush" 2209
"../../../Engine/Shaders/Private/MaterialCache/MaterialCacheMaterialCommon.ush" 2210
"../../../Engine/Shaders/Private/MaterialCache/MaterialCacheABuffer.ush" 2211
"../../../Engine/Shaders/Private/SpeedTreeCommon.ush" 2212
"../../../Engine/Shaders/Private/VirtualTextureCommon.ush" 2213
"../../../Engine/Shaders/Private/MaterialTexture.ush" 2214
"../../../Engine/Shaders/Private/MinMaterialTexCoords.ush" 2215
"../../../Engine/Shaders/Private/SkyAtmosphereCommon.ush" 2216
"../../../Engine/Shaders/Private/SingleLayerWaterCommon.ush" 2217
"../../../Engine/Shaders/Private/TextureSampling.ush" 2218
"../../../Engine/Shaders/Private/PaniniProjection.ush" 2219
"../../../Engine/Shaders/Private/DBufferNormalReprojection.ush" 2220
"../../../Engine/Shaders/Public/SubstratePublic.ush" 2221
"../../../Engine/Shaders/Private/Substrate/SubstrateTree.ush" 2222
"../../../Engine/Shaders/Private/Substrate/SubstrateEvaluation.ush" 2223
"../../../Engine/Shaders/Private/Substrate/Glint/GlintThirdParty.ush" 2224
"../../../Engine/Shaders/Private/BlueNoise.ush" 2225
"../../../Engine/Shaders/Private/SHCommon.ush" 2226
"../../../Engine/Shaders/Private/ShadingModelsSampling.ush" 2227
"../../../Engine/Shaders/Private/HairStrands/HairBsdfSample.ush" 2228
"../../../Engine/Shaders/Private/Substrate/SubstrateLegacyConversion.ush" 2229
"../../../Engine/Shaders/Private/DBufferDecalShared.ush" 2230
"../../../Engine/Plugins/FX/Niagara/Shaders/Private/NiagaraSortKeyGen.usf" 2231
"../../../Engine/Plugins/FX/Niagara/Shaders/Private/NiagaraGPURayTracingTransforms.usf" 2232
"../../../Engine/Plugins/FX/Niagara/Shaders/Private/NiagaraDrawIndirectArgsGen.usf" 2233
"../../../Engine/Plugins/FX/Niagara/Shaders/Private/NiagaraDispatchIndirectArgsGen.usf" 2234
"../../../Engine/Plugins/FX/Niagara/Shaders/Private/Stateless/NiagaraStatelessSimulationDefault.usf" 2235
"../../../Engine/Plugins/FX/Niagara/Shaders/Private/Stateless/NiagaraStatelessSimulationTemplate.ush" 2236
"../../../Engine/Plugins/FX/Niagara/Shaders/Private/Stateless/NiagaraStatelessCommon.ush" 2237
"../../../Engine/Plugins/FX/Niagara/Shaders/Shared/NiagaraStatelessDefinitions.h" 2238
"../../../Engine/Plugins/FX/Niagara/Shaders/Shared/NiagaraStatelessBuiltDistribution.h" 2239
"../../../Engine/Plugins/FX/Niagara/Shaders/Private/Stateless/NiagaraStatelessDistribution.ush" 2240
"../../../Engine/Plugins/FX/Niagara/Shaders/Private/Stateless/Modules/NiagaraStatelessModule_CalculateAccurateVelocity.ush" 2241
"../../../Engine/Plugins/FX/Niagara/Shaders/Private/Stateless/Modules/NiagaraStatelessModule_CameraOffset.ush" 2242
"../../../Engine/Plugins/FX/Niagara/Shaders/Private/Stateless/Modules/NiagaraStatelessModule_DynamicMaterialParameters.ush" 2243
"../../../Engine/Plugins/FX/Niagara/Shaders/Private/Stateless/Modules/NiagaraStatelessModule_InitializeParticle.ush" 2244
"../../../Engine/Plugins/FX/Niagara/Shaders/Private/Stateless/Modules/NiagaraStatelessModule_InitialMeshOrientation.ush" 2245
"../../../Engine/Plugins/FX/Niagara/Shaders/Private/Stateless/Modules/NiagaraStatelessModule_MeshIndex.ush" 2246
"../../../Engine/Plugins/FX/Niagara/Shaders/Private/Stateless/Modules/NiagaraStatelessModule_MeshRotationRate.ush" 2247
"../../../Engine/Plugins/FX/Niagara/Shaders/Private/Stateless/Modules/NiagaraStatelessModule_RotateAroundPoint.ush" 2248
"../../../Engine/Plugins/FX/Niagara/Shaders/Private/Stateless/Modules/NiagaraStatelessModule_ShapeLocation.ush" 2249
"../../../Engine/Plugins/FX/Niagara/Shaders/Private/Stateless/Modules/NiagaraStatelessModule_ScaleColor.ush" 2250
"../../../Engine/Plugins/FX/Niagara/Shaders/Private/Stateless/Modules/NiagaraStatelessModule_ScaleRibbonWidth.ush" 2251
"../../../Engine/Plugins/FX/Niagara/Shaders/Private/Stateless/Modules/NiagaraStatelessModule_ScaleSpriteSize.ush" 2252
"../../../Engine/Plugins/FX/Niagara/Shaders/Private/Stateless/Modules/NiagaraStatelessModule_ScaleSpriteSizeBySpeed.ush" 2253
"../../../Engine/Plugins/FX/Niagara/Shaders/Private/Stateless/Modules/NiagaraStatelessModule_ScaleMeshSize.ush" 2254
"../../../Engine/Plugins/FX/Niagara/Shaders/Private/Stateless/Modules/NiagaraStatelessModule_ScaleMeshSizebySpeed.ush" 2255
"../../../Engine/Plugins/FX/Niagara/Shaders/Private/Stateless/Modules/NiagaraStatelessModule_SolveVelocitiesAndForces.ush" 2256
"../../../Engine/Plugins/FX/Niagara/Shaders/Private/Stateless/Modules/NiagaraStatelessModule_SpriteFacingAndAlignment.ush" 2257
"../../../Engine/Plugins/FX/Niagara/Shaders/Private/Stateless/Modules/NiagaraStatelessModule_SpriteRotationRate.ush" 2258
"../../../Engine/Plugins/FX/Niagara/Shaders/Private/Stateless/Modules/NiagaraStatelessModule_SubUVAnimation.ush" 2259
"../../../Engine/Plugins/FX/Niagara/Shaders/Private/NiagaraBlendSVTsToDenseBuffer.usf" 2260
"../../../Engine/Plugins/FX/Niagara/Shaders/Private/NiagaraSVTToDenseBuffer.usf" 2261
"../../../Engine/Plugins/FX/Niagara/Shaders/Private/NiagaraFillIntBuffer.usf" 2262
"../../../Engine/Plugins/FX/Niagara/Shaders/Private/NiagaraComputeFreeIDs.usf" 2263
"../../../Engine/Plugins/FX/Niagara/Shaders/Private/NiagaraInitFreeIDBuffer.usf" 2264
"../../../Engine/Plugins/FX/Niagara/Shaders/Private/NiagaraEmitterInstanceShader.usf" 2265
"../../../Engine/Plugins/FX/Niagara/Shaders/Private/NiagaraShaderVersion.ush" 2266
"../../../Engine/Plugins/FX/Niagara/Shaders/Private/NiagaraPhysicsCommon.ush" 2267
"../../../Engine/Plugins/FX/Niagara/Shaders/Private/Ribbons/NiagaraRibbonAggregationApply.usf" 2268
"../../../Engine/Plugins/FX/Niagara/Shaders/Private/Ribbons/NiagaraRibbonCommon.ush" 2269
"../../../Engine/Plugins/FX/Niagara/Shaders/Private/Ribbons/NiagaraRibbonAggregationStep.usf" 2270
"../../../Engine/Plugins/FX/Niagara/Shaders/Private/Ribbons/NiagaraRibbonGenerateIndices.usf" 2271
"../../../Engine/Plugins/FX/Niagara/Shaders/Private/Ribbons/NiagaraRibbonInitializeIndices.usf" 2272
"../../../Engine/Plugins/FX/Niagara/Shaders/Private/Ribbons/NiagaraRibbonRibbonUVParamCalculation.usf" 2273
"../../../Engine/Plugins/FX/Niagara/Shaders/Private/Ribbons/NiagaraRibbonVertexReductionFinalization.usf" 2274
"../../../Engine/Plugins/FX/Niagara/Shaders/Private/Ribbons/NiagaraRibbonVertexReductionInitialization.usf" 2275
"../../../Engine/Plugins/FX/Niagara/Shaders/Private/Ribbons/NiagaraRibbonSortParticles.usf" 2276
"../../../Engine/Plugins/FX/Niagara/Shaders/Private/NiagaraLWCHelper.usf" 2277
"../../../Engine/Plugins/FX/Niagara/Shaders/Private/NiagaraUpdateMeshGPUSceneInstances.usf" 2278
"../../../Engine/Shaders/Private/GPUScene/GPUSceneWriter.ush" 2279
"../../../Engine/Plugins/FX/Niagara/Shaders/Private/NiagaraGenerateMips.usf" 2280
"../../../Engine/Plugins/FX/Niagara/Shaders/Private/NiagaraDebugDraw.usf" 2281
"../../../Engine/Plugins/FX/Niagara/Shaders/Private/NiagaraDebugDraw.ush" 2282
"../../../Engine/Plugins/FX/Niagara/Shaders/Private/NiagaraVisualizeTexture.usf" 2283
"../../../Engine/Plugins/FX/Niagara/Shaders/Private/NiagaraClearCounts.usf" 2284
"../../../Engine/Plugins/FX/Niagara/Shaders/Private/NiagaraBatchedElements.usf" 2285
"../../../Engine/Plugins/FX/Niagara/Shaders/Private/NiagaraRayTracingShaders.usf" 2286
"../../../Engine/Plugins/FX/Niagara/Shaders/Private/NiagaraAsyncGpuTraceCommon.ush" 2287
"../../../Engine/Shaders/Private/HashTable.ush" 2288
"../../../Engine/Shaders/Private/Hash.ush" 2289
"../../../Engine/Shaders/Private/RayTracing/VFXTraceRay.ush" 2290
"../../../Engine/Plugins/FX/Niagara/Shaders/Private/NiagaraRayMarchingShaders.usf" 2291
"../../../Engine/Plugins/FX/Niagara/Shaders/Private/NiagaraRayTraceCollisionGroupShaders.usf" 2292
"../../../Engine/Plugins/FX/Niagara/Shaders/Private/NiagaraAsyncGpuTraceUtils.usf" 2293
"../../../Engine/Shaders/Private/VirtualTextureAdapter.usf" 2294
"../../../Engine/Shaders/Private/BlockCompressionCommon.ush" 2295
"../../../Engine/Shaders/Private/BCCompressionCommon.ush" 2296
"../../../Engine/Shaders/Private/TranslucentLightingShaders.usf" 2297
"../../../Engine/Shaders/Private/CubemapCommon.ush" 2298
"../../../Engine/Shaders/Private/VectorFieldCompositeShaders.usf" 2299
"../../../Engine/Shaders/Private/UpdateTextureShaders.usf" 2300
"../../../Engine/Shaders/Private/StereoLayerShader.usf" 2301
"../../../Engine/Shaders/Private/SparseVolumeTexture/UpdateSparseVolumeTexture.usf" 2302
"../../../Engine/Shaders/Private/MorphTargets.usf" 2303
"../../../Engine/Shaders/Private/SimpleElementColorChannelMaskPixelShader.usf" 2304
"../../../Engine/Shaders/Private/SimpleElementHitProxyPixelShader.usf" 2305
"../../../Engine/Shaders/Private/SimpleElementPixelShader.usf" 2306
"../../../Engine/Shaders/Private/IESLightProfilesCommon.ush" 2307
"../../../Engine/Shaders/Private/SimpleElementVertexShader.usf" 2308
"../../../Engine/Shaders/Private/ScreenPixelShaderOES.usf" 2309
"../../../Engine/Shaders/Private/ScreenVertexShader.usf" 2310
"../../../Engine/Shaders/Private/ScreenPixelShader.usf" 2311
"../../../Engine/Shaders/Private/SSProfilePreIntegratedMobile.usf" 2312
"../../../Engine/Shaders/Private/SpecularProfile.usf" 2313
"../../../Engine/Shaders/Private/Nanite/NaniteStreaming.usf" 2314
"../../../Engine/Shaders/Private/Nanite/NaniteStreaming.ush" 2315
"../../../Engine/Shaders/Private/Nanite/NaniteTranscode.usf" 2316
"../../../Engine/Shaders/Private/VolumetricLightmapStreaming.usf" 2317
"../../../Engine/Shaders/Private/PhysicsFieldReset.usf" 2318
"../../../Engine/Shaders/Private/PhysicsFieldBuilder.usf" 2319
"../../../Engine/Shaders/Private/PhysicsFieldEval.ush" 2320
"../../../Engine/Shaders/Private/ParticleSortKeyGen.usf" 2321
"../../../Engine/Shaders/Private/ParticleBoundsShader.usf" 2322
"../../../Engine/Shaders/Private/ParticleSimVisualizeShader.usf" 2323
"../../../Engine/Shaders/Private/ParticleInjectionShader.usf" 2324
"../../../Engine/Shaders/Private/ParticleSimulationShader.usf" 2325
"../../../Engine/Shaders/Private/ParticleCurveInjectionShader.usf" 2326
"../../../Engine/Shaders/Private/CopyUIntBuffer.usf" 2327
"../../../Engine/Shaders/Private/RadixSortShaders.usf" 2328
"../../../Engine/Shaders/Private/RecomputeTangentsPerVertexPass.usf" 2329
"../../../Engine/Shaders/Private/RecomputeTangentsCommon.ush" 2330
"../../../Engine/Shaders/Private/RecomputeTangentsPerTrianglePass.usf" 2331
"../../../Engine/Shaders/Private/GpuSkinCacheComputeShader.usf" 2332
"../../../Engine/Shaders/Private/HeightFieldAtlasManagement.usf" 2333
"../../../Engine/Shaders/Private/Landscape/LandscapeEditLayersUtils.usf" 2334
"../../../Engine/Shaders/Private/Landscape/LandscapeCommon.ush" 2335
"../../../Engine/Shaders/Private/Landscape/LandscapeEditLayersWeightmaps.usf" 2336
"../../../Engine/Shaders/Private/Landscape/LandscapeEditLayersHeightmaps.usf" 2337
"../../../Engine/Shaders/Private/Landscape/LandscapeLayersWeightmapsPS.usf" 2338
"../../../Engine/Shaders/Private/Landscape/LandscapeLayersHeightmapsPS.usf" 2339
"../../../Engine/Shaders/Private/LandscapeLayersCS.usf" 2340
"../../../Engine/Shaders/Private/LandscapeLayersPS.usf" 2341
"../../../Engine/Shaders/Private/LandscapeLayersVS.usf" 2342
"../../../Engine/Shaders/Private/LandscapePhysicalMaterial.usf" 2343
"../../../Engine/Shaders/Private/LandscapeGrassWeight.usf" 2344
"../../../Engine/Shaders/Private/Landscape/LandscapeCulling.usf" 2345
"../../../Engine/Shaders/Private/Nanite/NaniteHZBCull.ush" 2346
"../../../Engine/Shaders/Private/HZB.ush" 2347
"../../../Engine/Shaders/Private/Landscape/LandscapeMergeTexturesPS.usf" 2348
"../../../Engine/Shaders/Private/WideCustomResolveShaders.usf" 2349
"../../../Engine/Shaders/Private/WideCustomResolve_Wide.ush" 2350
"../../../Engine/Shaders/Private/WideCustomResolve_Wider.ush" 2351
"../../../Engine/Shaders/Private/WideCustomResolve_Widest.ush" 2352
"../../../Engine/Shaders/Private/WaterInfoTextureBlur.usf" 2353
"../../../Engine/Shaders/Private/WaterInfoTextureMerge.usf" 2354
"../../../Engine/Shaders/Private/PageTableUpdate.usf" 2355
"../../../Engine/Shaders/Private/VirtualTextureCompress.usf" 2356
"../../../Engine/Shaders/Private/ASTCCompressionCommon.ush" 2357
"../../../Engine/Shaders/Private/IntegerSequenceEncoding.ush" 2358
"../../../Engine/Shaders/Private/ETCCompressionCommon.ush" 2359
"../../../Engine/Shaders/Private/VirtualTextureMaterial.usf" 2360
"../../../Engine/Shaders/Private/PixelShaderOutputCommon.ush" 2361
"../../../Engine/Shaders/Private/ShaderOutputCommon.ush" 2362
"../../../Engine/Shaders/Private/VolumetricRenderTarget.usf" 2363
"../../../Engine/Shaders/Private/HeightFogCommon.ush" 2364
"../../../Engine/Shaders/Private/LocalFogVolumes/LocalFogVolumeCommon.ush" 2365
"../../../Engine/Shaders/Private/ReflectionEnvironmentShared.ush" 2366
"../../../Engine/Shaders/Private/VolumetricFogVoxelization.usf" 2367
"../../../Engine/Shaders/Private/VolumetricCloudMaterialPixelCommon.ush" 2368
"../../../Engine/Shaders/Private/VolumetricFogLightFunction.usf" 2369
"../../../Engine/Shaders/Private/LightFunctionCommon.ush" 2370
"../../../Engine/Shaders/Private/VolumetricFog.usf" 2371
"../../../Engine/Shaders/Private/DeferredLightingCommon.ush" 2372
"../../../Engine/Shaders/Private/DynamicLightingCommon.ush" 2373
"../../../Engine/Shaders/Private/CapsuleLightIntegrate.ush" 2374
"../../../Engine/Shaders/Private/CapsuleLightSampling.ush" 2375
"../../../Engine/Shaders/Private/RectLightIntegrate.ush" 2376
"../../../Engine/Shaders/Private/ScreenSpaceShadowRayCast.ush" 2377
"../../../Engine/Shaders/Private/LightFunctionAtlas/LightFunctionAtlasCommon.usf" 2378
"../../../Engine/Shaders/Private/HeterogeneousVolumes/HeterogeneousVolumesAdaptiveVolumetricShadowMapSampling.ush" 2379
"../../../Engine/Shaders/Private/HeterogeneousVolumes/HeterogeneousVolumesAdaptiveVolumetricShadowMapUtils.ush" 2380
"../../../Engine/Shaders/Private/HeterogeneousVolumes/HeterogeneousVolumesRayMarchingUtils.ush" 2381
"../../../Engine/Shaders/Private/HeterogeneousVolumes/HeterogeneousVolumesRayMarchingTypes.ush" 2382
"../../../Engine/Shaders/Private/PathTracing/Utilities/PathTracingRandomSequence.ush" 2383
"../../../Engine/Shaders/Private/HeterogeneousVolumes/HeterogeneousVolumesTracingUtils.ush" 2384
"../../../Engine/Shaders/Private/VelocityCommon.ush" 2385
"../../../Engine/Shaders/Private/HeterogeneousVolumes/HeterogeneousVolumesTransmittanceVolumeUtils.ush" 2386
"../../../Engine/Shaders/Private/ForwardShadowingCommon.ush" 2387
"../../../Engine/Shaders/Private/ShadowFilteringCommon.ush" 2388
"../../../Engine/Shaders/Private/PixelQuadMessagePassing.ush" 2389
"../../../Engine/Shaders/Private/VolumeLightingCommon.ush" 2390
"../../../Engine/Shaders/Private/ShadowProjectionCommon.ush" 2391
"../../../Engine/Shaders/Private/VolumeLightingCommonSampling.ush" 2392
"../../../Engine/Shaders/Private/Lumen/LumenTranslucencyVolumeShared.ush" 2393
"../../../Engine/Shaders/Private/Lumen/LumenRadianceCacheInterpolation.ush" 2394
"../../../Engine/Shaders/Private/HeterogeneousVolumes/HeterogeneousVolumesAdaptiveVolumetricShadowMapSampler.ush" 2395
"../../../Engine/Shaders/Private/LightGridCommon.ush" 2396
"../../../Engine/Shaders/Private/DistanceFieldAOShared.ush" 2397
"../../../Engine/Shaders/Private/IntersectionUtils.ush" 2398
"../../../Engine/Shaders/Private/VolumetricLightmapShared.ush" 2399
"../../../Engine/Shaders/Private/LightDataUniforms.ush" 2400
"../../../Engine/Shaders/Private/VirtualShadowMaps/VirtualShadowMapProjectionCommon.ush" 2401
"../../../Engine/Shaders/Private/VirtualShadowMaps/VirtualShadowMapPageAccessCommon.ush" 2402
"../../../Engine/Shaders/Shared/VirtualShadowMapDefinitions.h" 2403
"../../../Engine/Shaders/Shared/HLSLMathAliases.h" 2404
"../../../Engine/Shaders/Private/VirtualShadowMaps/VirtualShadowMapProjectionStructs.ush" 2405
"../../../Engine/Shaders/Private/VolumetricCloudCommon.ush" 2406
"../../../Engine/Shaders/Private/VolumetricCloud.usf" 2407
"../../../Engine/Shaders/Private/VisualizeVolumetricLightmap.usf" 2408
"../../../Engine/Shaders/Private/VirtualShadowMaps/VirtualShadowMapProjectionComposite.usf" 2409
"../../../Engine/Shaders/Private/LightShaderParameters.ush" 2410
"../../../Engine/Shaders/Private/VirtualShadowMaps/VirtualShadowMapMaskBitsCommon.ush" 2411
"../../../Engine/Shaders/Private/VirtualShadowMaps/VirtualShadowMapLightGrid.ush" 2412
"../../../Engine/Shaders/Private/VirtualShadowMaps/VirtualShadowMapProjection.usf" 2413
"../../../Engine/Shaders/Private/Visualization.ush" 2414
"../../../Engine/Shaders/Private/VirtualShadowMaps/VirtualShadowMapProjectionFilter.ush" 2415
"../../../Engine/Shaders/Private/VirtualShadowMaps/VirtualShadowMapProjectionDirectional.ush" 2416
"../../../Engine/Shaders/Private/VirtualShadowMaps/VirtualShadowMapSMRTCommon.ush" 2417
"../../../Engine/Shaders/Private/VirtualShadowMaps/VirtualShadowMapSMRTTemplate.ush" 2418
"../../../Engine/Shaders/Private/VirtualShadowMaps/VirtualShadowMapProjectionSpot.ush" 2419
"../../../Engine/Shaders/Private/VirtualShadowMaps/VirtualShadowMapTransmissionCommon.ush" 2420
"../../../Engine/Shaders/Private/VirtualShadowMaps/VirtualShadowMapScreenRayTrace.ush" 2421
"../../../Engine/Shaders/Private/VirtualShadowMaps/VirtualShadowMapStats.ush" 2422
"../../../Engine/Shaders/Private/HairStrands/HairStrandsVoxelPageCommon.ush" 2423
"../../../Engine/Shaders/Private/HairStrands/HairStrandsVoxelPageTraversal.ush" 2424
"../../../Engine/Shaders/Private/VirtualShadowMaps/VirtualShadowMapCacheGPUInvalidation.usf" 2425
"../../../Engine/Shaders/Private/VirtualShadowMaps/VirtualShadowMapPageCacheCommon.ush" 2426
"../../../Engine/Shaders/Private/VirtualShadowMaps/VirtualShadowMapCacheInvalidation.ush" 2427
"../../../Engine/Shaders/Private/VirtualShadowMaps/VirtualShadowMapPageOverlap.ush" 2428
"../../../Engine/Shaders/Private/ScreenSpaceDenoise/SSDDefinitions.ush" 2429
"../../../Engine/Shaders/Private/InstanceCulling/InstanceCullingLoadBalancer.ush" 2430
"../../../Engine/Shaders/Private/VirtualShadowMaps/VirtualShadowMapCacheLoadBalancer.usf" 2431
"../../../Engine/Shaders/Private/VirtualShadowMaps/VirtualShadowMapCopyStats.usf" 2432
"../../../Engine/Shaders/Private/VirtualShadowMaps/VirtualShadowMapDebug.usf" 2433
"../../../Engine/Shaders/Private/VirtualShadowMaps/Desaturate.usf" 2434
"../../../Engine/Shaders/Private/VirtualShadowMaps/VirtualShadowMapPhysicalPageManagement.usf" 2435
"../../../Engine/Shaders/Private/ReductionCommon.ush" 2436
"../../../Engine/Shaders/Private/GPUMessaging.ush" 2437
"../../../Engine/Shaders/Private/VirtualShadowMaps/VirtualShadowMapPerPageDispatch.ush" 2438
"../../../Engine/Shaders/Private/VirtualShadowMaps/VirtualShadowMapCompactViews.usf" 2439
"../../../Engine/Shaders/Shared/SceneCullingDefinitions.h" 2440
"../../../Engine/Shaders/Private/VirtualShadowMaps/VirtualShadowMapBuildPerPageDrawCommands.usf" 2441
"../../../Engine/Shaders/Private/Nanite/NaniteCullingCommon.ush" 2442
"../../../Engine/Shaders/Private/Nanite/NaniteCulling.ush" 2443
"../../../Engine/Shaders/Private/Nanite/NaniteHierarchyTraversalCommon.ush" 2444
"../../../Engine/Shaders/Private/InstanceCulling/InstanceCullingCommon.ush" 2445
"../../../Engine/Shaders/Shared/InstanceCullingDefinitions.h" 2446
"../../../Engine/Shaders/Private/VirtualShadowMaps/VirtualShadowMapPrintStats.usf" 2447
"../../../Engine/Shaders/Private/VirtualShadowMaps/VirtualShadowMapPageManagement.usf" 2448
"../../../Engine/Shaders/Private/VirtualShadowMaps/VirtualShadowMapPageMarking.usf" 2449
"../../../Engine/Shaders/Shared/SingleLayerWaterDefinitions.h" 2450
"../../../Engine/Shaders/Private/HairStrands/HairStrandsTileCommon.ush" 2451
"../../../Engine/Shaders/Private/Froxel/Froxel.ush" 2452
"../../../Engine/Shaders/Shared/FroxelDefinitions.h" 2453
"../../../Engine/Shaders/Private/DiaphragmDOF/DOFCommon.ush" 2454
"../../../Engine/Shaders/Private/VariableRateShading/VRSShadingRatePreview.usf" 2455
"../../../Engine/Shaders/Private/VariableRateShading/VRSShadingRateCommon.ush" 2456
"../../../Engine/Shaders/Private/VariableRateShading/VRSShadingRateCombine.usf" 2457
"../../../Engine/Shaders/Private/VariableRateShading/VRSShadingRateFoveated.usf" 2458
"../../../Engine/Shaders/Private/VariableRateShading/VRSShadingRateReproject.usf" 2459
"../../../Engine/Shaders/Private/VariableRateShading/VRSShadingRateCalculate.usf" 2460
"../../../Engine/Shaders/Private/TranslucencyUpsampling.usf" 2461
"../../../Engine/Shaders/Private/ComposeSeparateTranslucency.usf" 2462
"../../../Engine/Shaders/Private/SeparateTranslucency.ush" 2463
"../../../Engine/Shaders/Private/TranslucentLightInjectionShaders.usf" 2464
"../../../Engine/Shaders/Private/TranslucentShadowDepthShaders.usf" 2465
"../../../Engine/Shaders/Private/ShadowDepthCommon.ush" 2466
"../../../Engine/Shaders/Private/RayTracing/RayTracingTest.usf" 2467
"../../../Engine/Shaders/Private/PostprocessSubsurfaceTile.usf" 2468
"../../../Engine/Shaders/Private/PostProcessSubsurfaceCommon.ush" 2469
"../../../Engine/Shaders/Private/Substrate/SubstrateVisualize.usf" 2470
"../../../Engine/Shaders/Private/Substrate/SubstrateTile.ush" 2471
"../../../Engine/Shaders/Shared/SubstrateVisualizeDefinitions.h" 2472
"../../../Engine/Shaders/Private/Substrate/SubstrateVisualizeCommon.ush" 2473
"../../../Engine/Shaders/Private/SkyLightingDiffuseShared.ush" 2474
"../../../Engine/Shaders/Private/SkyLightingShared.ush" 2475
"../../../Engine/Shaders/Private/ClearCoatCommon.ush" 2476
"../../../Engine/Shaders/Private/ReflectionEnvironmentComposite.ush" 2477
"../../../Engine/Shaders/Private/Substrate/SubstrateLightingCommon.ush" 2478
"../../../Engine/Shaders/Private/Substrate/SubstrateRoughRefraction.usf" 2479
"../../../Engine/Shaders/Private/PathTracing/Material/PathTracingFresnel.ush" 2480
"../../../Engine/Shaders/Private/PathTracing/Material/PathTracingGlossy.ush" 2481
"../../../Engine/Shaders/Private/Substrate/SubstrateMaterialSampling.usf" 2482
"../../../Engine/Shaders/Private/Substrate/SubstrateMaterialSampling.ush" 2483
"../../../Engine/Shaders/Private/Lumen/LumenPosition.ush" 2484
"../../../Engine/Shaders/Private/Substrate/SubstrateTile.usf" 2485
"../../../Engine/Shaders/Private/Substrate/SubstrateMaterialClassification.usf" 2486
"../../../Engine/Shaders/Private/Substrate/SubstrateDBuffer.usf" 2487
"../../../Engine/Shaders/Private/StochasticLighting/StochasticLightingDenoising.usf" 2488
"../../../Engine/Shaders/Private/Lumen/LumenMaterial.ush" 2489
"../../../Engine/Shaders/Private/StochasticLighting/StochasticLightingCommon.ush" 2490
"../../../Engine/Shaders/Private/SplineMeshSceneTexture.usf" 2491
"../../../Engine/Shaders/Private/SparseVolumeTexture/VisualizeSparseVolumeTexture.usf" 2492
"../../../Engine/Shaders/Private/SkyAtmosphere.usf" 2493
"../../../Engine/Shaders/Private/Skinning/SkinnedMeshDebug.usf" 2494
"../../../Engine/Shaders/Private/Skinning/AnimBankEval.usf" 2495
"../../../Engine/Shaders/Private/SingleLayerWaterComposite.usf" 2496
"../../../Engine/Shaders/Private/Froxel/FroxelBuild.ush" 2497
"../../../Engine/Shaders/Private/SingleLayerWaterRefractionCulling.usf" 2498
"../../../Engine/Shaders/Private/ScreenSpaceShadows.usf" 2499
"../../../Engine/Shaders/Private/bend_sss_gpu.ush" 2500
"../../../Engine/Shaders/Private/ShadowFactorsUpsampleCommon.ush" 2501
"../../../Engine/Shaders/Private/FirstPersonSelfShadow.usf" 2502
"../../../Engine/Shaders/Private/HZBTracing.ush" 2503
"../../../Engine/Shaders/Private/ShadowProjectionVertexShader.usf" 2504
"../../../Engine/Shaders/Private/ShadowProjectionPixelShader.usf" 2505
"../../../Engine/Shaders/Private/MobileLightingCommon.ush" 2506
"../../../Engine/Shaders/Private/PlanarReflectionShared.ush" 2507
"../../../Engine/Shaders/Private/MobileSSR.ush" 2508
"../../../Engine/Shaders/Private/SSRT/SSRTRayCast.ush" 2509
"../../../Engine/Shaders/Private/ShadowPercentageCloserFiltering.ush" 2510
"../../../Engine/Shaders/Private/TransmissionThickness.ush" 2511
"../../../Engine/Shaders/Private/CopyShadowMaps.usf" 2512
"../../../Engine/Shaders/Private/ShadowDepthPixelShader.usf" 2513
"../../../Engine/Shaders/Private/ShadowDepthVertexShader.usf" 2514
"../../../Engine/Shaders/Private/ShadingEnergyConservationTable.usf" 2515
"../../../Engine/Shaders/Shared/PathTracingDefinitions.h" 2516
"../../../Engine/Shaders/Private/ShadingFurnaceTest.usf" 2517
"../../../Engine/Shaders/Private/Substrate/SubstrateDeferredLighting.ush" 2518
"../../../Engine/Shaders/Private/ShaderPrintDraw.usf" 2519
"../../../Engine/Shaders/Private/ShaderPrintDrawPrimitive.usf" 2520
"../../../Engine/Shaders/Private/DefaultSSRTiles.usf" 2521
"../../../Engine/Shaders/Private/ScreenSpaceReflectionTileCommons.ush" 2522
"../../../Engine/Shaders/Private/SSRT/SSRTDiffuseIndirect.usf" 2523
"../../../Engine/Shaders/Private/SSRT/SSRTTileClassificationBuffer.ush" 2524
"../../../Engine/Shaders/Private/SSRT/SSRTReflections.usf" 2525
"../../../Engine/Shaders/Private/ScreenSpaceDenoise/SSDPublic.ush" 2526
"../../../Engine/Shaders/Private/SSRT/SSRTTileClassification.usf" 2527
"../../../Engine/Shaders/Private/SSRT/SSRTPrevFrameReduction.usf" 2528
"../../../Engine/Shaders/Private/ScreenSpaceDenoise/SSDComposeHarmonics.usf" 2529
"../../../Engine/Shaders/Private/ScreenSpaceDenoise/SSDPublicHarmonics.ush" 2530
"../../../Engine/Shaders/Private/ScreenSpaceDenoise/SSDSignalFramework.ush" 2531
"../../../Engine/Shaders/Private/ScreenSpaceDenoise/SSDCommon.ush" 2532
"../../../Engine/Shaders/Private/SphericalGaussian.ush" 2533
"../../../Engine/Shaders/Public/WaveBroadcastIntrinsics.ush" 2534
"../../../Engine/Shaders/Private/ScreenSpaceDenoise/SSDMetadata.ush" 2535
"../../../Engine/Shaders/Private/ScreenSpaceDenoise/SSDSignalCore.ush" 2536
"../../../Engine/Shaders/Private/ScreenSpaceDenoise/DenoisingCommon.ush" 2537
"../../../Engine/Shaders/Private/ScreenSpaceDenoise/SSDSignalArray.ush" 2538
"../../../Engine/Shaders/Private/ScreenSpaceDenoise/SSDSignalBufferEncoding.ush" 2539
"../../../Engine/Shaders/Private/ScreenSpaceDenoise/SSDPublicBufferEncoding.ush" 2540
"../../../Engine/Shaders/Private/Lumen/LumenBufferEncoding.ush" 2541
"../../../Engine/Shaders/Private/ScreenSpaceDenoise/SSDTemporalAccumulation.usf" 2542
"../../../Engine/Shaders/Private/ScreenSpaceDenoise/SSDSpatialKernel.ush" 2543
"../../../Engine/Shaders/Private/ScreenSpaceDenoise/SSDSignalAccumulatorArray.ush" 2544
"../../../Engine/Shaders/Private/ScreenSpaceDenoise/SSDSignalAccumulator.ush" 2545
"../../../Engine/Shaders/Private/ScreenSpaceDenoise/SSDSignalCompression.ush" 2546
"../../../Engine/Shaders/Private/ScreenSpaceDenoise/SSDSpatialAccumulation.usf" 2547
"../../../Engine/Shaders/Private/ScreenSpaceDenoise/SSDInjest.usf" 2548
"../../../Engine/Shaders/Private/ScreenSpaceDenoise/SSDCompressMetadata.usf" 2549
"../../../Engine/Shaders/Private/DownsampleDepthPixelShader.usf" 2550
"../../../Engine/Shaders/Private/ScreenPass.usf" 2551
"../../../Engine/Shaders/Private/HZB.usf" 2552
"../../../Engine/Shaders/Private/OcclusionFeedbackShaders.usf" 2553
"../../../Engine/Shaders/Private/HZBOcclusion.usf" 2554
"../../../Engine/Shaders/Private/OcclusionQueryPixelShader.usf" 2555
"../../../Engine/Shaders/Private/OcclusionQueryVertexShader.usf" 2556
"../../../Engine/Shaders/Private/HitProxyCopy.usf" 2557
"../../../Engine/Shaders/Private/HitProxyPixelShader.usf" 2558
"../../../Engine/Shaders/Private/HitProxyVertexShader.usf" 2559
"../../../Engine/Shaders/Private/SceneCulling/SceneCullingDebugRender.usf" 2560
"../../../Engine/Shaders/Private/SceneCulling/SceneCulling.ush" 2561
"../../../Engine/Shaders/Private/SceneCulling/SceneCullingBuildExplicitBounds.usf" 2562
"../../../Engine/Shaders/Private/SceneCapturePixelShader.usf" 2563
"../../../Engine/Shaders/Private/RendererUtils.usf" 2564
"../../../Engine/Shaders/Private/RTWriteMaskDecode.usf" 2565
"../../../Engine/Shaders/Private/ReflectionEnvironmentShaders.usf" 2566
"../../../Engine/Shaders/Private/RectLightAtlas.usf" 2567
"../../../Engine/Shaders/Private/RayTracing/TraceRayInlineStatistics.usf" 2568
"../../../Engine/Shaders/Private/RayTracing/CompositeSkyLightPS.usf" 2569
"../../../Engine/Shaders/Private/RayTracing/GenerateSkyLightVisibilityRaysCS.usf" 2570
"../../../Engine/Shaders/Private/RayTracing/RayTracingSkyLightCommon.ush" 2571
"../../../Engine/Shaders/Private/RayTracing/SkyLightVisibilityRaysData.ush" 2572
"../../../Engine/Shaders/Private/Raytracing/RaytracingSkylightRGS.usf" 2573
"../../../Engine/Shaders/Private/HairStrands/HairStrandsRaytracing.ush" 2574
"../../../Engine/Shaders/Private/Raytracing/RayTracingSkyLightEvaluation.ush" 2575
"../../../Engine/Shaders/Private/Raytracing/RayTracingDeferredShadingCommon.ush" 2576
"../../../Engine/Shaders/Private/RayTracing/RayTracingOcclusionRGS.usf" 2577
"../../../Engine/Shaders/Private/RayTracing/RayTracingDirectionalLight.ush" 2578
"../../../Engine/Shaders/Private/RayTracing/RayTracingRectLight.ush" 2579
"../../../Engine/Shaders/Private/RayTracing/RayTracingSphereLight.ush" 2580
"../../../Engine/Shaders/Private/RayTracing/RayTracingCapsuleLight.ush" 2581
"../../../Engine/Shaders/Private/Raytracing/RayTracingFeedback.usf" 2582
"../../../Engine/Shaders/Shared/RayTracingDebugTypes.h" 2583
"../../../Engine/Shaders/Private/RayTracing/RayTracingPrimaryRays.usf" 2584
"../../../Engine/Shaders/Private/RayTracing/RayTracingLightingCommon.ush" 2585
"../../../Engine/Shaders/Private/RayTracing/RayTracingLightCullingCommon.ush" 2586
"../../../Engine/Shaders/Private/RayTracing/RayTracingMaterialDefaultHitShaders.usf" 2587
"../../../Engine/Shaders/Private/RayTracing/RayTracingMaterialHitShaders.usf" 2588
"../../../Engine/Shaders/Private/RayTracing/RayTracingShaderUtils.ush" 2589
"../../../Engine/Shaders/Private/RayTracing/RayTracingCalcInterpolants.ush" 2590
"../../../Engine/Shaders/Private/LightmapCommon.ush" 2591
"../../../Engine/Shaders/Private/Lumen/LumenHardwareRayTracingPayloadCommon.ush" 2592
"../../../Engine/Shaders/Shared/LumenDefinitions.h" 2593
"../../../Engine/Shaders/Private/Substrate/SubstrateExport.ush" 2594
"../../../Engine/Shaders/Private/RayTracing/RayTracingLightingMS.usf" 2595
"../../../Engine/Shaders/Private/Lumen/LumenDiffuseColorBoost.ush" 2596
"../../../Engine/Shaders/Private/RayTracing/RayTracingLightFunctionCommon.ush" 2597
"../../../Engine/Shaders/Private/RayTracing/RayTracingBuildLightGrid.usf" 2598
"../../../Engine/Shaders/Private/Raytracing/RayTracingInstanceBufferUtil.usf" 2599
"../../../Engine/Shaders/Private/RayTracing/RayTracingDynamicMesh.usf" 2600
"../../../Engine/Shaders/Private/RayTracing/RayTracingDefaultDecalHitShader.usf" 2601
"../../../Engine/Shaders/Private/RayTracing/RayTracingDecalMaterialShader.usf" 2602
"../../../Engine/Shaders/Private/PathTracing/PathTracingShaderUtils.ush" 2603
"../../../Engine/Shaders/Private/PathTracing/PathTracingCommon.ush" 2604
"../../../Engine/Shaders/Private/PathTracing/Material/PathTracingMaterialCommon.ush" 2605
"../../../Engine/Shaders/Private/PathTracing/Utilities/PathTracingRIS.ush" 2606
"../../../Engine/Shaders/Private/RayTracing/RayTracingBuildDecalGrid.usf" 2607
"../../../Engine/Shaders/Private/RayTracing/RayTracingDebugHitStatsUtils.usf" 2608
"../../../Engine/Shaders/Private/RayTracing/RayTracingDebugInstanceOverlap.usf" 2609
"../../../Engine/Shaders/Private/RayTracing/RayTracingDebugPicking.usf" 2610
"../../../Engine/Shaders/Private/RayTracing/RayTracingDebugUtils.ush" 2611
"../../../Engine/Shaders/Private/RayTracing/RayTracingDebugTraversal.usf" 2612
"../../../Engine/Shaders/Private/RayTracing/RayTracingDeferredMaterials.ush" 2613
"../../../Engine/Shaders/Shared/ThirdParty/AMD/ags_shader_intrinsics_dx12.h" 2614
"../../../Engine/Shaders/Shared/RayTracingDebugDefinitions.h" 2615
"../../../Engine/Shaders/Private/RayTracing/RayTracingDebugHitStatsCHS.usf" 2616
"../../../Engine/Shaders/Private/RayTracing/RayTracingDebugHitStats.usf" 2617
"../../../Engine/Shaders/Private/RayTracing/RayTracingDebugMS.usf" 2618
"../../../Engine/Shaders/Private/RayTracing/RayTracingDebugCHS.usf" 2619
"../../../Engine/Shaders/Private/RayTracing/RayTracingDebug.usf" 2620
"../../../Engine/Shaders/Private/RayTracing/RayTracingBuiltInShaders.usf" 2621
"../../../Engine/Shaders/Private/RayTracing/RayTracingBarycentrics.usf" 2622
"../../../Engine/Shaders/Private/RayTracing/RayTracingAmbientOcclusionRGS.usf" 2623
"../../../Engine/Shaders/Private/VisualizeShadingModels.usf" 2624
"../../../Engine/Shaders/Private/MotionBlur/VisualizeMotionVectors.usf" 2625
"../../../Engine/Shaders/Private/TemporalSuperResolution/TSRVisualize.usf" 2626
"../../../Engine/Shaders/Private/TemporalSuperResolution/TSRColorSpace.ush" 2627
"../../../Engine/Shaders/Private/TemporalSuperResolution/TSRCommon.ush" 2628
"../../../Engine/Shaders/Public/DualPixelVectorization.ush" 2629
"../../../Engine/Shaders/Private/TemporalSuperResolution/TSRReprojectionField.ush" 2630
"../../../Engine/Shaders/Private/TemporalSuperResolution/TSRResolveHistory.usf" 2631
"../../../Engine/Shaders/Private/TemporalSuperResolution/TSRConvolutionNetwork.ush" 2632
"../../../Engine/Shaders/Private/TemporalSuperResolution/TSRKernels.ush" 2633
"../../../Engine/Shaders/Public/LaneVectorization.ush" 2634
"../../../Engine/Shaders/Private/TemporalSuperResolution/TSRUpdateHistory.usf" 2635
"../../../Engine/Shaders/Private/TemporalSuperResolution/TSRSpatialAntiAliasing.ush" 2636
"../../../Engine/Shaders/Private/TemporalSuperResolution/TSRSpatialAntiAliasing.usf" 2637
"../../../Engine/Shaders/Private/TemporalSuperResolution/TSRRejectShading.usf" 2638
"../../../Engine/Shaders/Private/TemporalSuperResolution/TSRShadingAnalysis.ush" 2639
"../../../Engine/Shaders/Private/TemporalSuperResolution/TSRConvolutionNetworkPass.ush" 2640
"../../../Engine/Shaders/Private/TemporalSuperResolution/TSRDecimateHistory.usf" 2641
"../../../Engine/Shaders/Private/TemporalSuperResolution/TSRDepthVelocityAnalysis.ush" 2642
"../../../Engine/Shaders/Private/TemporalSuperResolution/TSRClosestOccluder.ush" 2643
"../../../Engine/Shaders/Private/TemporalSuperResolution/TSRWeightRelaxation.usf" 2644
"../../../Engine/Shaders/Private/TemporalSuperResolution/TSRThinGeometryCommon.ush" 2645
"../../../Engine/Shaders/Private/TemporalSuperResolution/TSRDetectThinGeometry.usf" 2646
"../../../Engine/Shaders/Private/TemporalSuperResolution/TSRDilateVelocity.usf" 2647
"../../../Engine/Shaders/Private/MotionBlur/MotionBlurVelocityFlatten.ush" 2648
"../../../Engine/Shaders/Private/MotionBlur/MotionBlurCommon.ush" 2649
"../../../Engine/Shaders/Private/TemporalSuperResolution/TSRClearPrevTextures.usf" 2650
"../../../Engine/Shaders/Private/TemporalSuperResolution/TSRMeasureCoverage.usf" 2651
"../../../Engine/Shaders/Private/TemporalSuperResolution/TSRMeasureFlickeringLuma.usf" 2652
"../../../Engine/Shaders/Private/TemporalAA.usf" 2653
"../../../Engine/Shaders/Private/FilterPixelShader.usf" 2654
"../../../Engine/Shaders/Private/FilterVertexShader.usf" 2655
"../../../Engine/Shaders/Private/VisualizeVirtualTexture.usf" 2656
"../../../Engine/Shaders/Private/PostProcessVisualizeBuffer.usf" 2657
"../../../Engine/Shaders/Private/PostProcessVisualizeLocalExposure.usf" 2658
"../../../Engine/Shaders/Private/PostProcessHistogramCommon.ush" 2659
"../../../Engine/Shaders/Private/TonemapCommon.ush" 2660
"../../../Engine/Shaders/Private/ACES/ACESCommon.ush" 2661
"../../../Engine/Shaders/Private/ACES/ACESOutputTransform.ush" 2662
"../../../Engine/Shaders/Private/ACES/ACESUtilities.ush" 2663
"../../../Engine/Shaders/Private/ACES/ACESTonescale.ush" 2664
"../../../Engine/Shaders/Private/ACES/ACESDisplayEncoding.ush" 2665
"../../../Engine/Shaders/Private/ACES/ACES_v1.3.ush" 2666
"../../../Engine/Shaders/Private/PostProcessVisualizeLevelInstance.usf" 2667
"../../../Engine/Shaders/Private/PostProcessVisualizeHDR.usf" 2668
"../../../Engine/Shaders/Private/ShaderComplexityApplyPixelShader.usf" 2669
"../../../Engine/Shaders/Private/QuadOverdraw.ush" 2670
"../../../Engine/Shaders/Private/PostProcessUpscale.usf" 2671
"../../../Engine/Shaders/Private/PostProcessTonemap.usf" 2672
"../../../Engine/Shaders/Private/PostProcessing/FilmGrainPackConstants.usf" 2673
"../../../Engine/Shaders/Private/PostProcessing/FilmGrainReduce.usf" 2674
"../../../Engine/Shaders/Private/PostProcessTestImage.usf" 2675
"../../../Engine/Shaders/Private/PostProcessSubsurface.usf" 2676
"../../../Engine/Shaders/Private/SeparableSSS.ush" 2677
"../../../Engine/Shaders/Private/SubsurfaceBurleyNormalized.ush" 2678
"../../../Engine/Shaders/Private/PostProcessSelectionOutline.usf" 2679
"../../../Engine/Shaders/Private/MotionBlur/MotionBlurVisualize.usf" 2680
"../../../Engine/Shaders/Private/MotionBlur/MotionBlurApply.usf" 2681
"../../../Engine/Shaders/Private/MotionBlur/MotionBlurFilterTileClassify.usf" 2682
"../../../Engine/Shaders/Private/MotionBlur/MotionBlurTileScatter.usf" 2683
"../../../Engine/Shaders/Private/MotionBlur/MotionBlurTileGather.usf" 2684
"../../../Engine/Shaders/Private/MotionBlur/MotionBlurVelocityFlatten.usf" 2685
"../../../Engine/Shaders/Private/PostProcessMobile.usf" 2686
"../../../Engine/Shaders/Private/PostProcessMitchellNetravali.usf" 2687
"../../../Engine/Shaders/Private/PostProcessMaterialShaders.usf" 2688
"../../../Engine/Shaders/Private/NeuralPostProcessCommon.usf" 2689
"../../../Engine/Shaders/Private/PostProcessLocalExposure.usf" 2690
"../../../Engine/Shaders/Private/PostProcessLensFlares.usf" 2691
"../../../Engine/Shaders/Private/PostProcessGBufferHints.usf" 2692
"../../../Engine/Shaders/Private/PostProcessHMD.usf" 2693
"../../../Engine/Shaders/Private/Histogram.usf" 2694
"../../../Engine/Shaders/Private/PostProcessHistogramReduce.usf" 2695
"../../../Engine/Shaders/Private/PostProcessHistogram.usf" 2696
"../../../Engine/Shaders/Private/Bloom/BloomFinalizeApplyConstants.usf" 2697
"../../../Engine/Shaders/Private/Bloom/BloomCommon.ush" 2698
"../../../Engine/Shaders/Private/Bloom/BloomResizeKernel.usf" 2699
"../../../Engine/Shaders/Private/Bloom/BloomDownsampleKernel.usf" 2700
"../../../Engine/Shaders/Private/Bloom/BloomClampKernel.usf" 2701
"../../../Engine/Shaders/Private/Bloom/BloomPackKernelConstants.usf" 2702
"../../../Engine/Shaders/Private/Bloom/BloomSumScatterDispersionEnergy.usf" 2703
"../../../Engine/Shaders/Private/Bloom/BloomReduceKernelSurvey.usf" 2704
"../../../Engine/Shaders/Private/Bloom/BloomSurveyKernelCenterEnergy.usf" 2705
"../../../Engine/Shaders/Private/Bloom/BloomSurveyMaxScatterDispersion.usf" 2706
"../../../Engine/Shaders/Private/Bloom/BloomFindKernelCenter.usf" 2707
"../../../Engine/Shaders/Private/PostProcessEyeAdaptation.usf" 2708
"../../../Engine/Shaders/Private/TranslucencyVolumeCommon.ush" 2709
"../../../Engine/Shaders/Private/PostProcessEyeAdaptationUtils.usf" 2710
"../../../Engine/Shaders/Private/PostProcessDownsample.usf" 2711
"../../../Engine/Shaders/Private/PostProcessDOF.usf" 2712
"../../../Engine/Shaders/Private/PostProcessDeviceEncodingOnly.usf" 2713
"../../../Engine/Shaders/Private/PostProcessCompositePrimitives.usf" 2714
"../../../Engine/Shaders/Private/PostProcessCombineLUTs.usf" 2715
"../../../Engine/Shaders/Private/PostProcessVisualizeDOF.usf" 2716
"../../../Engine/Shaders/Private/PostProcessBloom.usf" 2717
"../../../Engine/Shaders/Private/PostProcessAmbientOcclusionMobile.usf" 2718
"../../../Engine/Shaders/Private/PostProcessAmbientOcclusionCommon.ush" 2719
"../../../Engine/Shaders/Private/FXAAShader.usf" 2720
"../../../Engine/Shaders/Private/Fxaa3_11.ush" 2721
"../../../Engine/Shaders/Private/PaniniProjection.usf" 2722
"../../../Engine/Shaders/Private/DiaphragmDOF/DOFRecombine.usf" 2723
"../../../Engine/Shaders/Private/DiaphragmDOF/DOFHybridScatterPixelShader.usf" 2724
"../../../Engine/Shaders/Private/DiaphragmDOF/DOFHybridScatterCommon.ush" 2725
"../../../Engine/Shaders/Private/DiaphragmDOF/DOFVignetteCommon.ush" 2726
"../../../Engine/Shaders/Private/DiaphragmDOF/DOFHybridScatterVertexShader.usf" 2727
"../../../Engine/Shaders/Private/DiaphragmDOF/DOFPostfiltering.usf" 2728
"../../../Engine/Shaders/Private/DiaphragmDOF/DOFGatherTileSuggest.ush" 2729
"../../../Engine/Shaders/Private/DiaphragmDOF/DOFCocTileCommon.ush" 2730
"../../../Engine/Shaders/Private/DiaphragmDOF/DOFGatherPass.usf" 2731
"../../../Engine/Shaders/Private/DiaphragmDOF/DOFGatherCommon.ush" 2732
"../../../Engine/Shaders/Private/DiaphragmDOF/DOFGatherAccumulator.ush" 2733
"../../../Engine/Shaders/Private/DiaphragmDOF/DOFGatherKernel.ush" 2734
"../../../Engine/Shaders/Private/DiaphragmDOF/DOFBokehLUT.usf" 2735
"../../../Engine/Shaders/Private/DiaphragmDOF/DOFHybridScatterCompilation.usf" 2736
"../../../Engine/Shaders/Private/DiaphragmDOF/DOFReduce.usf" 2737
"../../../Engine/Shaders/Private/DiaphragmDOF/DOFDownsample.ush" 2738
"../../../Engine/Shaders/Private/DiaphragmDOF/DOFHybridScatterCompilation.ush" 2739
"../../../Engine/Shaders/Private/DiaphragmDOF/DOFDownsample.usf" 2740
"../../../Engine/Shaders/Private/DiaphragmDOF/DOFCocTileDilate.usf" 2741
"../../../Engine/Shaders/Private/DiaphragmDOF/DOFCocTileFlatten.usf" 2742
"../../../Engine/Shaders/Private/DiaphragmDOF/DOFSetup.usf" 2743
"../../../Engine/Shaders/Private/Tools/DebugAlphaChannel.usf" 2744
"../../../Engine/Shaders/Private/PostProcessAlphaInvert.usf" 2745
"../../../Engine/Shaders/Private/PlanarReflectionShaders.usf" 2746
"../../../Engine/Shaders/Private/PhysicsFieldVisualizer.usf" 2747
"../../../Engine/Shaders/Private/PathTracing/PathTracingSpatialTemporalDenoising.usf" 2748
"../../../Engine/Shaders/Private/ColorDifference.ush" 2749
"../../../Engine/Shaders/Private/PathTracing/PathTracingCompositingPixelShader.usf" 2750
"../../../Engine/Shaders/Private/PathTracing/PathTracingAdaptiveUtils.ush" 2751
"../../../Engine/Shaders/Private/PathTracing/PathTracingDefaultHitShader.usf" 2752
"../../../Engine/Shaders/Private/PathTracing/PathTracingGPULightmassMaterialHitShader.usf" 2753
"../../../Engine/Shaders/Private/PathTracing/PathTracingMaterialHitShader.usf" 2754
"../../../Engine/Shaders/Private/PathTracing/Material/PathTracingSubstrateCommon.ush" 2755
"../../../Engine/Shaders/Private/PathTracing/PathTracingLightingMissShader.usf" 2756
"../../../Engine/Shaders/Private/PathTracing/PathTracingMissShader.usf" 2757
"../../../Engine/Shaders/Private/PathTracing/PathTracingAdaptiveStart.usf" 2758
"../../../Engine/Shaders/Private/PathTracing/PathTracingBuildAdaptiveError.usf" 2759
"../../../Engine/Shaders/Private/PathTracing/PathTracingVolumetricCloudMaterialShader.usf" 2760
"../../../Engine/Shaders/Private/PathTracing/Volume/PathTracingCloudsMaterialCommon.ush" 2761
"../../../Engine/Shaders/Private/PathTracing/Volume/PathTracingVolumeCommon.ush" 2762
"../../../Engine/Shaders/Private/PathTracing/Volume/PathTracingCloudsCommon.ush" 2763
"../../../Engine/Shaders/Private/PathTracing/Volume/PathTracingFog.ush" 2764
"../../../Engine/Shaders/Private/PathTracing/Volume/PathTracingAtmosphere.ush" 2765
"../../../Engine/Shaders/Private/PathTracing/Volume/PathTracingAtmosphereCommon.ush" 2766
"../../../Engine/Shaders/Private/PathTracing/Volume/PathTracingVolumeSampling.ush" 2767
"../../../Engine/Shaders/Private/PathTracing/PathTracingBuildCloudAccelerationMap.usf" 2768
"../../../Engine/Shaders/Private/PathTracing/PathTracingBuildAtmosphereLUT.usf" 2769
"../../../Engine/Shaders/Private/PathTracing/PathTracingSwizzleScanlines.usf" 2770
"../../../Engine/Shaders/Private/PathTracing/PathTracingInitExtinctionCoefficient.usf" 2771
"../../../Engine/Shaders/Private/PathTracing/PathTracingCopyDepth.usf" 2772
"../../../Engine/Shaders/Private/PathTracing/PathTracingDebug.usf" 2773
"../../../Engine/Shaders/Private/RayTracing/RayTracingDecalGrid.ush" 2774
"../../../Engine/Shaders/Private/PathTracing/Material/PathTracingMaterialSampling.ush" 2775
"../../../Engine/Shaders/Private/PathTracing/Material/PathTracingLambert.ush" 2776
"../../../Engine/Shaders/Private/PathTracing/Material/PathTracingSubstrate.ush" 2777
"../../../Engine/Shaders/Private/PathTracing/Material/PathTracingSubstrateFoliage.ush" 2778
"../../../Engine/Shaders/Private/PathTracing/Material/PathTracingSubstrateSolidGlass.ush" 2779
"../../../Engine/Shaders/Private/PathTracing/Material/PathTracingSubstrateThinGlass.ush" 2780
"../../../Engine/Shaders/Private/PathTracing/Material/PathTracingSolidGlass.ush" 2781
"../../../Engine/Shaders/Private/PathTracing/Material/PathTracingEnergyConservation.ush" 2782
"../../../Engine/Shaders/Private/PathTracing/Material/PathTracingThinGlass.ush" 2783
"../../../Engine/Shaders/Private/PathTracing/Material/PathTracingDefaultLit.ush" 2784
"../../../Engine/Shaders/Private/PathTracing/Material/PathTracingClearCoat.ush" 2785
"../../../Engine/Shaders/Private/PathTracing/Material/PathTracingTwoSidedFoliage.ush" 2786
"../../../Engine/Shaders/Private/PathTracing/Material/PathTracingCloth.ush" 2787
"../../../Engine/Shaders/Private/PathTracing/Material/PathTracingSubsurfaceProfile.ush" 2788
"../../../Engine/Shaders/Private/PathTracing/Material/PathTracingEye.ush" 2789
"../../../Engine/Shaders/Private/PathTracing/Material/PathTracingHair.ush" 2790
"../../../Engine/Shaders/Private/PathTracing/Material/PathTracingMedium.ush" 2791
"../../../Engine/Shaders/Private/PathTracing/Light/PathTracingLightSampling.ush" 2792
"../../../Engine/Shaders/Private/PathTracing/Light/PathTracingLightCommon.ush" 2793
"../../../Engine/Shaders/Private/PathTracing/Light/PathTracingDirectionalLight.ush" 2794
"../../../Engine/Shaders/Private/PathTracing/Light/PathTracingPointLight.ush" 2795
"../../../Engine/Shaders/Private/PathTracing/Light/PathTracingCapsuleLight.ush" 2796
"../../../Engine/Shaders/Private/PathTracing/Light/PathTracingRectLight.ush" 2797
"../../../Engine/Shaders/Private/PathTracing/Light/PathTracingSkyLight.ush" 2798
"../../../Engine/Shaders/Private/PathTracing/Light/PathTracingLightGrid.ush" 2799
"../../../Engine/Shaders/Private/PathTracing/PathTracing.usf" 2800
"../../../Engine/Shaders/Private/PathTracing/PathTracingCore.ush" 2801
"../../../Engine/Shaders/Private/HeterogeneousVolumes/HeterogeneousVolumesVoxelGridTypes.ush" 2802
"../../../Engine/Shaders/Private/PathTracing/Volume/PathTracingVolume.ush" 2803
"../../../Engine/Shaders/Private/PathTracing/Volume/PathTracingClouds.ush" 2804
"../../../Engine/Shaders/Private/PathTracing/Volume/PathTracingHeterogeneousVolumes.ush" 2805
"../../../Engine/Shaders/Private/HeterogeneousVolumes/HeterogeneousVolumesVoxelGridTraversal.ush" 2806
"../../../Engine/Shaders/Private/HeterogeneousVolumes/HeterogeneousVolumesVoxelGridUtils.ush" 2807
"../../../Engine/Shaders/Private/HeterogeneousVolumes/HeterogeneousVolumesFrustumVoxelGridUtils.ush" 2808
"../../../Engine/Shaders/Private/PathTracing/PathTracingBuildLightGrid.usf" 2809
"../../../Engine/Shaders/Private/PathTracing/PathTracingSkylightMISCompensation.usf" 2810
"../../../Engine/Shaders/Private/PathTracing/PathTracingSkylightPrepare.usf" 2811
"../../../Engine/Shaders/Private/OIT/OITSorting.usf" 2812
"../../../Engine/Shaders/Private/OITCombine.usf" 2813
"../../../Engine/Shaders/Private/OITCommon.ush" 2814
"../../../Engine/Shaders/Private/Nanite/Voxel/RasterizeBricks.usf" 2815
"../../../Engine/Shaders/Private/Nanite/Voxel/Brick.ush" 2816
"../../../Engine/Shaders/Private/Nanite/Voxel/Voxel.ush" 2817
"../../../Engine/Shaders/Private/Nanite/Voxel/ScatterBricks.usf" 2818
"../../../Engine/Shaders/Private/Nanite/Voxel/TileBricks.usf" 2819
"../../../Engine/Shaders/Private/Nanite/Voxel/AutoVoxel.usf" 2820
"../../../Engine/Shaders/Private/Nanite/NaniteDebugViews.usf" 2821
"../../../Engine/Shaders/Private/Nanite/NaniteEditorCommon.ush" 2822
"../../../Engine/Shaders/Private/BinarySearch.ush" 2823
"../../../Engine/Shaders/Private/Nanite/NaniteDepthDecode.usf" 2824
"../../../Engine/Shaders/Private/HTileEncoding.ush" 2825
"../../../Engine/Shaders/Private/Nanite/NaniteVisualize.usf" 2826
"../../../Engine/Shaders/Private/Nanite/NaniteStreamOut.usf" 2827
"../../../Engine/Shaders/Private/Nanite/NaniteHierarchyTraversal.ush" 2828
"../../../Engine/Shaders/Private/Nanite/NaniteSkinningUpdateViewData.usf" 2829
"../../../Engine/Shaders/Private/Skinning/TransformProviders.usf" 2830
"../../../Engine/Shaders/Private/Nanite/NaniteShadeBinning.usf" 2831
"../../../Engine/Shaders/Private/Nanite/NaniteShadeCommon.ush" 2832
"../../../Engine/Shaders/Private/Nanite/NaniteFastClear.usf" 2833
"../../../Engine/Shaders/Private/Nanite/NaniteExportGBuffer.usf" 2834
"../../../Engine/Shaders/Private/Nanite/NaniteClusterCulling.usf" 2835
"../../../Engine/Shaders/Private/Nanite/NanitePrintStats.usf" 2836
"../../../Engine/Shaders/Private/Nanite/NaniteRasterizer.usf" 2837
"../../../Engine/Shaders/Private/Nanite/NaniteRasterizationCommon.ush" 2838
"../../../Engine/Shaders/Private/Nanite/NaniteRasterizer.ush" 2839
"../../../Engine/Shaders/Private/Nanite/NaniteWritePixel.ush" 2840
"../../../Engine/Shaders/Private/Nanite/NaniteTessellation.ush" 2841
"../../../Engine/Shaders/Private/WorkDistribution.ush" 2842
"../../../Engine/Shaders/Private/Nanite/NaniteDice.ush" 2843
"../../../Engine/Shaders/Private/ShaderBundleWorkGraphCommon.ush" 2844
"../../../Engine/Shaders/Public/RootConstants.ush" 2845
"../../../Engine/Shaders/Public/Platform/D3D/D3DRootConstants.ush" 2846
"../../../Engine/Shaders/Private/Nanite/NaniteSplit.usf" 2847
"../../../Engine/Shaders/Private/Nanite/NaniteRasterBinning.usf" 2848
"../../../Engine/Shaders/Private/Nanite/NaniteInstanceCulling.usf" 2849
"../../../Engine/Shaders/Private/Nanite/NaniteImposter.ush" 2850
"../../../Engine/Shaders/Private/Nanite/NaniteInstanceHierarchyCulling.usf" 2851
"../../../Engine/Shaders/Private/WorkGroupLoadBalancer.ush" 2852
"../../../Engine/Shaders/Private/Nanite/NanitePrimitiveFilter.usf" 2853
"../../../Engine/Shaders/Private/Nanite/NaniteRasterClear.usf" 2854
"../../../Engine/Shaders/Private/Nanite/NaniteDepthExport.usf" 2855
"../../../Engine/Shaders/Private/Nanite/NaniteEmitShadow.usf" 2856
"../../../Engine/Shaders/Private/MobileDeferredUtils.usf" 2857
"../../../Engine/Shaders/Private/MobileLocalLightsBuffer.usf" 2858
"../../../Engine/Shaders/Private/MobileFog.usf" 2859
"../../../Engine/Shaders/Private/DistortApplyScreenPS.usf" 2860
"../../../Engine/Shaders/Private/MobileDeferredShading.usf" 2861
"../../../Engine/Shaders/Private/MobileBasePassPixelShader.usf" 2862
"../../../Engine/Shaders/Private/MobileBasePassCommon.ush" 2863
"../../../Engine/Shaders/Private/BasePassCommon.ush" 2864
"../../../Engine/Shaders/Private/ShadingModelsMaterial.ush" 2865
"../../../Engine/Shaders/Private/ThinTranslucentCommon.ush" 2866
"../../../Engine/Shaders/Private/SingleLayerWaterShading.ush" 2867
"../../../Engine/Shaders/Private/DistortionCommon.ush" 2868
"../../../Engine/Shaders/Private/Substrate/SubstrateMobileForwardLighting.ush" 2869
"../../../Engine/Shaders/Private/MobileBasePassVertexShader.usf" 2870
"../../../Engine/Shaders/Private/MeshEdges.usf" 2871
"../../../Engine/Shaders/Private/MegaLights/MegaLightsVSMTracing.usf" 2872
"../../../Engine/Shaders/Private/MegaLights/MegaLights.ush" 2873
"../../../Engine/Shaders/Shared/MegaLightsDefinitions.h" 2874
"../../../Engine/Shaders/Private/HairStrands/HairStrandsVisibilityUtils.ush" 2875
"../../../Engine/Shaders/Private/MegaLights/MegaLightsRayTracing.ush" 2876
"../../../Engine/Shaders/Private/MegaLights/MegaLightsRayTracing.usf" 2877
"../../../Engine/Shaders/Private/DistanceField/GlobalDistanceFieldUtils.ush" 2878
"../../../Engine/Shaders/Private/Lumen/LumenScreenTracing.ush" 2879
"../../../Engine/Shaders/Private/MegaLights/MegaLightsVolumeRayTracing.usf" 2880
"../../../Engine/Shaders/Private/MegaLights/MegaLightsVolume.ush" 2881
"../../../Engine/Shaders/Private/MegaLights/MegaLightsVolumeHardwareRayTracing.usf" 2882
"../../../Engine/Shaders/Private/Lumen/LumenHardwareRayTracingCommon.ush" 2883
"../../../Engine/Shaders/Private/RayTracing/RayTracingReflectionEnvironment.ush" 2884
"../../../Engine/Shaders/Private/Lumen/LumenHardwareRayTracingPlatformCommon.ush" 2885
"../../../Engine/Shaders/Private/Lumen/LumenReflectionsCombine.ush" 2886
"../../../Engine/Shaders/Private/Lumen/LumenTracingCommon.ush" 2887
"../../../Engine/Shaders/Private/Lumen/SurfaceCache/LumenSurfaceCacheSampling.ush" 2888
"../../../Engine/Shaders/Private/Lumen/SurfaceCache/LumenSurfaceCache.ush" 2889
"../../../Engine/Shaders/Private/Lumen/LumenCardCommon.ush" 2890
"../../../Engine/Shaders/Private/Lumen/LumenCardTileShadowDownsampleFactor.ush" 2891
"../../../Engine/Shaders/Private/MegaLights/MegaLightsHardwareRayTracing.usf" 2892
"../../../Engine/Shaders/Private/MegaLights/MegaLights.usf" 2893
"../../../Engine/Shaders/Private/MegaLights/MegaLightsShading.ush" 2894
"../../../Engine/Shaders/Private/MegaLights/MegaLightsFilterVisibleLightHash.usf" 2895
"../../../Engine/Shaders/Private/MegaLights/MegaLightsDenoiserSpatial.usf" 2896
"../../../Engine/Shaders/Private/Lumen/LumenReflectionDenoiserCommon.ush" 2897
"../../../Engine/Shaders/Private/MegaLights/MegaLightsDenoiserTemporal.usf" 2898
"../../../Engine/Shaders/Private/MegaLights/MegaLightsShading.usf" 2899
"../../../Engine/Shaders/Private/StochasticLighting/StochasticLightingUpsample.ush" 2900
"../../../Engine/Shaders/Private/MegaLights/MegaLightsVisibleLightHash.usf" 2901
"../../../Engine/Shaders/Private/MegaLights/MegaLightsVolumeShading.usf" 2902
"../../../Engine/Shaders/Private/MegaLights/MegaLightsSampling.usf" 2903
"../../../Engine/Shaders/Private/MegaLights/MegaLightsSampling.ush" 2904
"../../../Engine/Shaders/Private/MegaLights/MegaLightsVolumeSampling.usf" 2905
"../../../Engine/Shaders/Private/MaterialCache/MaterialCacheABufferPages.usf" 2906
"../../../Engine/Shaders/Private/MaterialCache/MaterialCacheShade.usf" 2907
"../../../Engine/Shaders/Private/MaterialCache/MaterialCacheUnwrapNaniteShade.usf" 2908
"../../../Engine/Shaders/Private/MaterialCache/MaterialCacheUnwrapPixelShader.usf" 2909
"../../../Engine/Shaders/Private/MaterialCache/MaterialCacheUnwrapVertexShader.usf" 2910
"../../../Engine/Shaders/Private/Lumen/LumenVisualizeRadianceCache.usf" 2911
"../../../Engine/Shaders/Private/Lumen/LumenRadianceCacheCommon.ush" 2912
"../../../Engine/Shaders/Private/Lumen/LumenVisualizeHardwareRayTracing.usf" 2913
"../../../Engine/Shaders/Private/Lumen/LumenVisualize.ush" 2914
"../../../Engine/Shaders/Private/Lumen/LumenHairTracing.ush" 2915
"../../../Engine/Shaders/Private/Lumen/LumenVisualize.usf" 2916
"../../../Engine/Shaders/Private/Lumen/LumenSoftwareRayTracing.ush" 2917
"../../../Engine/Shaders/Private/DistanceField/GlobalDistanceFieldObjectGrid.ush" 2918
"../../../Engine/Shaders/Private/DistanceFieldLightingShared.ush" 2919
"../../../Engine/Shaders/Private/Lumen/LumenVisualizeTraces.ush" 2920
"../../../Engine/Shaders/Private/Lumen/LumenTranslucencyVolumeLighting.usf" 2921
"../../../Engine/Shaders/Private/Lumen/LumenRadianceCacheMarkCommon.ush" 2922
"../../../Engine/Shaders/Private/Lumen/LumenTranslucencyVolumeLightingShared.ush" 2923
"../../../Engine/Shaders/Private/Lumen/LumenScreenProbeCommon.ush" 2924
"../../../Engine/Shaders/Private/RayTracing/RayGenUtils.ush" 2925
"../../../Engine/Shaders/Private/Lumen/LumenRadianceCacheTracingCommon.ush" 2926
"../../../Engine/Shaders/Private/Lumen/LumenTranslucencyVolumeHardwareRayTracing.usf" 2927
"../../../Engine/Shaders/Private/Lumen/LumenTranslucencyRadianceCacheMarkShaders.usf" 2928
"../../../Engine/Shaders/Private/Lumen/SurfaceCache/LumenSurfaceCache.usf" 2929
"../../../Engine/Shaders/Private/Lumen/LumenShortRangeAOHardwareRayTracing.usf" 2930
"../../../Engine/Shaders/Private/Lumen/LumenScreenSpaceBentNormal.ush" 2931
"../../../Engine/Shaders/Private/Lumen/LumenScreenSpaceBentNormal.usf" 2932
"../../../Engine/Shaders/Private/Lumen/LumenScreenProbeTracing.usf" 2933
"../../../Engine/Shaders/Private/Lumen/LumenScreenProbeTracingCommon.ush" 2934
"../../../Engine/Shaders/Private/Lumen/LumenFloatQuantization.ush" 2935
"../../../Engine/Shaders/Private/Lumen/LumenScreenProbeImportanceSampling.usf" 2936
"../../../Engine/Shaders/Private/Lumen/LumenScreenProbeImportanceSamplingShared.ush" 2937
"../../../Engine/Shaders/Private/Lumen/LumenScreenProbeHardwareRayTracing.usf" 2938
"../../../Engine/Shaders/Private/Lumen/LumenScreenProbeDebug.usf" 2939
"../../../Engine/Shaders/Private/Lumen/LumenScreenProbeGather.usf" 2940
"../../../Engine/Shaders/Private/Lumen/LumenScreenProbeGatherTemporal.usf" 2941
"../../../Engine/Shaders/Private/Lumen/LumenScreenProbeFiltering.usf" 2942
"../../../Engine/Shaders/Private/Lumen/LumenSceneLighting.usf" 2943
"../../../Engine/Shaders/Private/Lumen/LumenCardTile.ush" 2944
"../../../Engine/Shaders/Private/Lumen/LumenSceneLighting.ush" 2945
"../../../Engine/Shaders/Private/Lumen/Radiosity/LumenRadiosity.ush" 2946
"../../../Engine/Shaders/Private/Lumen/LumenSceneLightingDebug.usf" 2947
"../../../Engine/Shaders/Private/Lumen/LumenScene.usf" 2948
"../../../Engine/Shaders/Private/Lumen/LumenSceneDirectLightingHardwareRayTracing.usf" 2949
"../../../Engine/Shaders/Private/Lumen/LumenSceneDirectLightingStochastic.ush" 2950
"../../../Engine/Shaders/Private/Lumen/LumenReflectionCommon.ush" 2951
"../../../Engine/Shaders/Private/Lumen/LumenSceneDirectLighting.ush" 2952
"../../../Engine/Shaders/Private/Lumen/LumenSceneDebugHardwareRayTracing.usf" 2953
"../../../Engine/Shaders/Private/Lumen/LumenSceneDirectLightingStochastic.usf" 2954
"../../../Engine/Shaders/Private/Lumen/LumenSceneDirectLightingSoftwareRayTracing.usf" 2955
"../../../Engine/Shaders/Private/DistanceFieldShadowingShared.ush" 2956
"../../../Engine/Shaders/Private/Lumen/LumenSceneDirectLightingPerLightShadowCommon.ush" 2957
"../../../Engine/Shaders/Private/Lumen/LumenSceneDirectLightingShadowMask.usf" 2958
"../../../Engine/Shaders/Private/Lumen/LumenSceneDirectLighting.usf" 2959
"../../../Engine/Shaders/Private/Lumen/LumenSceneDirectLightingCulling.usf" 2960
"../../../Engine/Shaders/Private/Lumen/LumenCardComputeShader.usf" 2961
"../../../Engine/Shaders/Private/Lumen/LumenCardBasePass.ush" 2962
"../../../Engine/Shaders/Private/Lumen/LumenCardPixelShader.usf" 2963
"../../../Engine/Shaders/Private/Lumen/LumenCardVertexShader.usf" 2964
"../../../Engine/Shaders/Private/Lumen/LumenReSTIRGather.usf" 2965
"../../../Engine/Shaders/Private/Lumen/LumenReflectionTracing.usf" 2966
"../../../Engine/Shaders/Private/Lumen/LumenReflectionDenoiserSpatial.usf" 2967
"../../../Engine/Shaders/Private/Lumen/LumenReflectionDenoiserClear.usf" 2968
"../../../Engine/Shaders/Private/Lumen/LumenReflectionDenoiserTemporal.usf" 2969
"../../../Engine/Shaders/Private/Lumen/LumenReflectionResolve.usf" 2970
"../../../Engine/Shaders/Private/Lumen/LumenReflections.usf" 2971
"../../../Engine/Shaders/Private/Lumen/RayTracedTranslucency.usf" 2972
"../../../Engine/Shaders/Private/Lumen/LumenReflectionHardwareRayTracing.usf" 2973
"../../../Engine/Shaders/Private/Lumen/Radiosity/LumenVisualizeRadiosityProbes.usf" 2974
"../../../Engine/Shaders/Private/Lumen/Radiosity/LumenRadiosity.usf" 2975
"../../../Engine/Shaders/Private/Lumen/Radiosity/LumenRadiosityHardwareRayTracing.usf" 2976
"../../../Engine/Shaders/Private/Lumen/Radiosity/LumenRadiosityCulling.usf" 2977
"../../../Engine/Shaders/Private/Lumen/LumenRadianceCacheHardwareRayTracing.usf" 2978
"../../../Engine/Shaders/Private/Lumen/LumenRadianceCache.usf" 2979
"../../../Engine/Shaders/Private/Lumen/LumenRadianceCacheUpdate.ush" 2980
"../../../Engine/Shaders/Private/Lumen/LumenRadianceCacheDebug.usf" 2981
"../../../Engine/Shaders/Private/Lumen/LumenRadianceCacheUpdate.usf" 2982
"../../../Engine/Shaders/Private/Lumen/LumenMeshSDFCulling.usf" 2983
"../../../Engine/Shaders/Private/HybridIndirectLighting.ush" 2984
"../../../Engine/Shaders/Private/MeshDistanceFieldCommon.ush" 2985
"../../../Engine/Shaders/Private/Lumen/LumenIrradianceFieldGather.usf" 2986
"../../../Engine/Shaders/Private/Lumen/LumenHardwareRayTracingMaterials.usf" 2987
"../../../Engine/Shaders/Private/Lumen/LumenFrontLayerTranslucency.usf" 2988
"../../../Engine/Shaders/Private/LocalFogVolumes/LocalFogVolumeSplat.usf" 2989
"../../../Engine/Shaders/Private/LocalFogVolumes/LocalFogVolumeTiledCulling.usf" 2990
"../../../Engine/Shaders/Private/LightShaftShader.usf" 2991
"../../../Engine/Shaders/Private/StationaryLightOverlapShaders.usf" 2992
"../../../Engine/Shaders/Private/DeferredLightPixelShaders.usf" 2993
"../../../Engine/Shaders/Private/DeferredLightVertexShaders.usf" 2994
"../../../Engine/Shaders/Private/LightMapDensityShader.usf" 2995
"../../../Engine/Shaders/Private/LightGridInjection.usf" 2996
"../../../Engine/Shaders/Shared/LightGridDefinitions.h" 2997
"../../../Engine/Shaders/Private/LightFunctionPixelShader.usf" 2998
"../../../Engine/Shaders/Private/LightFunctionVertexShader.usf" 2999
"../../../Engine/Shaders/Private/LightFunctionAtlas/LightFunctionAtlasRender.usf" 3000
"../../../Engine/Shaders/Private/InstanceCulling/InstanceCullingOcclusionQuery.usf" 3001
"../../../Engine/Shaders/Private/InstanceCulling/InstanceCullingSetup.ush" 3002
"../../../Engine/Shaders/Private/InstanceCulling/BuildInstanceDrawCommands.usf" 3003
"../../../Engine/Shaders/Private/InstanceCulling/InstanceCompactionCommon.ush" 3004
"../../../Engine/Shaders/Private/SceneDataMobileWriter.ush" 3005
"../../../Engine/Shaders/Private/InstanceCulling/CompactVisibleInstances.usf" 3006
"../../../Engine/Shaders/Private/ReflectionEnvironmentPixelShader.usf" 3007
"../../../Engine/Shaders/Private/AmbientCubemapComposite.usf" 3008
"../../../Engine/Shaders/Private/DiffuseIndirectComposite.usf" 3009
"../../../Engine/Shaders/Private/IESAtlas.usf" 3010
"../../../Engine/Shaders/Private/HeterogeneousVolumes/HeterogeneousVolumesVoxelGridShadows.usf" 3011
"../../../Engine/Shaders/Private/HeterogeneousVolumes/HeterogeneousVolumesStochasticFiltering.ush" 3012
"../../../Engine/Shaders/Private/HeterogeneousVolumes/HeterogeneousVolumesVoxelGridRenderingUtils.ush" 3013
"../../../Engine/Shaders/Private/HeterogeneousVolumes/HeterogeneousVolumesLightingUtils.ush" 3014
"../../../Engine/Shaders/Private/HeterogeneousVolumes/HeterogeneousVolumesVoxelGridRendering.usf" 3015
"../../../Engine/Shaders/Private/HeterogeneousVolumes/HeterogeneousVolumesVoxelGridPipeline.usf" 3016
"../../../Engine/Shaders/Private/HeterogeneousVolumes/HeterogeneousVolumesMaterialBakingPipeline.usf" 3017
"../../../Engine/Shaders/Private/HeterogeneousVolumes/HeterogeneousVolumesLiveShadingUtils.ush" 3018
"../../../Engine/Shaders/Private/HeterogeneousVolumes/HeterogeneousVolumesFrustumVoxelGrid.usf" 3019
"../../../Engine/Shaders/Private/HeterogeneousVolumes/HeterogeneousVolumesSparseVoxelPipeline.usf" 3020
"../../../Engine/Shaders/Private/HeterogeneousVolumes/HeterogeneousVolumesSparseVoxelUtils.ush" 3021
"../../../Engine/Shaders/Private/HeterogeneousVolumes/HeterogeneousVolumesSparseVoxelUniformBufferUtils.ush" 3022
"../../../Engine/Shaders/Private/HeterogeneousVolumes/HeterogeneousVolumesPreshadingPipeline.usf" 3023
"../../../Engine/Shaders/Private/HeterogeneousVolumes/HeterogeneousVolumesLiveShadingShadows.usf" 3024
"../../../Engine/Shaders/Private/HeterogeneousVolumes/HeterogeneousVolumesLiveShadingGlobalPipeline.usf" 3025
"../../../Engine/Shaders/Private/HeterogeneousVolumes/HeterogeneousVolumesLiveShadingPipeline.usf" 3026
"../../../Engine/Shaders/Private/HeterogeneousVolumes/HeterogeneousVolumesHardwareRayTracing.usf" 3027
"../../../Engine/Shaders/Private/HeterogeneousVolumes/HeterogeneousVolumesAmbientOcclusionPipeline.usf" 3028
"../../../Engine/Shaders/Private/HeterogeneousVolumes/HeterogeneousVolumesComposite.usf" 3029
"../../../Engine/Shaders/Private/HdrCustomResolveShaders.usf" 3030
"../../../Engine/Shaders/Private/HairStrands/RenderCurveRaster.usf" 3031
"../../../Engine/Shaders/Private/HairStrands/HairStrandsVoxelRasterCompute.usf" 3032
"../../../Engine/Shaders/Private/HairStrands/HairStrandsHitProxy.usf" 3033
"../../../Engine/Shaders/Private/HairStrands/HairStrandsVisibilityRasterComputeNaive.usf" 3034
"../../../Engine/Shaders/Private/HairStrands/HairStrandsVisibilityRasterHW.usf" 3035
"../../../Engine/Shaders/Private/HairStrands/HairStrandsVisibilityRasterCompute.usf" 3036
"../../../Engine/Shaders/Private/HairStrands/HairStrandsVisibilityRasterClassification.usf" 3037
"../../../Engine/Shaders/Private/HairStrands/HairStrandsCoverage.usf" 3038
"../../../Engine/Shaders/Private/HairStrands/HairStrandsVisibilityDepthPS.usf" 3039
"../../../Engine/Shaders/Private/HairStrands/HairStrandsVisibilityTransmittanceDepthPS.usf" 3040
"../../../Engine/Shaders/Private/HairStrands/HairStrandsVisibilityFillOpaqueDepthPS.usf" 3041
"../../../Engine/Shaders/Private/HairStrands/HairStrandsVisibilityCompactionComputeRaster.usf" 3042
"../../../Engine/Shaders/Private/HairStrands/HairStrandsVisibilityCompaction.usf" 3043
"../../../Engine/Shaders/Private/HairStrands/HairStrandsVisibilityCopyIndirectArg.usf" 3044
"../../../Engine/Shaders/Private/HairStrands/HairStrandsVisibilityClearPS.usf" 3045
"../../../Engine/Shaders/Private/HairStrands/HairStrandsVisibilityPS.usf" 3046
"../../../Engine/Shaders/Private/HairStrands/HairStrandsVisibilityVS.usf" 3047
"../../../Engine/Shaders/Private/HairStrands/HairStrandsVelocity.usf" 3048
"../../../Engine/Shaders/Private/HairStrands/HairStrandsVisibilityComputeSampleCoverage.usf" 3049
"../../../Engine/Shaders/Private/HairStrands/HairStrandsMaterialPS.usf" 3050
"../../../Engine/Shaders/Private/HairStrands/HairStrandsMaterialCommon.ush" 3051
"../../../Engine/Shaders/Private/HairStrands/HairStrandsMaterialVS.usf" 3052
"../../../Engine/Shaders/Private/HairStrands/HairStrandsLightSample.usf" 3053
"../../../Engine/Shaders/Private/HairStrands/HairStrandsDeepShadowMask.usf" 3054
"../../../Engine/Shaders/Private/HairStrands/HairStrandsDeepTransmittanceMask.usf" 3055
"../../../Engine/Shaders/Private/HairStrands/HairStrandsVisibilityTile.usf" 3056
"../../../Engine/Shaders/Private/HairStrands/HairStrandsDeepShadowPS.usf" 3057
"../../../Engine/Shaders/Private/HairStrands/HairStrandsDeepShadowVS.usf" 3058
"../../../Engine/Shaders/Private/HairStrands/HairStrandsAABB.usf" 3059
"../../../Engine/Shaders/Private/HairStrands/HairStrandsLUT.usf" 3060
"../../../Engine/Shaders/Private/HairStrands/HairStrandsForwardRaster.usf" 3061
"../../../Engine/Shaders/Private/HairStrands/HairStrandsForwardCulling.usf" 3062
"../../../Engine/Shaders/Private/HairStrands/HairStrandsEnvironmentLighting.usf" 3063
"../../../Engine/Shaders/Private/HairStrands/HairStrandsEnvironmentAO.usf" 3064
"../../../Engine/Shaders/Private/HairStrands/HairStrandsDeepShadowAllocation.usf" 3065
"../../../Engine/Shaders/Private/HairStrands/HairStrandsVoxelDebug.usf" 3066
"../../../Engine/Shaders/Private/HairStrands/HairStrandsComposition.usf" 3067
"../../../Engine/Shaders/Private/HairStrands/HairStrandsGBufferCommon.ush" 3068
"../../../Engine/Shaders/Private/GPUScene/GPUSceneDataManagement.usf" 3069
"../../../Engine/Shaders/Private/GPUSceneDebugRender.usf" 3070
"../../../Engine/Shaders/Private/GPUFeedbackCompaction.usf" 3071
"../../../Engine/Shaders/Private/GPUFastFourierTransform.usf" 3072
"../../../Engine/Shaders/Private/GPUFastFourierTransform2DCore.ush" 3073
"../../../Engine/Shaders/Private/GPUFastFourierTransformCore.ush" 3074
"../../../Engine/Shaders/Private/GPUBenchmark.usf" 3075
"../../../Engine/Shaders/Private/DistanceField/GlobalDistanceFieldDebug.usf" 3076
"../../../Engine/Shaders/Private/DistanceField/GlobalDistanceFieldUpdate.ush" 3077
"../../../Engine/Shaders/Private/DistanceField/GlobalDistanceFieldMip.usf" 3078
"../../../Engine/Shaders/Private/DistanceField/GlobalDistanceField.usf" 3079
"../../../Engine/Shaders/Private/DistanceField/GlobalDistanceFieldCompositeObjects.usf" 3080
"../../../Engine/Shaders/Private/DistanceField/GlobalDistanceFieldHeightfields.usf" 3081
"../../../Engine/Shaders/Private/HeightfieldLightingShared.ush" 3082
"../../../Engine/Shaders/Private/GenerateConservativeDepth.usf" 3083
"../../../Engine/Shaders/Private/HeightFogPixelShader.usf" 3084
"../../../Engine/Shaders/Private/HeightFogVertexShader.usf" 3085
"../../../Engine/Shaders/Private/DistortFiltering.usf" 3086
"../../../Engine/Shaders/Private/DistortAccumulatePS.usf" 3087
"../../../Engine/Shaders/Private/DistortAccumulateVS.usf" 3088
"../../../Engine/Shaders/Private/DistanceFieldVisualization.usf" 3089
"../../../Engine/Shaders/Private/DistanceFieldStreaming.usf" 3090
"../../../Engine/Shaders/Private/DistanceFieldShadowing.usf" 3091
"../../../Engine/Shaders/Private/DistanceFieldScreenGridLighting.usf" 3092
"../../../Engine/Shaders/Private/DistanceFieldObjectCulling.usf" 3093
"../../../Engine/Shaders/Private/DistanceFieldLightingPost.usf" 3094
"../../../Engine/Shaders/Private/DitheredTransitionStencil.usf" 3095
"../../../Engine/Shaders/Private/CopyDepthTexture.usf" 3096
"../../../Engine/Shaders/Private/CopyDepthTextureCS.usf" 3097
"../../../Engine/Shaders/Private/DeferredDecal.usf" 3098
"../../../Engine/Shaders/Private/DecalCommon.ush" 3099
"../../../Engine/Shaders/Private/DebugViewModeVertexShader.usf" 3100
"../../../Engine/Shaders/Private/DebugViewModeCommon.ush" 3101
"../../../Engine/Shaders/Private/DebugViewModePixelShader.usf" 3102
"../../../Engine/Shaders/Private/DebugProbes.usf" 3103
"../../../Engine/Shaders/Private/MeshDecals.usf" 3104
"../../../Engine/Shaders/Private/PostProcessAmbientOcclusion.usf" 3105
"../../../Engine/Shaders/Private/ClusteredDeferredShadingPixelShader.usf" 3106
"../../../Engine/Shaders/Private/ClusteredDeferredShadingVertexShader.usf" 3107
"../../../Engine/Shaders/Private/CapsuleShadowShaders.usf" 3108
"../../../Engine/Shaders/Private/BasePassPixelShader.usf" 3109
"../../../Engine/Shaders/Private/ForwardLightingCommon.ush" 3110
"../../../Engine/Shaders/Private/Substrate/SubstrateForwardLighting.ush" 3111
"../../../Engine/Shaders/Private/ComputeShaderOutputCommon.ush" 3112
"../../../Engine/Shaders/Private/BasePassVertexShader.usf" 3113
"../../../Engine/Shaders/Private/BasePassVertexCommon.ush" 3114
"../../../Engine/Shaders/Private/SimpleElementVolumeTexturePreviewPixelShader.usf" 3115
"../../../Engine/Shaders/Private/SimpleElementTexture2DPreviewPixelShader.usf" 3116
"../../../Engine/Shaders/Private/meshpaintdilatepixelshader.usf" 3117
"../../../Engine/Shaders/Private/meshpaintdilatevertexshader.usf" 3118
"../../../Engine/Shaders/Private/MeshPaintPixelShader.usf" 3119
"../../../Engine/Shaders/Private/MeshPaintVertexShader.usf" 3120
"../../../Engine/Shaders/Private/SlateElementPixelShader.usf" 3121
"../../../Engine/Shaders/Private/SlateShaderCommon.ush" 3122
"../../../Engine/Shaders/Private/SlateMaskingShader.usf" 3123
"../../../Engine/Shaders/Private/SlateVertexShader.usf" 3124
"../../../Engine/Shaders/Private/CompositeUIPixelShader.usf" 3125
"../../../Engine/Shaders/Private/ColorDeficiency.ush" 3126
"../../../Engine/Shaders/Private/SlatePostProcessColorDeficiencyPixelShader.usf" 3127
"../../../Engine/Shaders/Private/SlatePostProcessPixelShader.usf" 3128
"../../../Engine/Shaders/Private/Tools/VisualizeTexture.usf" 3129
"../../../Engine/Shaders/Private/UpdateDescriptorHandle.usf" 3130
"../../../Engine/Shaders/Private/ByteBuffer.usf" 3131
"../../../Engine/Shaders/Private/ShaderBundleWorkGraphDispatch.usf" 3132
"../../../Engine/Shaders/Private/ShaderBundleDispatch.usf" 3133
"../../../Engine/Shaders/Private/ResolveVertexShader.usf" 3134
"../../../Engine/Shaders/Private/ResolvePixelShader.usf" 3135
"../../../Engine/Shaders/Private/Tools/SetupIndirectArgs.usf" 3136
"../../../Engine/Shaders/Private/ClearReplacementShaders.usf" 3137
"../../../Engine/Shaders/Private/Tools/DrawTexture.usf" 3138
"../../../Engine/Shaders/Private/RayTracing/RayTracingValidation.usf" 3139
"../../../Engine/Shaders/Private/RenderGraphUtilities.usf" 3140
"../../../Engine/Shaders/Private/OneColorShader.usf" 3141
"../../../Engine/Shaders/Private/OculusShaders.usf" 3142
"../../../Engine/Shaders/Private/MediaShaders.usf" 3143
"../../../Engine/Shaders/Private/GPUMessaging.usf" 3144
"../../../Engine/Shaders/Private/Tools/GPUDebugCrashUtils.usf" 3145
"../../../Engine/Shaders/Private/NullPixelShader.usf" 3146
"../../../Engine/Shaders/Private/ComputeGenerateMips.usf" 3147
"../../../Engine/Shaders/Private/Tools/DumpTexture.usf" 3148
"../../../Engine/Shaders/Private/CopyTextureShaders.usf" 3149
"../../../Engine/Shaders/Private/Tools/FullscreenVertexShader.usf" 3150
"../../../Engine/Shaders/Private/RayTracing/RayTracingDispatchDesc.usf" 3151
"../../../Engine/Shaders/Private/Bink.usf" 3152
"../../../Engine/Shaders/Private/VelocityShader.usf" 3153
"../../../Engine/Shaders/Private/DepthOnlyPixelShader.usf" 3154
"../../../Engine/Shaders/Private/PositionOnlyDepthVertexShader.usf" 3155
"../../../Engine/Shaders/Private/DepthOnlyVertexShader.usf" 3156
"../../../Engine/Shaders/Private/AnisotropyPassShader.usf" 3157
"C:/Users/maria/Desktop/proyecto II/AtaqueGamba/Content/UI/Interfaces/UI_ajustesMenuPausa.uasset" 3158
"C:/Users/maria/Desktop/proyecto II/AtaqueGamba/Content/UI/Interfaces/UI_Creditos.uasset" 3159
"C:/Users/maria/Desktop/proyecto II/AtaqueGamba/Content/UI/Interfaces/UI_ajustes.uasset" 3160
"C:/Users/maria/Desktop/proyecto II/AtaqueGamba/Content/Mapas/Niveles/Nivel_5.umap" 3161
"C:/Users/maria/Desktop/proyecto II/AtaqueGamba/Content/Blueprint/Blueprints/actores/Personajes/NPC/Enemigos/WBP_BossHealth1.uasset" 3162
"C:/Users/maria/Desktop/proyecto II/AtaqueGamba/Content/Blueprint/Blueprints/actores/Personajes/NPC/Enemigos/WBP_BossHealth.uasset" 3163
"C:/Users/maria/Desktop/proyecto II/AtaqueGamba/Content/Blueprint/Blueprints/actores/Personajes/NPC/Enemigos/BP_Boss_Base.uasset" 3164
"/Engine/EngineResources/WhiteSquareTexture" 3165
"../../../Engine/Content/EngineResources/WhiteSquareTexture.uasset" 3166
"/Engine/EngineResources/GradientTexture0" 3167
"../../../Engine/Content/EngineResources/GradientTexture0.uasset" 3168
"/Engine/EngineResources/Black" 3169
"../../../Engine/Content/EngineResources/Black.uasset" 3170
"/Engine/EditorResources/S_Actor" 3171
"../../../Engine/Content/EditorResources/S_Actor.uasset" 3172
"/Engine/EngineFonts/RobotoDistanceField" 3173
"../../../Engine/Content/EngineFonts/RobotoDistanceField.uasset" 3174
"/Engine/EngineMaterials/DefaultTextMaterialOpaque" 3175
"../../../Engine/Content/EngineMaterials/DefaultTextMaterialOpaque.uasset" 3176
"/Engine/Functions/Engine_MaterialFunctions01/Shading/PowerToRoughness" 3177
"../../../Engine/Content/Functions/Engine_MaterialFunctions01/Shading/PowerToRoughness.uasset" 3178
"/Engine/Functions/Engine_MaterialFunctions01/Shading/ConvertFromDiffSpec" 3179
"../../../Engine/Content/Functions/Engine_MaterialFunctions01/Shading/ConvertFromDiffSpec.uasset" 3180
"/Engine/EngineMaterials/WorldGridMaterial" 3181
"../../../Engine/Content/EngineMaterials/WorldGridMaterial.uasset" 3182
"../../../Engine/Content/Functions/Engine_MaterialFunctions01/Opacity/CameraDepthFade.uasset" 3183
"../../../Engine/Content/EngineMaterials/T_Default_Material_Grid_M.uasset" 3184
"../../../Engine/Content/EngineMaterials/T_Default_Material_Grid_N.uasset" 3185
"/Engine/EngineMaterials/DefaultDeferredDecalMaterial" 3186
"../../../Engine/Content/EngineMaterials/DefaultDeferredDecalMaterial.uasset" 3187
"../../../Engine/Content/EngineMaterials/DefaultDiffuse.uasset" 3188
"/Engine/EngineMaterials/DefaultLightFunctionMaterial" 3189
"../../../Engine/Content/EngineMaterials/DefaultLightFunctionMaterial.uasset" 3190
"/Engine/EngineMaterials/DefaultPostProcessMaterial" 3191
"../../../Engine/Content/EngineMaterials/DefaultPostProcessMaterial.uasset" 3192
"../../../Engine/Content/Functions/Engine_MaterialFunctions02/Utility/BreakOutFloat2Components.uasset" 3193
"/Engine/EditorResources/S_Trigger" 3194
"../../../Engine/Content/EditorResources/S_Trigger.uasset" 3195
"/Engine/EditorResources/S_BoxReflectionCapture" 3196
"../../../Engine/Content/EditorResources/S_BoxReflectionCapture.uasset" 3197
"/Engine/EngineResources/DefaultTexture" 3198
"../../../Engine/Content/EngineResources/DefaultTexture.uasset" 3199
"/Engine/EditorResources/S_TriggerBox" 3200
"../../../Engine/Content/EditorResources/S_TriggerBox.uasset" 3201
"/Engine/EditorResources/S_TriggerCapsule" 3202
"../../../Engine/Content/EditorResources/S_TriggerCapsule.uasset" 3203
"/Engine/EditorResources/S_TriggerSphere" 3204
"../../../Engine/Content/EditorResources/S_TriggerSphere.uasset" 3205
"/Engine/EngineDamageTypes/DmgTypeBP_Environmental" 3206
"../../../Engine/Content/EngineDamageTypes/DmgTypeBP_Environmental.uasset" 3207
"/Engine/EngineMeshes/Sphere" 3208
"../../../Engine/Content/EngineMeshes/Sphere.uasset" 3209
"/Engine/EngineResources/DefaultTextureCube" 3210
"../../../Engine/Content/EngineResources/DefaultTextureCube.uasset" 3211
"/Engine/EngineResources/DefaultVolumeTexture" 3212
"../../../Engine/Content/EngineResources/DefaultVolumeTexture.uasset" 3213
"../../../Engine/Content/EngineResources/DefaultVolumeTexture2D.uasset" 3214
"../../../../../../Users/maria/Desktop/proyecto II/AtaqueGamba/Content/Localization/Idioma/Idioma.csv" 3215
"/Engine/VREditor/TransformGizmo/SM_Sequencer_Node" 3216
"../../../Engine/Content/VREditor/TransformGizmo/SM_Sequencer_Node.uasset" 3217
"../../../Engine/Content/VREditor/TransformGizmo/Main.uasset" 3218
"../../../Engine/Content/VREditor/TransformGizmo/Xray.uasset" 3219
"/Engine/EditorResources/S_Solver" 3220
"../../../Engine/Content/EditorResources/S_Solver.uasset" 3221
"/Engine/EngineDebugMaterials/VolumeToRender" 3222
"../../../Engine/Content/EngineDebugMaterials/VolumeToRender.uasset" 3223
"/Engine/EngineDebugMaterials/M_VolumeRenderSphereTracePP" 3224
"../../../Engine/Content/EngineDebugMaterials/M_VolumeRenderSphereTracePP.uasset" 3225
"../../../Engine/Content/Functions/Engine_MaterialFunctions02/Utility/CameraDirectionVector.uasset" 3226
"/Engine/EditorMeshes/Camera/SM_CraneRig_Base" 3227
"../../../Engine/Content/EditorMeshes/Camera/SM_CraneRig_Base.uasset" 3228
"../../../Engine/Content/EditorMaterials/Camera/MI_CineMat_Rig.uasset" 3229
"../../../Engine/Content/EditorMaterials/Camera/CineMat.uasset" 3230
"/Engine/EditorMeshes/Camera/SM_CraneRig_Arm" 3231
"../../../Engine/Content/EditorMeshes/Camera/SM_CraneRig_Arm.uasset" 3232
"/Engine/EditorMeshes/Camera/SM_CraneRig_Mount" 3233
"../../../Engine/Content/EditorMeshes/Camera/SM_CraneRig_Mount.uasset" 3234
"/Engine/EditorMeshes/Camera/SM_CraneRig_Body" 3235
"../../../Engine/Content/EditorMeshes/Camera/SM_CraneRig_Body.uasset" 3236
"/Engine/EditorMeshes/Camera/SM_RailRig_Track" 3237
"../../../Engine/Content/EditorMeshes/Camera/SM_RailRig_Track.uasset" 3238
"/Engine/EditorMeshes/Camera/SM_RailRig_Mount" 3239
"../../../Engine/Content/EditorMeshes/Camera/SM_RailRig_Mount.uasset" 3240
"/Engine/EditorLandscapeResources/SplineEditorMesh" 3241
"../../../Engine/Content/EditorLandscapeResources/SplineEditorMesh.uasset" 3242
"../../../Engine/Content/EditorLandscapeResources/SplineEditorMeshMat.uasset" 3243
"/HairStrands/Materials/HairDebugMaterial" 3244
"../../Plugins/Runtime/HairStrands/Content/Materials/HairDebugMaterial.uasset" 3245
"../../../Engine/Content/Functions/Engine_MaterialFunctions02/Utility/MakeFloat2.uasset" 3246
"../../../Engine/Content/Functions/Engine_MaterialFunctions02/Utility/MakeFloat3.uasset" 3247
"../../../Engine/Content/EngineMaterials/HairColorMap.uasset" 3248
"../../../Engine/Content/EngineMaterials/HairDebugColor.uasset" 3249
"../../Plugins/Runtime/HairStrands/Content/Materials/HairGroupColors.uasset" 3250
"/HairStrands/Materials/HairDefaultMaterial" 3251
"../../Plugins/Runtime/HairStrands/Content/Materials/HairDefaultMaterial.uasset" 3252
"/HairStrands/Materials/HairCardsDefaultMaterial" 3253
"../../Plugins/Runtime/HairStrands/Content/Materials/HairCardsDefaultMaterial.uasset" 3254
"/HairStrands/Materials/HairMeshesDefaultMaterial" 3255
"../../Plugins/Runtime/HairStrands/Content/Materials/HairMeshesDefaultMaterial.uasset" 3256
"/Engine/BasicShapes/Cube" 3257
"../../../Engine/Content/BasicShapes/Cube.uasset" 3258
"/CameraCalibrationCore/Materials/M_DefaultOddSquare" 3259
"../../Plugins/VirtualProduction/CameraCalibrationCore/Content/Materials/M_DefaultOddSquare.uasset" 3260
"/CameraCalibrationCore/Materials/M_DefaultEvenSquare" 3261
"../../Plugins/VirtualProduction/CameraCalibrationCore/Content/Materials/M_DefaultEvenSquare.uasset" 3262
"/Engine/EngineMaterials/Widget3DPassThrough_Translucent" 3263
"../../../Engine/Content/EngineMaterials/Widget3DPassThrough_Translucent.uasset" 3264
"../../../Engine/Content/EngineMaterials/Widget3DPassThrough.uasset" 3265
"/Engine/EngineMaterials/Widget3DPassThrough_Translucent_OneSided" 3266
"../../../Engine/Content/EngineMaterials/Widget3DPassThrough_Translucent_OneSided.uasset" 3267
"/Engine/EngineMaterials/Widget3DPassThrough_Opaque" 3268
"../../../Engine/Content/EngineMaterials/Widget3DPassThrough_Opaque.uasset" 3269
"/Engine/EngineMaterials/Widget3DPassThrough_Opaque_OneSided" 3270
"../../../Engine/Content/EngineMaterials/Widget3DPassThrough_Opaque_OneSided.uasset" 3271
"/Engine/EngineMaterials/Widget3DPassThrough_Masked" 3272
"../../../Engine/Content/EngineMaterials/Widget3DPassThrough_Masked.uasset" 3273
"/Engine/EngineMaterials/Widget3DPassThrough_Masked_OneSided" 3274
"../../../Engine/Content/EngineMaterials/Widget3DPassThrough_Masked_OneSided.uasset" 3275
"/Engine/VREditor/ViewportInteractionAssetContainerData" 3276
"../../../Engine/Content/VREditor/ViewportInteractionAssetContainerData.uasset" 3277
"../../../Engine/Content/VREditor/SnapGrid/SnapGridMaterial.uasset" 3278
"../../../Engine/Content/VREditor/TransformGizmo/TransformGizmoMaterial_Inst.uasset" 3279
"../../../Engine/Content/VREditor/TransformGizmo/TranslucentTransformGizmoMaterial_Inst.uasset" 3280
"../../../Engine/Content/VREditor/SnapGrid/SnapGridPlaneMesh.uasset" 3281
"../../../Engine/Content/VREditor/Sounds/UI/Drop_Item_From_ContentBrowser.uasset" 3282
"../../../Engine/Content/VREditor/Sounds/UI/Gizmo_Handle_Clicked.uasset" 3283
"../../../Engine/Content/VREditor/Sounds/UI/Object_PickUp.uasset" 3284
"../../../Engine/Content/VREditor/Sounds/UI/Object_Snaps_To_Another_Actor.uasset" 3285
"../../../Engine/Content/VREditor/Sounds/UI/Object_Snaps_To_Grid.uasset" 3286
"../../../Engine/Content/VREditor/Sounds/UI/Scaling_Down.uasset" 3287
"../../../Engine/Content/VREditor/Sounds/UI/Scaling_Up.uasset" 3288
"../../../Engine/Content/VREditor/Sounds/UI/Selection_Changes.uasset" 3289
"../../../Engine/Content/VREditor/TransformGizmo/PlaneTranslationHandle.uasset" 3290
"../../../Engine/Content/VREditor/TransformGizmo/RotationHandleFull.uasset" 3291
"../../../Engine/Content/VREditor/TransformGizmo/RotationHandleIndicator.uasset" 3292
"../../../Engine/Content/VREditor/TransformGizmo/RotationHandleQuarter.uasset" 3293
"../../../Engine/Content/VREditor/TransformGizmo/StartRotationHandleIndicator.uasset" 3294
"../../../Engine/Content/VREditor/TransformGizmo/TransformGizmoFreeRotation.uasset" 3295
"../../../Engine/Content/VREditor/TransformGizmo/TranslateArrowHandle.uasset" 3296
"../../../Engine/Content/VREditor/TransformGizmo/UniformScaleHandle.uasset" 3297
"../../../Engine/Content/Functions/Engine_MaterialFunctions02/Math/Transform3x3Matrix.uasset" 3298
"../../../Engine/Content/Functions/Engine_MaterialFunctions02/SplitComponents.uasset" 3299
"../../../Engine/Content/VREditor/TransformGizmo/TransformGizmoMaterial.uasset" 3300
"../../../Engine/Content/VREditor/TransformGizmo/TranslucentTransformGizmoMaterial.uasset" 3301
"../../../Engine/Content/Functions/Engine_MaterialFunctions02/Utility/BreakOutFloat3Components.uasset" 3302
"../../../Engine/Content/VREditor/LaserPointer/VR_LaserPower_01.uasset" 3303
"/Engine/VREditor/TransformGizmo/BoundingBoxCorner" 3304
"../../../Engine/Content/VREditor/TransformGizmo/BoundingBoxCorner.uasset" 3305
"/Engine/VREditor/TransformGizmo/BoundingBoxEdge" 3306
"../../../Engine/Content/VREditor/TransformGizmo/BoundingBoxEdge.uasset" 3307
"/Engine/ArtTools/RenderToTexture/Meshes/S_1_Unit_Plane" 3308
"../../../Engine/Content/ArtTools/RenderToTexture/Meshes/S_1_Unit_Plane.uasset" 3309
"/Engine/EngineDebugMaterials/M_SimpleUnlitTranslucent" 3310
"../../../Engine/Content/EngineDebugMaterials/M_SimpleUnlitTranslucent.uasset" 3311
"/Engine/EngineFonts/Roboto" 3312
"../../../Engine/Content/EngineFonts/Roboto.uasset" 3313
"../../../Engine/Content/EngineFonts/Faces/DroidSansFallback.uasset" 3314
"../../../Engine/Content/EngineFonts/Faces/RobotoBold.uasset" 3315
"../../../Engine/Content/EngineFonts/Faces/RobotoBoldItalic.uasset" 3316
"../../../Engine/Content/EngineFonts/Faces/RobotoItalic.uasset" 3317
"../../../Engine/Content/EngineFonts/Faces/RobotoLight.uasset" 3318
"../../../Engine/Content/EngineFonts/Faces/RobotoRegular.uasset" 3319
"/Engine/EditorMaterials/ParticleSystems/PSysThumbnail_NoImage" 3320
"../../../Engine/Content/EditorMaterials/ParticleSystems/PSysThumbnail_NoImage.uasset" 3321
"/Engine/EditorMaterials/ParticleSystems/PSysThumbnail_OOD" 3322
"../../../Engine/Content/EditorMaterials/ParticleSystems/PSysThumbnail_OOD.uasset" 3323
"/Engine/EngineResources/LandscapeVisibilityLayerInfo" 3324
"../../../Engine/Content/EngineResources/LandscapeVisibilityLayerInfo.uasset" 3325
"../../../Engine/Content/Internationalization/icudt64l/coll/en.res" 3326
"/ACLPlugin/ACLAnimBoneCompressionSettings" 3327
"../../Plugins/Animation/ACLPlugin/Content/ACLAnimBoneCompressionSettings.uasset" 3328
"/Engine/Animation/DefaultRecorderBoneCompression" 3329
"../../../Engine/Content/Animation/DefaultRecorderBoneCompression.uasset" 3330
"/ACLPlugin/ACLAnimCurveCompressionSettings" 3331
"../../Plugins/Animation/ACLPlugin/Content/ACLAnimCurveCompressionSettings.uasset" 3332
"/Engine/Animation/DefaultVariableFrameStrippingSettings" 3333
"../../../Engine/Content/Animation/DefaultVariableFrameStrippingSettings.uasset" 3334
"/AudioWidgets/Resources/ScrubHandleDown_Clamped" 3335
"../../Plugins/Runtime/AudioWidgets/Content/Resources/ScrubHandleDown_Clamped.uasset" 3336
"/Paper2D/MaskedUnlitSpriteMaterial" 3337
"../../Plugins/2D/Paper2D/Content/MaskedUnlitSpriteMaterial.uasset" 3338
"../../Plugins/2D/Paper2D/Content/DefaultSpriteMaterial.uasset" 3339
"../../Plugins/2D/Paper2D/Content/PlaceholderTextures/DummySpriteTexture.uasset" 3340
"/Paper2D/OpaqueUnlitSpriteMaterial" 3341
"../../Plugins/2D/Paper2D/Content/OpaqueUnlitSpriteMaterial.uasset" 3342
"/Paper2D/DefaultPaperTerrainMaterial" 3343
"../../Plugins/2D/Paper2D/Content/DefaultPaperTerrainMaterial.uasset" 3344
"../../Plugins/2D/Paper2D/Content/DummySprite.uasset" 3345
"/ControlRig/Controls/ControlRigXRayMaterial" 3346
"../../Plugins/Animation/ControlRig/Content/Controls/ControlRigXRayMaterial.uasset" 3347
"/ControlRig/Controls/DefaultGizmoLibraryNormalized" 3348
"../../Plugins/Animation/ControlRig/Content/Controls/DefaultGizmoLibraryNormalized.uasset" 3349
"/ControlRig/M_Manip" 3350
"../../Plugins/Animation/ControlRig/Content/M_Manip.uasset" 3351
"../../../Engine/Content/Functions/Engine_MaterialFunctions02/WorldPositionOffset/CameraOffset.uasset" 3352
"../../../Engine/Intermediate/ProjectFiles/PrimaryProjectPath.txt" 3353
"/MediaPlate/SM_MediaPlateScreen" 3354
"../../Plugins/Media/MediaPlate/Content/SM_MediaPlateScreen.uasset" 3355
"/SpeedTreeImporter/SpeedTree9/SpeedTreeMaster" 3356
"../../Plugins/Editor/SpeedTreeImporter/Content/SpeedTree9/SpeedTreeMaster.uasset" 3357
"../../../Engine/Content/Functions/Engine_MaterialFunctions02/ObjectLocalBounds.uasset" 3358
"../../../Engine/Content/Functions/Engine_MaterialFunctions02/SafeNormalize.uasset" 3359
"../../../Engine/Content/Functions/Engine_MaterialFunctions02/Utility/VectorLength.uasset" 3360
"../../../Engine/Content/Functions/Engine_MaterialFunctions02/UVs/BoundingBoxBased_0-1_UVW.uasset" 3361
"../../../Engine/Content/Functions/Engine_MaterialFunctions02/WorldPositionOffset/ObjectScale.uasset" 3362
"../../Plugins/Editor/SpeedTreeImporter/Content/SpeedTree9/SpeedTreeBranchMotion.uasset" 3363
"../../Plugins/Editor/SpeedTreeImporter/Content/SpeedTree9/SpeedTreeCameraFacing.uasset" 3364
"../../Plugins/Editor/SpeedTreeImporter/Content/SpeedTree9/SpeedTreeWind.uasset" 3365
"../../Plugins/Editor/SpeedTreeImporter/Content/SpeedTree9/SpeedTreeWindMotion.uasset" 3366
"../../Plugins/Editor/SpeedTreeImporter/Content/SpeedTree9/UnpackDirection.uasset" 3367
"../../Plugins/Editor/SpeedTreeImporter/Content/SpeedTree9/UnpackInteger3.uasset" 3368
"../../Plugins/Editor/SpeedTreeImporter/Content/SpeedTree9/Empty.uasset" 3369
"../../Plugins/Editor/SpeedTreeImporter/Content/SpeedTree9/EmptyNormal.uasset" 3370
"../../Plugins/Editor/SpeedTreeImporter/Content/SpeedTree9/game_wind_noise.uasset" 3371
"/SpeedTreeImporter/SpeedTree9/SpeedTreeBillboardMaster" 3372
"../../Plugins/Editor/SpeedTreeImporter/Content/SpeedTree9/SpeedTreeBillboardMaster.uasset" 3373
"../../Plugins/Editor/SpeedTreeImporter/Content/SpeedTree9/SpeedTreeBillboard.uasset" 3374
"/Engine/BasicShapes/BasicShapeMaterial" 3375
"../../../Engine/Content/BasicShapes/BasicShapeMaterial.uasset" 3376
"/Engine/EditorMaterials/Dataflow/DataflowVertexMaterial" 3377
"../../../Engine/Content/EditorMaterials/Dataflow/DataflowVertexMaterial.uasset" 3378
"/Engine/EditorMaterials/Dataflow/DataflowTwoSidedVertexMaterial" 3379
"../../../Engine/Content/EditorMaterials/Dataflow/DataflowTwoSidedVertexMaterial.uasset" 3380
"/Engine/EditorLandscapeResources/LayerVisMaterial" 3381
"../../../Engine/Content/EditorLandscapeResources/LayerVisMaterial.uasset" 3382
"../../../Engine/Content/EditorLandscapeResources/WhiteSquareTexture.uasset" 3383
"/Engine/EditorLandscapeResources/SelectBrushMaterial_Selected" 3384
"../../../Engine/Content/EditorLandscapeResources/SelectBrushMaterial_Selected.uasset" 3385
"../../../Engine/Content/EditorLandscapeResources/SelectBrushMaterial.uasset" 3386
"../../../Engine/Content/Functions/Engine_MaterialFunctions03/Math/WithinRangeFloat2.uasset" 3387
"../../../Engine/Content/EditorLandscapeResources/DefaultAlphaTexture.uasset" 3388
"/Engine/EditorLandscapeResources/SelectBrushMaterial_SelectedRegion" 3389
"../../../Engine/Content/EditorLandscapeResources/SelectBrushMaterial_SelectedRegion.uasset" 3390
"/Engine/EditorLandscapeResources/MaskBrushMaterial_MaskedRegion" 3391
"../../../Engine/Content/EditorLandscapeResources/MaskBrushMaterial_MaskedRegion.uasset" 3392
"../../../Engine/Content/EditorLandscapeResources/MaskBrushMaterial.uasset" 3393
"/Engine/EditorLandscapeResources/ColorMaskBrushMaterial_MaskedRegion" 3394
"../../../Engine/Content/EditorLandscapeResources/ColorMaskBrushMaterial_MaskedRegion.uasset" 3395
"../../../Engine/Content/EditorLandscapeResources/ColorMaskBrushMaterial.uasset" 3396
"/Engine/EditorLandscapeResources/LandscapeDirtyMaterial" 3397
"../../../Engine/Content/EditorLandscapeResources/LandscapeDirtyMaterial.uasset" 3398
"/Engine/EditorLandscapeResources/LandscapeLayerUsageMaterial" 3399
"../../../Engine/Content/EditorLandscapeResources/LandscapeLayerUsageMaterial.uasset" 3400
"../../../Engine/Content/Functions/Engine_MaterialFunctions01/Debug/DebugIntValues.uasset" 3401
"../../../Engine/Content/Functions/Engine_MaterialFunctions01/Texturing/ScaleUVsByCenter.uasset" 3402
"../../../Engine/Content/Functions/Engine_MaterialFunctions02/WorldPositionOffset/LocalPosition.uasset" 3403
"../../../Engine/Content/Functions/Engine_MaterialFunctions01/Texturing/TextureCropping.uasset" 3404
"../../../Engine/Content/Functions/Engine_MaterialFunctions02/ExampleContent/DebugNumberStrip.uasset" 3405
"C:/Users/maria/AppData/Local/UnrealEngine/Editor/UInteractiveToolsPresetCollectionAsset_DefaultCollection.json" 3406
"/Engine/EngineMaterials/NaniteHiddenSectionMaterial" 3407
"../../../Engine/Content/EngineMaterials/NaniteHiddenSectionMaterial.uasset" 3408
"/Engine/EngineMaterials/RemoveSurfaceMaterial" 3409
"../../../Engine/Content/EngineMaterials/RemoveSurfaceMaterial.uasset" 3410
"/Engine/EngineDebugMaterials/DebugMeshMaterial" 3411
"../../../Engine/Content/EngineDebugMaterials/DebugMeshMaterial.uasset" 3412
"/Engine/EngineMaterials/EmissiveMeshMaterial" 3413
"../../../Engine/Content/EngineMaterials/EmissiveMeshMaterial.uasset" 3414
"../../../Engine/Content/EngineMaterials/DefaultWhiteGrid_Low.uasset" 3415
"/Engine/EngineMaterials/M_InvalidLightmapSettings" 3416
"../../../Engine/Content/EngineMaterials/M_InvalidLightmapSettings.uasset" 3417
"../../../Engine/Content/EngineMaterials/InvalidLightmapSettings.uasset" 3418
"/Engine/EngineMaterials/GizmoMaterial" 3419
"../../../Engine/Content/EngineMaterials/GizmoMaterial.uasset" 3420
"/Engine/EngineMaterials/PhAT_JointLimitMaterial" 3421
"../../../Engine/Content/EngineMaterials/PhAT_JointLimitMaterial.uasset" 3422
"/Engine/EngineMaterials/FlattenMaterial" 3423
"../../../Engine/Content/EngineMaterials/FlattenMaterial.uasset" 3424
"../../../Engine/Content/EngineMaterials/BaseFlattenDiffuseMap.uasset" 3425
"../../../Engine/Content/EngineMaterials/BaseFlattenEmissiveMap.uasset" 3426
"../../../Engine/Content/EngineMaterials/BaseFlattenGrayscaleMap.uasset" 3427
"../../../Engine/Content/EngineMaterials/BaseFlattenLinearColor.uasset" 3428
"../../../Engine/Content/EngineMaterials/BaseFlattenNormalMap.uasset" 3429
"../../../Engine/Content/Functions/Engine_MaterialFunctions02/PivotPainter2/Black_1x1_EXR_Texture.uasset" 3430
"/Engine/EngineMaterials/FlattenMaterial_VT" 3431
"../../../Engine/Content/EngineMaterials/FlattenMaterial_VT.uasset" 3432
"../../../Engine/Content/EngineMaterials/BaseFlattenDiffuseMap_VT.uasset" 3433
"../../../Engine/Content/EngineMaterials/BaseFlattenEmissiveMap_VT.uasset" 3434
"../../../Engine/Content/EngineMaterials/BaseFlattenGrayscaleMap_VT.uasset" 3435
"../../../Engine/Content/EngineMaterials/BaseFlattenLinearColor_VT.uasset" 3436
"../../../Engine/Content/EngineMaterials/BaseFlattenNormalMap_VT.uasset" 3437
"../../../Engine/Content/EngineMaterials/Black_1x1_EXR_Texture_VT.uasset" 3438
"/Engine/EngineMaterials/FlattenMaterial_WS_Normal_VT" 3439
"../../../Engine/Content/EngineMaterials/FlattenMaterial_WS_Normal_VT.uasset" 3440
"/Engine/EngineMaterials/Good64x64TilingNoiseHighFreq" 3441
"../../../Engine/Content/EngineMaterials/Good64x64TilingNoiseHighFreq.uasset" 3442
"/Engine/EngineMaterials/DefaultBokeh" 3443
"../../../Engine/Content/EngineMaterials/DefaultBokeh.uasset" 3444
"/Engine/EngineMaterials/MiniFont" 3445
"../../../Engine/Content/EngineMaterials/MiniFont.uasset" 3446
"/Engine/EngineMaterials/WeightMapPlaceholderTexture" 3447
"../../../Engine/Content/EngineMaterials/WeightMapPlaceholderTexture.uasset" 3448
"/Engine/EngineMaterials/WeightMapArrayPlaceholderTexture" 3449
"../../../Engine/Content/EngineMaterials/WeightMapArrayPlaceholderTexture.uasset" 3450
"/Engine/EngineMaterials/DefaultWhiteGrid" 3451
"../../../Engine/Content/EngineMaterials/DefaultWhiteGrid.uasset" 3452
"/Engine/EngineMaterials/PreintegratedSkinBRDF" 3453
"../../../Engine/Content/EngineMaterials/PreintegratedSkinBRDF.uasset" 3454
"/Engine/EngineMaterials/LTC/GGX_LTCAmp" 3455
"../../../Engine/Content/EngineMaterials/LTC/GGX_LTCAmp.uasset" 3456
"/Engine/EngineMaterials/LTC/GGX_LTCMat" 3457
"../../../Engine/Content/EngineMaterials/LTC/GGX_LTCMat.uasset" 3458
"/Engine/EngineMaterials/EnergyConservation/GGX_ReflectionEnergy" 3459
"../../../Engine/Content/EngineMaterials/EnergyConservation/GGX_ReflectionEnergy.uasset" 3460
"/Engine/EngineMaterials/EnergyConservation/GGX_TransmissionEnergyArray" 3461
"../../../Engine/Content/EngineMaterials/EnergyConservation/GGX_TransmissionEnergyArray.uasset" 3462
"/Engine/EngineMaterials/EnergyConservation/SheenLegacy_Energy" 3463
"../../../Engine/Content/EngineMaterials/EnergyConservation/SheenLegacy_Energy.uasset" 3464
"/Engine/EngineMaterials/DefaultPhysicalMaterial" 3465
"../../../Engine/Content/EngineMaterials/DefaultPhysicalMaterial.uasset" 3466
"/Engine/EngineMaterials/DefaultDestructiblePhysicalMaterial" 3467
"../../../Engine/Content/EngineMaterials/DefaultDestructiblePhysicalMaterial.uasset" 3468
"C:/Users/maria/AppData/Local/UnrealEngine/Editor/ProjectEditorRecords.json" 3469
"/Niagara/ParameterDefinitions/SpriteRenderer" 3470
"../../Plugins/FX/Niagara/Content/ParameterDefinitions/SpriteRenderer.uasset" 3471
"/Niagara/ParameterDefinitions/RibbonRenderer" 3472
"../../Plugins/FX/Niagara/Content/ParameterDefinitions/RibbonRenderer.uasset" 3473
"/Niagara/ParameterDefinitions/MeshRenderer" 3474
"../../Plugins/FX/Niagara/Content/ParameterDefinitions/MeshRenderer.uasset" 3475
"/Niagara/ParameterDefinitions/LightRenderer" 3476
"../../Plugins/FX/Niagara/Content/ParameterDefinitions/LightRenderer.uasset" 3477
"/Niagara/ParameterDefinitions/DecalRenderer" 3478
"../../Plugins/FX/Niagara/Content/ParameterDefinitions/DecalRenderer.uasset" 3479
"/Niagara/ParameterDefinitions/CoreParameters" 3480
"../../Plugins/FX/Niagara/Content/ParameterDefinitions/CoreParameters.uasset" 3481
"/DeformerGraph/Deformers/DG_LinearBlendSkin_Morph_Cloth" 3482
"../../Plugins/Animation/DeformerGraph/Content/Deformers/DG_LinearBlendSkin_Morph_Cloth.uasset" 3483
"../../Plugins/Animation/DeformerGraph/Content/DeformerFunctions/DG_Function_LinearBlendSkin_Morph_Cloth.uasset" 3484
"/DeformerGraph/Deformers/DG_LinearBlendSkin_Morph_Cloth_RecomputeNormals" 3485
"../../Plugins/Animation/DeformerGraph/Content/Deformers/DG_LinearBlendSkin_Morph_Cloth_RecomputeNormals.uasset" 3486
"../../Plugins/Animation/DeformerGraph/Content/DeformerFunctions/DG_Function_ComputeNormalsTangents.uasset" 3487
"../../Plugins/Animation/DeformerGraph/Content/DeformerFunctions/DG_Function_LinearBlendSkin_Morph_Cloth_PositionOnly.uasset" 3488
"/Engine/EditorResources/SequenceRecorder/Countdown" 3489
"../../../Engine/Content/EditorResources/SequenceRecorder/Countdown.uasset" 3490
"/Engine/EditorResources/SequenceRecorder/RecordingIndicator" 3491
"../../../Engine/Content/EditorResources/SequenceRecorder/RecordingIndicator.uasset" 3492
"/Engine/EditorMaterials/PhAT_UnselectedMaterial" 3493
"../../../Engine/Content/EditorMaterials/PhAT_UnselectedMaterial.uasset" 3494
"/Engine/EditorMaterials/PhAT_NoCollisionMaterial" 3495
"../../../Engine/Content/EditorMaterials/PhAT_NoCollisionMaterial.uasset" 3496
"/Engine/EngineFonts/DroidSansMono" 3497
"../../../Engine/Content/EngineFonts/DroidSansMono.uasset" 3498
"../../../Engine/Content/EngineFonts/Faces/DroidSansMono.uasset" 3499
"/Engine/BasicShapes/Sphere" 3500
"../../../Engine/Content/BasicShapes/Sphere.uasset" 3501
"../../../Engine/Content/EngineMaterials/DefaultMaterial.uasset" 3502
"/Engine/BasicShapes/Cylinder" 3503
"../../../Engine/Content/BasicShapes/Cylinder.uasset" 3504
"/Engine/BasicShapes/Cone" 3505
"../../../Engine/Content/BasicShapes/Cone.uasset" 3506
"/Engine/BasicShapes/Plane" 3507
"../../../Engine/Content/BasicShapes/Plane.uasset" 3508
"../../../Engine/Documentation/Source/Shared/Types/ABrush/ABrush.INT.udn" 3509
"../../../Engine/Content/Internationalization/icudt64l/brkitr/es.res" 3510
"../../../Engine/Content/Internationalization/icudt64l/brkitr/root.res" 3511
"../../../Engine/Content/Internationalization/icudt64l/brkitr/char.brk" 3512
"../../../Engine/Content/Internationalization/icudt64l/brkitr/word.brk" 3513
"/Engine/EditorResources/S_Terrain" 3514
"../../../Engine/Content/EditorResources/S_Terrain.uasset" 3515
"../../../Engine/Plugins/FX/Niagara/Shaders/Private/NiagaraDataInterfaceTexture2DArrayTemplate.ush" 3516
"../../../Engine/Plugins/FX/Niagara/Shaders/Private/NiagaraDataInterfaceActorComponentTemplate.ush" 3517
"../../../Engine/Plugins/FX/Niagara/Shaders/Private/NiagaraDataInterfaceArrayTemplate.ush" 3518
"../../../Engine/Plugins/FX/Niagara/Shaders/Private/NiagaraDataInterfaceArrayRWTemplate.ush" 3519
"../../../Engine/Plugins/FX/Niagara/Shaders/Private/NiagaraDataInterfaceAsyncGpuTrace.ush" 3520
"../../../Engine/Plugins/FX/Niagara/Shaders/Private/NiagaraDataInterfaceAsyncGpuTraceTemplate.ush" 3521
"../../../Engine/Plugins/FX/Niagara/Shaders/Private/NiagaraDataInterfaceCamera.ush" 3522
"../../../Engine/Plugins/Experimental/ChaosNiagara/Shaders/NiagaraDataInterfaceChaosDestruction.ush" 3523
"../../../Engine/Plugins/FX/Niagara/Shaders/Private/NiagaraDataInterfaceCollisionQuery.ush" 3524
"C:/Users/maria/Desktop/proyecto II/AtaqueGamba/Intermediate/ShaderAutogen/PCD3D_SM5/AutogenShaderHeaders.ush" 3525
"../../../Engine/Plugins/FX/Niagara/Shaders/Private/NiagaraDataInterfaceCollisionQueryTemplate.ush" 3526
"../../../Engine/Plugins/FX/Niagara/Shaders/Private/NiagaraDataInterfaceCurveTemplate.ush" 3527
"../../../Engine/Plugins/FX/Niagara/Shaders/Private/NiagaraDataInterfaceCubeTextureTemplate.ush" 3528
"../../../Engine/Plugins/FX/Niagara/Shaders/Private/DataChannel/NiagaraDataInterfaceDataChannelCommon.ush" 3529
"../../../Engine/Plugins/FX/Niagara/Shaders/Private/DataChannel/NiagaraDataInterfaceDataChannelTemplateCommon.ush" 3530
"../../../Engine/Plugins/FX/Niagara/Shaders/Private/DataChannel/NiagaraDataInterfaceDataChannelTemplateReadCommon.ush" 3531
"../../../Engine/Plugins/FX/Niagara/Shaders/Private/DataChannel/NiagaraDataInterfaceDataChannelTemplate_Read.ush" 3532
"../../../Engine/Plugins/FX/Niagara/Shaders/Private/DataChannel/NiagaraDataInterfaceDataChannelTemplate_Consume.ush" 3533
"../../../Engine/Plugins/FX/Niagara/Shaders/Private/DataChannel/NiagaraDataInterfaceDataChannelTemplateWriteCommon.ush" 3534
"../../../Engine/Plugins/FX/Niagara/Shaders/Private/DataChannel/NiagaraDataInterfaceDataChannelTemplate_Append.ush" 3535
"../../../Engine/Plugins/FX/Niagara/Shaders/Private/NiagaraDataInterfaceDataTableTemplate.ush" 3536
"../../../Engine/Plugins/FX/Niagara/Shaders/Private/NiagaraDataInterfaceDebugDraw.ush" 3537
"../../../Engine/Plugins/FX/Niagara/Shaders/Private/NiagaraDataInterfaceDebugDrawTemplate.ush" 3538
"../../../Engine/Plugins/FX/Niagara/Shaders/Private/NiagaraDataInterfaceDynamicMeshTemplate.ush" 3539
"../../../Engine/Plugins/FX/Niagara/Shaders/Private/NiagaraDataInterfaceEmitterPropertiesTemplate.ush" 3540
"../../../Engine/Plugins/FX/Niagara/Shaders/Private/NiagaraDataInterfaceExportTemplate.ush" 3541
"../../../Engine/Plugins/FX/Niagara/Shaders/Private/NiagaraDataInterfaceGBufferTemplate.ush" 3542
"../../../Engine/Plugins/Experimental/ChaosNiagara/Shaders/NiagaraDataInterfaceGeometryCollection.ush" 3543
"../../../Engine/Plugins/FX/Niagara/Shaders/Private/NiagaraTransformUtils.ush" 3544
"../../../Engine/Plugins/Runtime/HairStrands/Shaders/Private/NiagaraStrandsExternalForce.ush" 3545
"../../../Engine/Plugins/Runtime/HairStrands/Shaders/Private/NiagaraHookeSpringMaterial.ush" 3546
"../../../Engine/Plugins/Runtime/HairStrands/Shaders/Private/NiagaraAngularSpringMaterial.ush" 3547
"../../../Engine/Plugins/Runtime/HairStrands/Shaders/Private/NiagaraConstantVolumeMaterial.ush" 3548
"../../../Engine/Plugins/Runtime/HairStrands/Shaders/Private/NiagaraCosseratRodMaterial.ush" 3549
"../../../Engine/Plugins/Runtime/HairStrands/Shaders/Private/NiagaraStaticCollisionConstraint.ush" 3550
"../../../Engine/Plugins/Runtime/HairStrands/Shaders/Private/NiagaraDataInterfaceHairStrands.ush" 3551
"../../../Engine/Plugins/Runtime/HairStrands/Shaders/Private/NiagaraDataInterfaceHairStrandsTemplate.ush" 3552
"../../../Engine/Plugins/FX/Niagara/Shaders/Private/NiagaraDataInterfaceIntRenderTarget2D.ush" 3553
"../../../Engine/Plugins/FX/Niagara/Shaders/Private/NiagaraDataInterfaceLandscape.ush" 3554
"../../../Engine/Plugins/FX/Niagara/Shaders/Private/NiagaraDataInterfaceMemoryBufferTemplate.ush" 3555
"../../../Engine/Plugins/FX/Niagara/Shaders/Private/NiagaraDataInterfaceMeshRendererInfoTemplate.ush" 3556
"../../../Engine/Plugins/FX/Niagara/Shaders/Private/NiagaraDataInterfaceOcclusion.ush" 3557
"../../../Engine/Plugins/FX/Niagara/Shaders/Private/NiagaraDataInterfacePhysicsAsset.ush" 3558
"../../../Engine/Plugins/Experimental/ChaosNiagara/Shaders/NiagaraDataInterfacePhysicsField.ush" 3559
"../../../Engine/Plugins/FX/Niagara/Shaders/Private/NiagaraDataInterfacePlatformSetTemplate.ush" 3560
"../../../Engine/Plugins/Runtime/HairStrands/Shaders/Private/NiagaraDataInterfaceVelocityGrid.ush" 3561
"../../../Engine/Plugins/Runtime/HairStrands/Shaders/Private/NiagaraDataInterfaceVelocityGridTemplate.ush" 3562
"../../../Engine/Plugins/Runtime/HairStrands/Shaders/Private/NiagaraDataInterfacePressureGrid.ush" 3563
"../../../Engine/Plugins/Runtime/HairStrands/Shaders/Private/NiagaraDataInterfacePressureGridTemplate.ush" 3564
"../../../Engine/Plugins/FX/Niagara/Shaders/Private/NiagaraDataInterfaceRenderTarget2DTemplate.ush" 3565
"../../../Engine/Plugins/FX/Niagara/Shaders/Private/NiagaraDataInterfaceRenderTarget2DArrayTemplate.ush" 3566
"../../../Engine/Plugins/FX/Niagara/Shaders/Private/NiagaraDataInterfaceRenderTargetCubeTemplate.ush" 3567
"../../../Engine/Plugins/FX/Niagara/Shaders/Private/NiagaraDataInterfaceRenderTargetVolumeTemplate.ush" 3568
"../../../Engine/Plugins/FX/Niagara/Shaders/Private/NiagaraDataInterfaceRigidMeshCollisionQuery.ush" 3569
"../../../Engine/Plugins/FX/Niagara/Shaders/Private/NiagaraDistanceFieldQueries.ush" 3570
"../../../Engine/Plugins/FX/Niagara/Shaders/Private/NiagaraDataInterfaceSceneCapture2DTemplate.ush" 3571
"../../../Engine/Plugins/FX/Niagara/Shaders/Private/NiagaraDataInterfaceSimCacheReaderTemplate.ush" 3572
"../../../Engine/Plugins/FX/Niagara/Shaders/Private/NiagaraDataInterfaceSimpleCounterTemplate.ush" 3573
"../../../Engine/Plugins/FX/Niagara/Shaders/Private/NiagaraDataInterfaceSkeletalMesh.ush" 3574
"../../../Engine/Plugins/FX/Niagara/Shaders/Private/NiagaraBaryCentricUtils.ush" 3575
"../../../Engine/Plugins/FX/Niagara/Shaders/Private/NiagaraDataInterfaceSkeletalMeshTemplate.ush" 3576
"../../../Engine/Plugins/FX/Niagara/Shaders/Private/NiagaraDataInterfaceSocketReaderTemplate.ush" 3577
"../../../Engine/Plugins/FX/Niagara/Shaders/Private/NiagaraDataInterfaceSparseVolumeTextureTemplate.ush" 3578
"../../../Engine/Plugins/FX/Niagara/Shaders/Private/NiagaraDataInterfaceSplineTemplate.ush" 3579
"../../../Engine/Plugins/FX/Niagara/Shaders/Private/NiagaraDataInterfaceSpriteRendererInfoTemplate.ush" 3580
"../../../Engine/Plugins/FX/Niagara/Shaders/Private/NiagaraDataInterfaceStaticMeshTemplate.ush" 3581
"../../../Engine/Plugins/FX/Niagara/Shaders/Private/NiagaraDataInterfaceTextureTemplate.ush" 3582
"../../../Engine/Plugins/FX/Niagara/Shaders/Private/NiagaraDataInterfaceVirtualTexture.ush" 3583
"../../../Engine/Plugins/FX/Niagara/Shaders/Private/NiagaraDataInterfaceVirtualTextureTemplate.ush" 3584
"../../../Engine/Plugins/FX/Niagara/Shaders/Private/NiagaraDataInterfaceVolumeCache.ush" 3585
"../../../Engine/Plugins/FX/Niagara/Shaders/Private/NiagaraDataInterfaceVolumeTextureTemplate.ush" 3586
"../../../../../../Users/maria/Desktop/proyecto II/AtaqueGamba/Intermediate/ShaderAutogen/PCD3D_SM5/AutogenShaderHeaders.ush" 3587
"C:/Users/maria/Desktop/proyecto II/AtaqueGamba/Content/Modelos/Jefes/Material_007.uasset" 3588
"C:/Users/maria/Desktop/proyecto II/AtaqueGamba/Content/Modelos/Jefes/Material_011.uasset" 3589
"C:/Users/maria/Desktop/proyecto II/AtaqueGamba/Content/Modelos/Jefes/SK_LaMadreQueLaGambo.uasset" 3590
"C:/Users/maria/Desktop/proyecto II/AtaqueGamba/Content/Modelos/Jefes/SKM_LaMadreQueLaGambo.uasset" 3591
"C:/Users/maria/Desktop/proyecto II/AtaqueGamba/Content/Modelos/Jefes/Material_008.uasset" 3592
"C:/Users/maria/Desktop/proyecto II/AtaqueGamba/Content/Modelos/Jefes/Material_012.uasset" 3593
"C:/Users/maria/Desktop/proyecto II/AtaqueGamba/Content/Blueprint/Blueprints/actores/Personajes/NPC/Enemigos/BP_BossVieja.uasset" 3594
"C:/Users/maria/Desktop/proyecto II/AtaqueGamba/Content/Modelos/Jefes/Material_005.uasset" 3595
"C:/Users/maria/Desktop/proyecto II/AtaqueGamba/Content/Modelos/Jefes/Material_009.uasset" 3596
"C:/Users/maria/Desktop/proyecto II/AtaqueGamba/Content/Modelos/Jefes/Tile_11-512x512.uasset" 3597
"C:/Users/maria/Desktop/proyecto II/AtaqueGamba/Content/Modelos/Jefes/AbuelaGamba.uasset" 3598
"C:/Users/maria/Desktop/proyecto II/AtaqueGamba/Content/Modelos/Jefes/SK_ChefGambaz.uasset" 3599
"C:/Users/maria/Desktop/proyecto II/AtaqueGamba/Content/Modelos/Jefes/Material_010.uasset" 3600
"C:/Users/maria/Desktop/proyecto II/AtaqueGamba/Content/Modelos/Jefes/Pantalon.uasset" 3601
"C:/Users/maria/Desktop/proyecto II/AtaqueGamba/Content/Modelos/Jefes/Material_002.uasset" 3602
"../../../Engine/Plugins/FX/Niagara/Content/Modules/Spawn/Orientation/V3/InitialMeshOrientation.uasset" 3603
"C:/Users/maria/Desktop/proyecto II/AtaqueGamba/Content/Modelos/personajes/gamba.uasset" 3604
"C:/Users/maria/Desktop/proyecto II/AtaqueGamba/Content/Blueprint/Blueprints/actores/Personajes/NPC/Enemigos/BP_Cocinero.uasset" 3605
"../../../Engine/Plugins/FX/Niagara/Content/Functions/ChannelMasks/SelectV4Channel.uasset" 3606
"C:/Users/maria/Desktop/proyecto II/AtaqueGamba/Content/Modelos/Jefes/SKM_ChefGambaz.uasset" 3607
"../../../Engine/Plugins/FX/Niagara/Content/Enums/ENiagaraVector4_Channels.uasset" 3608
"../../../Engine/Plugins/FX/Niagara/Content/Functions/Rotation/RandomQuaternion.uasset" 3609
"../../../Engine/Plugins/FX/Niagara/Content/Functions/Localspace/PositionToVector.uasset" 3610
"C:/Users/maria/Desktop/proyecto II/AtaqueGamba/Content/Sonidos/SE_Bossdeath.uasset" 3611
"C:/Users/maria/Desktop/proyecto II/AtaqueGamba/Content/Modelos/Jefes/Material_004.uasset" 3612
"../../../Engine/Plugins/FX/Niagara/Content/Modules/Update/Forces/AerodynamicDrag.uasset" 3613
"../../../Engine/Plugins/FX/Niagara/Content/Enums/SpriteRenderer/ENiagara_ScaleSpriteSize.uasset" 3614
"../../../Engine/Plugins/FX/Niagara/Content/Modules/Update/Size/ScaleSpriteSize.uasset" 3615
"C:/Users/maria/Desktop/proyecto II/AtaqueGamba/Content/Modelos/Jefes/seamless-embroidery-flowers-pattern-fashion-art-template-clothes-t-shirt-design-textile-wallpaper-fills-covers-surface-print-159006827.uasset" 3616
"C:/Users/maria/Desktop/proyecto II/AtaqueGamba/Content/Modelos/Jefes/Material_006.uasset" 3617
"/Game/Modelos/Jefes/Material_007" 3618
"../../Plugins/Interchange/Assets/Content/Functions/MF_PhongToMetalRoughness.uasset" 3619
"/Game/Modelos/Jefes/Material_008" 3620
"/Game/Modelos/Jefes/Material_011" 3621
"/Game/Modelos/Jefes/Material_012" 3622
"/Game/Modelos/Jefes/SK_LaMadreQueLaGambo" 3623
"/Game/Modelos/Jefes/Material_002" 3624
"/Game/Modelos/Jefes/Material_004" 3625
"/Game/Modelos/Jefes/Material_005" 3626
"/Game/Modelos/Jefes/Tile_11-512x512" 3627
"/Game/Modelos/Jefes/Pantalon" 3628
"/Game/Modelos/Jefes/AbuelaGamba" 3629
"/Game/Modelos/Jefes/Material_010" 3630
"/Game/Modelos/Jefes/SK_ChefGambaz" 3631
"/Game/Sonidos/SE_Bossdeath" 3632
"../../../../../../Users/maria/Desktop/proyecto II/AtaqueGamba/Content/Sonidos/MiSonido.uasset" 3633
"../../../../../../Users/maria/Desktop/proyecto II/AtaqueGamba/Content/Sonidos/MiGeneral.uasset" 3634
"../../../../../../Users/maria/Desktop/proyecto II/AtaqueGamba/Content/Sonidos/MiMusica.uasset" 3635
"/Game/Modelos/personajes/gamba" 3636
"../../../../../../Users/maria/Desktop/proyecto II/AtaqueGamba/Content/Materiales/M_gamba.uasset" 3637
"../../../../../../Users/maria/Desktop/proyecto II/AtaqueGamba/Content/Modelos/personajes/Material_002.uasset" 3638
"/Niagara/Functions/Rotation/RandomQuaternion" 3639
"../../Plugins/FX/Niagara/Content/Functions/RandomRangeFloat.uasset" 3640
"../../Plugins/FX/Niagara/Content/Functions/V2/CalculateRandomRange.uasset" 3641
"../../Plugins/FX/Niagara/Content/Enums/ENiagaraRandomnessEvaluation.uasset" 3642
"../../Plugins/FX/Niagara/Content/Enums/ENiagaraRandomnessMode.uasset" 3643
"../../Plugins/FX/Niagara/Content/Functions/GetRandomInfo.uasset" 3644
"/Niagara/Modules/Spawn/Orientation/V3/InitialMeshOrientation" 3645
"../../Plugins/FX/Niagara/Content/Functions/DirectionAndLengthSafe.uasset" 3646
"../../Plugins/FX/Niagara/Content/Functions/Localspace/TransformVector.uasset" 3647
"../../Plugins/FX/Niagara/Content/Functions/Rotation/FindQuatBetween.uasset" 3648
"../../Plugins/FX/Niagara/Content/Functions/Rotation/MatrixToQuaternion.uasset" 3649
"../../Plugins/FX/Niagara/Content/Functions/Rotation/MultiplyQuaternion.uasset" 3650
"../../Plugins/FX/Niagara/Content/Modules/Solvers/ApplyRotationVector.uasset" 3651
"../../Plugins/FX/Niagara/Content/Enums/ENiagaraMeshTransforms.uasset" 3652
"../../Plugins/FX/Niagara/Content/Enums/Transforms/ENiagara_MeshOrientationOptions.uasset" 3653
"../../Plugins/FX/Niagara/Content/Functions/Localspace/TransformBase.uasset" 3654
"../../Plugins/FX/Niagara/Content/Functions/Rotation/AxisAngleToQuaternion.uasset" 3655
"/Niagara/Functions/ChannelMasks/SelectV4Channel" 3656
"/Niagara/Functions/Localspace/PositionToVector" 3657
"/Niagara/Modules/Update/Forces/AerodynamicDrag" 3658
"../../Plugins/FX/Niagara/Content/Functions/Math/SaturateFloat.uasset" 3659
"../../Plugins/FX/Niagara/Content/Functions/Rotation/MultiplyVectorWithQuaternion.uasset" 3660
"../../Plugins/FX/Niagara/Content/Enums/ENiagaraAerodynamicDragPivotMode.uasset" 3661
"../../Plugins/FX/Niagara/Content/Enums/ENiagaraDragCoefficientShapeMode.uasset" 3662
"/Niagara/Modules/Update/Size/ScaleSpriteSize" 3663
"C:/Users/maria/Desktop/proyecto II/AtaqueGamba/Content/Blueprint/SN/SN_Boss.uasset" 3664
"C:/Users/maria/Desktop/proyecto II/AtaqueGamba/Content/Blueprint/Blueprints/actores/Proyectiles/BP_ProyectilBoss.uasset" 3665
"C:/Users/maria/Desktop/proyecto II/AtaqueGamba/Content/Modelos/personajes/Castigo/Angry__1__PhysicsAsset.uasset" 3666
"C:/Users/maria/Desktop/proyecto II/AtaqueGamba/Content/Blueprint/Blueprints/IA/Boss_fight/BTTask_Ataque.uasset" 3667
"C:/Users/maria/Desktop/proyecto II/AtaqueGamba/Content/Modelos/personajes/Castigo/Material_ncl_1.uasset" 3668
"C:/Users/maria/Desktop/proyecto II/AtaqueGamba/Content/Modelos/personajes/Castigo/Angry__1__Skeleton.uasset" 3669
"C:/Users/maria/Desktop/proyecto II/AtaqueGamba/Content/Modelos/PropsNuevos/PropsChino/CajaAlta.uasset" 3670
"C:/Users/maria/Desktop/proyecto II/AtaqueGamba/Content/Blueprint/Blueprints/IA/Boss_fight/BP_AIBoss.uasset" 3671
"C:/Users/maria/Desktop/proyecto II/AtaqueGamba/Content/Modelos/PropsNuevos/PropsChino/Caja2.uasset" 3672
"C:/Users/maria/Desktop/proyecto II/AtaqueGamba/Content/Modelos/PropsNuevos/PropsChino/Caja3.uasset" 3673
"C:/Users/maria/Desktop/proyecto II/AtaqueGamba/Content/Modelos/PropsNuevos/PropsChino/Box_17-256x256.uasset" 3674
"C:/Users/maria/Desktop/proyecto II/AtaqueGamba/Content/Modelos/PropsNuevos/PropsChino/CajaBaja.uasset" 3675
"C:/Users/maria/Desktop/proyecto II/AtaqueGamba/Content/Modelos/PropsNuevos/PropsChino/Box_13-256x256.uasset" 3676
"../../../Engine/Plugins/FX/Niagara/Content/Modules/Update/Orientation/AlignSpriteToMeshOrientation.uasset" 3677
"C:/Users/maria/Desktop/proyecto II/AtaqueGamba/Content/Modelos/PropsNuevos/PropsChino/CajaMediana.uasset" 3678
"C:/Users/maria/Desktop/proyecto II/AtaqueGamba/Content/Modelos/PropsNuevos/PropsChino/Box_01-256x256.uasset" 3679
"C:/Users/maria/Desktop/proyecto II/AtaqueGamba/Content/Blueprint/Blueprints/IA/Boss_fight/BB_Boss.uasset" 3680
"/Game/Modelos/Jefes/seamless-embroidery-flowers-pattern-fashion-art-template-clothes-t-shirt-design-textile-wallpaper-fills-covers-surface-print-159006827" 3681
"C:/Users/maria/Desktop/proyecto II/AtaqueGamba/Content/Sonidos/SE_ProyectilBoss.uasset" 3682
"C:/Users/maria/Desktop/proyecto II/AtaqueGamba/Content/Modelos/PropsNuevos/PropsChino/CajaCarton.uasset" 3683
"C:/Users/maria/Desktop/proyecto II/AtaqueGamba/Content/Blueprint/Blueprints/IA/Boss_fight/BT_Boss.uasset" 3684
"C:/Users/maria/Desktop/proyecto II/AtaqueGamba/Content/Blueprint/Blueprints/IA/Boss_fight/BTTask_Patrulla.uasset" 3685
"C:/Users/maria/Desktop/proyecto II/AtaqueGamba/Content/Modelos/personajes/Castigo/Angry__1_.uasset" 3686
"/Game/Modelos/Jefes/Material_009" 3687
"/Game/Modelos/Jefes/SKM_LaMadreQueLaGambo" 3688
"/Game/Modelos/Jefes/Material_006" 3689
"/Game/Modelos/Jefes/SKM_ChefGambaz" 3690
"C:/Users/maria/Desktop/proyecto II/AtaqueGamba/Content/Modelos/PropsNuevos/PropsChino/HeladosLASO.uasset" 3691
"C:/Users/maria/Desktop/proyecto II/AtaqueGamba/Content/Modelos/PropsNuevos/PropsChino/Helados.uasset" 3692
"C:/Users/maria/Desktop/proyecto II/AtaqueGamba/Content/Modelos/PropsNuevos/PropsChino/FrigoPie.uasset" 3693
"C:/Users/maria/Desktop/proyecto II/AtaqueGamba/Content/Modelos/PropsNuevos/PropsChino/Heladera.uasset" 3694
"C:/Users/maria/Desktop/proyecto II/AtaqueGamba/Content/Modelos/PropsNuevos/PropsChino/fdhte.uasset" 3695
"/Game/Modelos/PropsNuevos/PropsChino/Caja2" 3696
"/Game/Modelos/PropsNuevos/PropsChino/CajaAlta" 3697
"/Game/Blueprint/Blueprints/actores/Personajes/NPC/Enemigos/BP_BossVieja" 3698
"../../../../../../Users/maria/Desktop/proyecto II/AtaqueGamba/Content/Blueprint/Blueprints/actores/Pickups/BP_moneda.uasset" 3699
"../../../../../../Users/maria/Desktop/proyecto II/AtaqueGamba/Content/Blueprint/Blueprints/componentes/BP/BP_trigger.uasset" 3700
"../../../Engine/Content/EditorBlueprintResources/StandardMacros.uasset" 3701
"../../../../../../Users/maria/Desktop/proyecto II/AtaqueGamba/Content/Blueprint/Blueprints/controladores/BML_SaveSystem.uasset" 3702
"../../../../../../Users/maria/Desktop/proyecto II/AtaqueGamba/Content/Blueprint/Blueprints/actores/Personajes/BP_FirstPersonCharacter.uasset" 3703
"../../../../../../Users/maria/Desktop/proyecto II/AtaqueGamba/Content/Blueprint/Blueprints/controladores/BP_GameInstance.uasset" 3704
"../../../../../../Users/maria/Desktop/proyecto II/AtaqueGamba/Content/Blueprint/Blueprints/controladores/S_SavedGame.uasset" 3705
"../../../../../../Users/maria/Desktop/proyecto II/AtaqueGamba/Content/Modelos/MonedaGamba/MonedaGamba.uasset" 3706
"../../../../../../Users/maria/Desktop/proyecto II/AtaqueGamba/Content/Modelos/MonedaGamba/GambaCoin.uasset" 3707
"../../../../../../Users/maria/Desktop/proyecto II/AtaqueGamba/Content/Sonidos/SE_Moneda.uasset" 3708
"../../../../../../Users/maria/Desktop/proyecto II/AtaqueGamba/Content/Blueprint/Blueprints/controladores/BP_SavingGame.uasset" 3709
"../../../../../../Users/maria/Desktop/proyecto II/AtaqueGamba/Content/UI/Interfaces/UI_Victoria.uasset" 3710
"../../../../../../Users/maria/Desktop/proyecto II/AtaqueGamba/Content/Modelos/PropsNuevos/Low_Poly_Fruits.uasset" 3711
"../../../../../../Users/maria/Desktop/proyecto II/AtaqueGamba/Content/Modelos/PropsNuevos/uva.uasset" 3712
"../../../../../../Users/maria/Desktop/proyecto II/AtaqueGamba/Content/UI/Interfaces/UI_CountDown.uasset" 3713
"../../Plugins/FX/Niagara/Content/DynamicInputs/UniformRange/V2/RandomRangeFloat.uasset" 3714
"../../Plugins/FX/Niagara/Content/Modules/Emitter/EmitterState.uasset" 3715
"../../Plugins/FX/Niagara/Content/Modules/Emitter/SpawnBurst_Instantaneous.uasset" 3716
"../../Plugins/FX/Niagara/Content/Modules/Solvers/SolveForcesAndVelocity.uasset" 3717
"../../Plugins/FX/Niagara/Content/Modules/Spawn/Initialization/V2/InitializeParticle.uasset" 3718
"../../Plugins/FX/Niagara/Content/Modules/Spawn/Location/V2/ShapeLocation.uasset" 3719
"../../Plugins/FX/Niagara/Content/Modules/Spawn/Velocity/AddVelocity.uasset" 3720
"../../Plugins/FX/Niagara/Content/Modules/System/SystemState.uasset" 3721
"../../Plugins/FX/Niagara/Content/Modules/Update/Forces/GravityForce.uasset" 3722
"../../Plugins/FX/Niagara/Content/Modules/Update/Lifetime/ParticleState.uasset" 3723
"../../Plugins/FX/Niagara/Content/Enums/Angles/ENiagara_AngleInput.uasset" 3724
"../../Plugins/FX/Niagara/Content/Enums/ENiagara_AttributeSamplingApplyOutput.uasset" 3725
"../../Plugins/FX/Niagara/Content/Enums/ENiagara_ColorInitializationMode.uasset" 3726
"../../Plugins/FX/Niagara/Content/Enums/ENiagara_EmitterStateOptions.uasset" 3727
"../../Plugins/FX/Niagara/Content/Enums/ENiagara_InfiniteLoopDuration.uasset" 3728
"../../Plugins/FX/Niagara/Content/Enums/ENiagara_LifetimeMode.uasset" 3729
"../../Plugins/FX/Niagara/Content/Enums/ENiagara_MassInitializationMode.uasset" 3730
"../../Plugins/FX/Niagara/Content/Enums/ENiagara_PositionInitializationMode.uasset" 3731
"../../Plugins/FX/Niagara/Content/Enums/ENiagara_SizeScaleMode.uasset" 3732
"../../Plugins/FX/Niagara/Content/Enums/ENiagara_SpriteRotationMode.uasset" 3733
"../../Plugins/FX/Niagara/Content/Enums/ENiagara_UVFlippingMode.uasset" 3734
"../../Plugins/FX/Niagara/Content/Enums/ENiagaraChannelCorrelation.uasset" 3735
"../../Plugins/FX/Niagara/Content/Enums/ENiagaraEmitterLifeCycleMode.uasset" 3736
"../../Plugins/FX/Niagara/Content/Enums/ENiagaraEmitterScalabilityMode_Limited.uasset" 3737
"../../Plugins/FX/Niagara/Content/Enums/ENiagaraInactiveMode.uasset" 3738
"../../Plugins/FX/Niagara/Content/Enums/ENiagaraShapeTorusMode.uasset" 3739
"../../Plugins/FX/Niagara/Content/Enums/ENiagaraSphereDistributionMode.uasset" 3740
"../../Plugins/FX/Niagara/Content/Enums/ENiagaraSystemInactiveMode.uasset" 3741
"../../Plugins/FX/Niagara/Content/Enums/ENiagaraTorusDistributionMode.uasset" 3742
"../../Plugins/FX/Niagara/Content/Enums/Location/ENiagara_BoxPlaneMode.uasset" 3743
"../../Plugins/FX/Niagara/Content/Enums/Location/ENiagara_ConeMode.uasset" 3744
"../../Plugins/FX/Niagara/Content/Enums/Location/ENiagara_CylinderMode.uasset" 3745
"../../Plugins/FX/Niagara/Content/Enums/Location/ENiagara_LocationShapes.uasset" 3746
"../../Plugins/FX/Niagara/Content/Enums/Location/ENiagaraRingDiscMode.uasset" 3747
"../../Plugins/FX/Niagara/Content/Enums/Ribbons/ENiagara_UnsetDirectSet.uasset" 3748
"../../Plugins/FX/Niagara/Content/Enums/Ribbons/ENiagara_UnsetDirectSetRandom.uasset" 3749
"../../Plugins/FX/Niagara/Content/Enums/Transforms/ENiagara_OffsetMode.uasset" 3750
"../../Plugins/FX/Niagara/Content/Enums/Transforms/ENiagara_RotationMode.uasset" 3751
"../../Plugins/FX/Niagara/Content/Enums/Transforms/ENiagara_ScaleMode.uasset" 3752
"../../Plugins/FX/Niagara/Content/Enums/Transforms/ENiagara_TransformOrder.uasset" 3753
"../../Plugins/FX/Niagara/Content/Enums/Transforms/ENiagara_TransformType.uasset" 3754
"../../Plugins/FX/Niagara/Content/Enums/Utility/ENiagara_VelocityMode.uasset" 3755
"../../../../../../Users/maria/Desktop/proyecto II/AtaqueGamba/Content/Modelos/FirstPersonArms/Animations/FirstPerson_AnimBP.uasset" 3756
"../../../../../../Users/maria/Desktop/proyecto II/AtaqueGamba/Content/Blueprint/Blueprints/actores/Pickups/BP_Weapon_Base.uasset" 3757
"../../../../../../Users/maria/Desktop/proyecto II/AtaqueGamba/Content/Blueprint/Blueprints/controladores/BP_FirstPersonPlayerController.uasset" 3758
"../../../../../../Users/maria/Desktop/proyecto II/AtaqueGamba/Content/Blueprint/Input/Touch/BPI_TouchInterface.uasset" 3759
"../../../../../../Users/maria/Desktop/proyecto II/AtaqueGamba/Content/UI/BPI_UIManager.uasset" 3760
"../../../../../../Users/maria/Desktop/proyecto II/AtaqueGamba/Content/UI/Interfaces/UI_Muerte.uasset" 3761
"../../../../../../Users/maria/Desktop/proyecto II/AtaqueGamba/Content/Blueprint/Input/Actions/IA_Jump.uasset" 3762
"../../../../../../Users/maria/Desktop/proyecto II/AtaqueGamba/Content/Blueprint/Input/Actions/IA_Look.uasset" 3763
"../../../../../../Users/maria/Desktop/proyecto II/AtaqueGamba/Content/Blueprint/Input/Actions/IA_Move.uasset" 3764
"../../../../../../Users/maria/Desktop/proyecto II/AtaqueGamba/Content/Blueprint/Input/Actions/IA_Pausa.uasset" 3765
"../../../../../../Users/maria/Desktop/proyecto II/AtaqueGamba/Content/Blueprint/Input/Actions/IA_ScrollDown.uasset" 3766
"../../../../../../Users/maria/Desktop/proyecto II/AtaqueGamba/Content/Blueprint/Input/Actions/IA_ScrollUp.uasset" 3767
"../../../../../../Users/maria/Desktop/proyecto II/AtaqueGamba/Content/Blueprint/Input/Actions/IA_Trampas.uasset" 3768
"../../../../../../Users/maria/Desktop/proyecto II/AtaqueGamba/Content/Blueprint/Input/Actions/IA_Weapon.uasset" 3769
"../../../../../../Users/maria/Desktop/proyecto II/AtaqueGamba/Content/Blueprint/Input/Actions/IA_WeaponChange1.uasset" 3770
"../../../../../../Users/maria/Desktop/proyecto II/AtaqueGamba/Content/Blueprint/Input/Actions/IA_WeaponChange2.uasset" 3771
"../../../../../../Users/maria/Desktop/proyecto II/AtaqueGamba/Content/Blueprint/Input/Actions/IA_WeaponChange3.uasset" 3772
"../../../../../../Users/maria/Desktop/proyecto II/AtaqueGamba/Content/Blueprint/Input/IA_DASH.uasset" 3773
"../../../../../../Users/maria/Desktop/proyecto II/AtaqueGamba/Content/Blueprint/Input/IMC_Default.uasset" 3774
"../../../../../../Users/maria/Desktop/proyecto II/AtaqueGamba/Content/Blueprint/SN/NS_Pintura.uasset" 3775
"../../../../../../Users/maria/Desktop/proyecto II/AtaqueGamba/Content/Blueprint/Input/Touch/UI_TouchSimple.uasset" 3776
"../../../../../../Users/maria/Desktop/proyecto II/AtaqueGamba/Content/Materiales/Texturas/T_abuela.uasset" 3777
"../../../../../../Users/maria/Desktop/proyecto II/AtaqueGamba/Content/Modelos/FirstPersonArms/Character/Mesh/SK_Mannequin_Arms.uasset" 3778
"../../../../../../Users/maria/Desktop/proyecto II/AtaqueGamba/Content/UI/Interfaces/efectos/UI_FadeIn.uasset" 3779
"../../../../../../Users/maria/Desktop/proyecto II/AtaqueGamba/Content/UI/Interfaces/efectos/UI_Hit.uasset" 3780
"../../../../../../Users/maria/Desktop/proyecto II/AtaqueGamba/Content/UI/Interfaces/HUD/HUD_mensaje.uasset" 3781
"../../../../../../Users/maria/Desktop/proyecto II/AtaqueGamba/Content/UI/Interfaces/HUD/UI_Comabate.uasset" 3782
"../../../../../../Users/maria/Desktop/proyecto II/AtaqueGamba/Content/UI/Interfaces/UI_Pausa.uasset" 3783
"../../../../../../Users/maria/Desktop/proyecto II/AtaqueGamba/Content/UI/UIState.uasset" 3784
"../../../../../../Users/maria/Desktop/proyecto II/AtaqueGamba/Content/Materiales/M_GambaNormal.uasset" 3785
"../../../../../../Users/maria/Desktop/proyecto II/AtaqueGamba/Content/UI/GuardarInfo.uasset" 3786
"../../../../../../Users/maria/Desktop/proyecto II/AtaqueGamba/Content/Sonidos/SoundMix.uasset" 3787
"../../../../../../Users/maria/Desktop/proyecto II/AtaqueGamba/Content/Blueprint/Blueprints/actores/Personajes/NPC/Enemigos/BP_EnemyCharacter.uasset" 3788
"../../../../../../Users/maria/Desktop/proyecto II/AtaqueGamba/Content/Modelos/MonedaGamba/MonedaGambaTex.uasset" 3789
"../../../../../../Users/maria/Desktop/proyecto II/AtaqueGamba/Content/UI/letras/Orange_Kid_Font.uasset" 3790
"../../../../../../Users/maria/Desktop/proyecto II/AtaqueGamba/Content/UI/Imagenes/FondoVictoria_2.uasset" 3791
"../../../../../../Users/maria/Desktop/proyecto II/AtaqueGamba/Content/UI/Imagenes/gambaboto-removebg-preview.uasset" 3792
"../../../../../../Users/maria/Desktop/proyecto II/AtaqueGamba/Content/UI/Imagenes/zombieboto-removebg-preview.uasset" 3793
"../../Plugins/FX/Niagara/Content/Functions/V2/CalculateRandomRangeFloat.uasset" 3794
"../../Plugins/FX/Niagara/Content/Functions/Emitter/EmitterChangeState.uasset" 3795
"../../Plugins/FX/Niagara/Content/Icons/Modules/T_Icon_Scalability_Emitter.uasset" 3796
"../../Plugins/FX/Niagara/Content/Icons/Modules/T_Icon_Scalability_System.uasset" 3797
"../../Plugins/FX/Niagara/Content/Functions/Drag/DragVelocity.uasset" 3798
"../../Plugins/FX/Niagara/Content/Functions/Math/CentimeterMeterConversion.uasset" 3799
"../../Plugins/FX/Niagara/Content/Icons/Modules/T_Icon_Solver_LimitAccel.uasset" 3800
"../../Plugins/FX/Niagara/Content/Icons/Modules/T_Icon_Solver_LimitSpeed.uasset" 3801
"../../Plugins/FX/Niagara/Content/Icons/Modules/T_Icon_Solver_RotationalSolve.uasset" 3802
"../../Plugins/FX/Niagara/Content/Functions/LinearColor/HueShiftLinearColor.uasset" 3803
"../../Plugins/FX/Niagara/Content/Functions/Localspace/SimulationPosition.uasset" 3804
"../../Plugins/FX/Niagara/Content/Functions/V2/CalculateRandomBool.uasset" 3805
"../../Plugins/FX/Niagara/Content/Functions/V2/CalculateRandomRangeInteger.uasset" 3806
"../../Plugins/FX/Niagara/Content/Functions/Localspace/TransformPosition.uasset" 3807
"../../Plugins/FX/Niagara/Content/Functions/Math/CalculateRandomPointInConeSphereIntersection.uasset" 3808
"../../Plugins/FX/Niagara/Content/Functions/NormalizedExecutionIndex.uasset" 3809
"../../Plugins/FX/Niagara/Content/Functions/ParametricTorus.uasset" 3810
"../../Plugins/FX/Niagara/Content/Functions/ParametricTorusKnot.uasset" 3811
"../../Plugins/FX/Niagara/Content/Functions/PolarToCartesianCoordinates.uasset" 3812
"../../Plugins/FX/Niagara/Content/Functions/RandomPointInBox.uasset" 3813
"../../Plugins/FX/Niagara/Content/Functions/Rotation/AngleUnitConverter.uasset" 3814
"../../Plugins/FX/Niagara/Content/Functions/Rotation/RotateVector2D.uasset" 3815
"../../Plugins/FX/Niagara/Content/Functions/Rotation/TransformStack/TransformStack_Rotation.uasset" 3816
"../../Plugins/FX/Niagara/Content/Functions/SphericalToCartesianCoordinates.uasset" 3817
"../../Plugins/FX/Niagara/Content/Functions/V2/RemapRange.uasset" 3818
"../../Plugins/FX/Niagara/Content/Enums/ENiagaraExpansionMode.uasset" 3819
"../../Plugins/FX/Niagara/Content/Functions/Rotation/InvertQuaternion.uasset" 3820
"../../Plugins/FX/Niagara/Content/Functions/Rotation/MakeQuaternionFrom3BasisVectors.uasset" 3821
"../../Plugins/FX/Niagara/Content/Functions/Rotation/XYZRotationToQuaternion.uasset" 3822
"../../Plugins/FX/Niagara/Content/Functions/V2/CalculateRandomUnitVector.uasset" 3823
"../../Plugins/FX/Niagara/Content/Functions/V2/DistanceBasedFalloff.uasset" 3824
"../../Plugins/FX/Niagara/Content/Functions/System/SystemChangeState.uasset" 3825
"../../Plugins/FX/Niagara/Content/Icons/Modules/T_Icon_Particle_InfiniteLife.uasset" 3826
"../../../../../../Users/maria/Desktop/proyecto II/AtaqueGamba/Content/Modelos/FirstPersonArms/Animations/FP_Falling.uasset" 3827
"../../../../../../Users/maria/Desktop/proyecto II/AtaqueGamba/Content/Modelos/FirstPersonArms/Animations/FP_Idle.uasset" 3828
"../../../../../../Users/maria/Desktop/proyecto II/AtaqueGamba/Content/Modelos/FirstPersonArms/Animations/FP_Jump.uasset" 3829
"../../../../../../Users/maria/Desktop/proyecto II/AtaqueGamba/Content/Modelos/FirstPersonArms/Animations/FP_Land.uasset" 3830
"../../../../../../Users/maria/Desktop/proyecto II/AtaqueGamba/Content/Modelos/FirstPersonArms/Animations/FP_Rifle_Falling.uasset" 3831
"../../../../../../Users/maria/Desktop/proyecto II/AtaqueGamba/Content/Modelos/FirstPersonArms/Animations/FP_Rifle_Idle.uasset" 3832
"../../../../../../Users/maria/Desktop/proyecto II/AtaqueGamba/Content/Modelos/FirstPersonArms/Animations/FP_Rifle_Jump.uasset" 3833
"../../../../../../Users/maria/Desktop/proyecto II/AtaqueGamba/Content/Modelos/FirstPersonArms/Animations/FP_Rifle_Land.uasset" 3834
"../../../../../../Users/maria/Desktop/proyecto II/AtaqueGamba/Content/Modelos/FirstPersonArms/Animations/FP_Rifle_Run.uasset" 3835
"../../../../../../Users/maria/Desktop/proyecto II/AtaqueGamba/Content/Modelos/FirstPersonArms/Animations/FP_Run_Fwd.uasset" 3836
"../../../../../../Users/maria/Desktop/proyecto II/AtaqueGamba/Content/Modelos/FirstPersonArms/Character/Mesh/SK_Mannequin_Arms_Skeleton.uasset" 3837
"../../../../../../Users/maria/Desktop/proyecto II/AtaqueGamba/Content/Blueprint/Blueprints/componentes/Enum/E_Weapon.uasset" 3838
"../../../../../../Users/maria/Desktop/proyecto II/AtaqueGamba/Content/Blueprint/Blueprints/componentes/BP/BP_FirstPersonCameraManager.uasset" 3839
"../../../../../../Users/maria/Desktop/proyecto II/AtaqueGamba/Content/UI/Interfaces/Guardado/UI_LoadGame.uasset" 3840
"../../../../../../Users/maria/Desktop/proyecto II/AtaqueGamba/Content/UI/Interfaces/UI_ajustes.uasset" 3841
"../../../../../../Users/maria/Desktop/proyecto II/AtaqueGamba/Content/UI/Interfaces/UI_Creditos.uasset" 3842
"../../../../../../Users/maria/Desktop/proyecto II/AtaqueGamba/Content/UI/Interfaces/UI_Menuinicial.uasset" 3843
"../../../../../../Users/maria/Desktop/proyecto II/AtaqueGamba/Content/UI/Interfaces/WBP_Root.uasset" 3844
"../../../../../../Users/maria/Desktop/proyecto II/AtaqueGamba/Content/UI/E_FrasesDead.uasset" 3845
"../../../../../../Users/maria/Desktop/proyecto II/AtaqueGamba/Content/UI/Imagenes/Muerte.uasset" 3846
"../../../../../../Users/maria/Desktop/proyecto II/AtaqueGamba/Content/Blueprint/Input/Actions/IA_dialogo.uasset" 3847
"../../../../../../Users/maria/Desktop/proyecto II/AtaqueGamba/Content/Blueprint/Input/Actions/IA_Interact.uasset" 3848
"../../../../../../Users/maria/Desktop/proyecto II/AtaqueGamba/Content/Blueprint/Input/Actions/IA_QuickSave.uasset" 3849
"../../../../../../Users/maria/Desktop/proyecto II/AtaqueGamba/Content/Blueprint/Input/IA_Tienda.uasset" 3850
"../../../../../../Users/maria/Desktop/proyecto II/AtaqueGamba/Content/Materiales/M_chorro.uasset" 3851
"../../Plugins/FX/Niagara/Content/DynamicInputs/ValueFromCurve/FloatFromCurve.uasset" 3852
"../../Plugins/FX/Niagara/Content/Modules/Emitter/SpawnRate.uasset" 3853
"../../Plugins/FX/Niagara/Content/Modules/Ribbons/ScaleRibbonWidth.uasset" 3854
"../../Plugins/FX/Niagara/Content/Modules/Update/Color/ScaleColor.uasset" 3855
"../../Plugins/FX/Niagara/Content/Modules/Update/Forces/Drag.uasset" 3856
"../../Plugins/FX/Niagara/Content/Enums/ENiagaraScaleColorMode.uasset" 3857
"../../../Engine/Content/MobileResources/HUD/VirtualJoystick_Thumb.uasset" 3858
"../../../../../../Users/maria/Desktop/proyecto II/AtaqueGamba/Content/Blueprint/Input/Touch/UI_Thumbstick.uasset" 3859
"../../../../../../Users/maria/Desktop/proyecto II/AtaqueGamba/Content/Modelos/FirstPersonArms/Character/Materials/Instances/Manny/MI_Manny_01.uasset" 3860
"../../../../../../Users/maria/Desktop/proyecto II/AtaqueGamba/Content/Modelos/FirstPersonArms/Character/Materials/Instances/Manny/MI_Manny_02.uasset" 3861
"../../../../../../Users/maria/Desktop/proyecto II/AtaqueGamba/Content/Modelos/FirstPersonArms/Character/Mesh/SK_Mannequin_Arms_PhysicsAsset.uasset" 3862
"../../../../../../Users/maria/Desktop/proyecto II/AtaqueGamba/Content/UI/Imagenes/I_Blood.uasset" 3863
"../../../../../../Users/maria/Desktop/proyecto II/AtaqueGamba/Content/Blueprint/Blueprints/componentes/BPI/BPI_SaveSystem.uasset" 3864
"../../../../../../Users/maria/Desktop/proyecto II/AtaqueGamba/Content/UI/fuentes/Uranus_Pixel_11Px_Font.uasset" 3865
"../../../../../../Users/maria/Desktop/proyecto II/AtaqueGamba/Content/UI/Imagenes/Texto.uasset" 3866
"../../../../../../Users/maria/Desktop/proyecto II/AtaqueGamba/Content/Blueprint/Blueprints/actores/Pickups/BP_PistolaMayonesa.uasset" 3867
"../../../../../../Users/maria/Desktop/proyecto II/AtaqueGamba/Content/Movies/videoplayback__2_.uasset" 3868
"../../../../../../Users/maria/Desktop/proyecto II/AtaqueGamba/Content/UI/letras/upheavtt_Font.uasset" 3869
"../../../../../../Users/maria/Desktop/proyecto II/AtaqueGamba/Content/Movies/M_vieo_Nochevieja.uasset" 3870
"../../../../../../Users/maria/Desktop/proyecto II/AtaqueGamba/Content/Movies/V_Nochevieja.uasset" 3871
"../../../../../../Users/maria/Desktop/proyecto II/AtaqueGamba/Content/UI/Imagenes/gamba_derecha.uasset" 3872
"../../../../../../Users/maria/Desktop/proyecto II/AtaqueGamba/Content/UI/Imagenes/gamba_derechafondo.uasset" 3873
"../../../../../../Users/maria/Desktop/proyecto II/AtaqueGamba/Content/UI/Imagenes/gamba_izquierda.uasset" 3874
"../../../../../../Users/maria/Desktop/proyecto II/AtaqueGamba/Content/UI/Imagenes/gamba_izquierdafondo.uasset" 3875
"../../../../../../Users/maria/Desktop/proyecto II/AtaqueGamba/Content/UI/Imagenes/HUD_ataque.uasset" 3876
"../../../../../../Users/maria/Desktop/proyecto II/AtaqueGamba/Content/UI/Imagenes/I_PixelBloodEffect.uasset" 3877
"../../../../../../Users/maria/Desktop/proyecto II/AtaqueGamba/Content/UI/Imagenes/mayonesaentera.uasset" 3878
"../../../../../../Users/maria/Desktop/proyecto II/AtaqueGamba/Content/UI/Imagenes/mayonesavacia.uasset" 3879
"../../../../../../Users/maria/Desktop/proyecto II/AtaqueGamba/Content/UI/Imagenes/pausa_fondo.uasset" 3880
"../../../../../../Users/maria/Desktop/proyecto II/AtaqueGamba/Content/UI/Interfaces/Guardado/UI_SaveGame.uasset" 3881
"../../../../../../Users/maria/Desktop/proyecto II/AtaqueGamba/Content/UI/Interfaces/UI_ajustesMenuPausa.uasset" 3882
"../../../../../../Users/maria/Desktop/proyecto II/AtaqueGamba/Content/Blueprint/Blueprints/actores/Proyectiles/BP_ProyectilGambas.uasset" 3883
"../../../../../../Users/maria/Desktop/proyecto II/AtaqueGamba/Content/Blueprint/Blueprints/controladores/BP_GameManager.uasset" 3884
"../../../../../../Users/maria/Desktop/proyecto II/AtaqueGamba/Content/Blueprint/Blueprints/IA/Gambas/BP_AIGambas.uasset" 3885
"../../../../../../Users/maria/Desktop/proyecto II/AtaqueGamba/Content/Materiales/M_GambaAjo.uasset" 3886
"../../../../../../Users/maria/Desktop/proyecto II/AtaqueGamba/Content/Materiales/M_GambaHielo.uasset" 3887
"../../../../../../Users/maria/Desktop/proyecto II/AtaqueGamba/Content/Materiales/M_GambaPlancha.uasset" 3888
"../../../../../../Users/maria/Desktop/proyecto II/AtaqueGamba/Content/Blueprint/SN/NS_Area.uasset" 3889
"../../../../../../Users/maria/Desktop/proyecto II/AtaqueGamba/Content/Blueprint/SN/NS_MuerteGamba.uasset" 3890
"../../../../../../Users/maria/Desktop/proyecto II/AtaqueGamba/Content/Blueprint/SN/NS_PoisonCloud.uasset" 3891
"../../Plugins/FX/Niagara/Content/DefaultAssets/Templates/BehaviorExamples/RenderTargetTexturePainter.uasset" 3892
"../../../../../../Users/maria/Desktop/proyecto II/AtaqueGamba/Content/Blueprint/Blueprints/componentes/Enum/E_Gambas.uasset" 3893
"../../../../../../Users/maria/Desktop/proyecto II/AtaqueGamba/Content/Modelos/personajes/SM_Gamba.uasset" 3894
"../../../../../../Users/maria/Desktop/proyecto II/AtaqueGamba/Content/Sonidos/SE_Gamba.uasset" 3895
"../../../../../../Users/maria/Desktop/proyecto II/AtaqueGamba/Content/Sonidos/SE_MuerteGambas.uasset" 3896
"../../../../../../Users/maria/Desktop/proyecto II/AtaqueGamba/Content/UI/letras/Orange_Kid.uasset" 3897
"../../../../../../Users/maria/Desktop/proyecto II/AtaqueGamba/Content/UI/letras/PixeloidSans.uasset" 3898
"../../Plugins/FX/Niagara/Content/Functions/IsolateLongestVectorComponent.uasset" 3899
"../../Plugins/FX/Niagara/Content/Functions/NormalizeDistanceRange.uasset" 3900
"../../../Engine/Content/Animation/DefaultAnimCurveCompressionSettings.uasset" 3901
"../../../Engine/Content/Animation/DefaultAnimBoneCompressionSettings.uasset" 3902
"../../../../../../Users/maria/Desktop/proyecto II/AtaqueGamba/Content/UI/Imagenes/Flipbookfondo/M_FondoCargaMo.uasset" 3903
"../../../../../../Users/maria/Desktop/proyecto II/AtaqueGamba/Content/UI/Imagenes/Slot.uasset" 3904
"../../../../../../Users/maria/Desktop/proyecto II/AtaqueGamba/Content/UI/Imagenes/slot1.uasset" 3905
"../../../../../../Users/maria/Desktop/proyecto II/AtaqueGamba/Content/UI/Imagenes/slotilu.uasset" 3906
"../../../../../../Users/maria/Desktop/proyecto II/AtaqueGamba/Content/UI/Interfaces/Guardado/UI_NewGame.uasset" 3907
"../../../../../../Users/maria/Desktop/proyecto II/AtaqueGamba/Content/UI/Interfaces/UI_Carga.uasset" 3908
"../../../../../../Users/maria/Desktop/proyecto II/AtaqueGamba/Content/Blueprint/Blueprints/controladores/GuardarInfoSettings.uasset" 3909
"../../../../../../Users/maria/Desktop/proyecto II/AtaqueGamba/Content/Sonidos/musica/SC_Menus.uasset" 3910
"../../../../../../Users/maria/Desktop/proyecto II/AtaqueGamba/Content/UI/Imagenes/PropuestaAjustes.uasset" 3911
"../../../../../../Users/maria/Desktop/proyecto II/AtaqueGamba/Content/UI/Imagenes/titulopixel.uasset" 3912
"../../../../../../Users/maria/Desktop/proyecto II/AtaqueGamba/Content/Sonidos/musica/MS_Creditos.uasset" 3913
"../../../../../../Users/maria/Desktop/proyecto II/AtaqueGamba/Content/UI/Imagenes/Propuestaportada.uasset" 3914
"../../../../../../Users/maria/Desktop/proyecto II/AtaqueGamba/Content/Materiales/Texturas/T_Chorro.uasset" 3915
"../../../Engine/Content/MobileResources/HUD/VirtualJoystick_Background.uasset" 3916
"../../../../../../Users/maria/Desktop/proyecto II/AtaqueGamba/Content/Modelos/FirstPersonArms/Character/Materials/M_Mannequin.uasset" 3917
"../../../../../../Users/maria/Desktop/proyecto II/AtaqueGamba/Content/Modelos/FirstPersonArms/Character/Textures/Manny/T_Manny_01_ASAOPMASK_MSK.uasset" 3918
"../../../../../../Users/maria/Desktop/proyecto II/AtaqueGamba/Content/Modelos/FirstPersonArms/Character/Textures/Manny/T_Manny_01_BN.uasset" 3919
"../../../../../../Users/maria/Desktop/proyecto II/AtaqueGamba/Content/Modelos/FirstPersonArms/Character/Textures/Manny/T_Manny_01_CCRCCPlastic_MSK.uasset" 3920
"../../../../../../Users/maria/Desktop/proyecto II/AtaqueGamba/Content/Modelos/FirstPersonArms/Character/Textures/Manny/T_Manny_01_D.uasset" 3921
"../../../../../../Users/maria/Desktop/proyecto II/AtaqueGamba/Content/Modelos/FirstPersonArms/Character/Textures/Manny/T_Manny_01_MSR_MSK.uasset" 3922
"../../../../../../Users/maria/Desktop/proyecto II/AtaqueGamba/Content/Modelos/FirstPersonArms/Character/Textures/Manny/T_Manny_01_N.uasset" 3923
"../../../../../../Users/maria/Desktop/proyecto II/AtaqueGamba/Content/Modelos/FirstPersonArms/Character/Textures/Manny/T_Manny_01_Tan.uasset" 3924
"../../../../../../Users/maria/Desktop/proyecto II/AtaqueGamba/Content/Modelos/FirstPersonArms/Character/Textures/Manny/T_Manny_02_ASAOPMASK_MSK.uasset" 3925
"../../../../../../Users/maria/Desktop/proyecto II/AtaqueGamba/Content/Modelos/FirstPersonArms/Character/Textures/Manny/T_Manny_02_BN.uasset" 3926
"../../../../../../Users/maria/Desktop/proyecto II/AtaqueGamba/Content/Modelos/FirstPersonArms/Character/Textures/Manny/T_Manny_02_CCRCCPlastic_MSK.uasset" 3927
"../../../../../../Users/maria/Desktop/proyecto II/AtaqueGamba/Content/Modelos/FirstPersonArms/Character/Textures/Manny/T_Manny_02_D.uasset" 3928
"../../../../../../Users/maria/Desktop/proyecto II/AtaqueGamba/Content/Modelos/FirstPersonArms/Character/Textures/Manny/T_Manny_02_MSR_MSK.uasset" 3929
"../../../../../../Users/maria/Desktop/proyecto II/AtaqueGamba/Content/Modelos/FirstPersonArms/Character/Textures/Manny/T_Manny_02_N.uasset" 3930
"../../../../../../Users/maria/Desktop/proyecto II/AtaqueGamba/Content/Modelos/FirstPersonArms/Character/Textures/Manny/T_Manny_02_Tan.uasset" 3931
"../../../../../../Users/maria/Desktop/proyecto II/AtaqueGamba/Content/UI/fuentes/Uranus_Pixel_11Px.uasset" 3932
"../../../../../../Users/maria/Desktop/proyecto II/AtaqueGamba/Content/Blueprint/Blueprints/actores/Proyectiles/BP_Proyectil.uasset" 3933
"../../../../../../Users/maria/Desktop/proyecto II/AtaqueGamba/Content/Modelos/armas/pistolamayonesa/StaticMeshes/SM_Pistola.uasset" 3934
"../../../../../../Users/maria/Desktop/proyecto II/AtaqueGamba/Content/Sonidos/SE_Da?oGambas.uasset" 3935
"../../../../../../Users/maria/Desktop/proyecto II/AtaqueGamba/Content/Sonidos/SE_Splash.uasset" 3936
"../../../../../../Users/maria/Desktop/proyecto II/AtaqueGamba/Content/UI/letras/upheavtt.uasset" 3937
"../../../../../../Users/maria/Desktop/proyecto II/AtaqueGamba/Content/Movies/V_Nochevieja_Video.uasset" 3938
"../../../../../../Users/maria/Desktop/proyecto II/AtaqueGamba/Content/UI/Interfaces/Guardado/UI_SalirGuardado.uasset" 3939
"../../Plugins/FX/Niagara/Content/DefaultAssets/Templates/Systems/DirectionalBurstLightweight.uasset" 3940
"../../../../../../Users/maria/Desktop/proyecto II/AtaqueGamba/Content/Modelos/SM_ProyectilGambas/StaticMeshes/SM_Hielo.uasset" 3941
"../../../../../../Users/maria/Desktop/proyecto II/AtaqueGamba/Content/Blueprint/Blueprints/componentes/BP/BP_GambaSpawner.uasset" 3942
"../../../../../../Users/maria/Desktop/proyecto II/AtaqueGamba/Content/Blueprint/Blueprints/IA/Gambas/BT_AIGambas.uasset" 3943
"../../../../../../Users/maria/Desktop/proyecto II/AtaqueGamba/Content/Materiales/M_perejil.uasset" 3944
"../../../../../../Users/maria/Desktop/proyecto II/AtaqueGamba/Content/Materiales/M_colaGamba.uasset" 3945
"../../Plugins/FX/Niagara/Content/DefaultAssets/DefaultSpriteMaterial.uasset" 3946
"../../../../../../Users/maria/Desktop/proyecto II/AtaqueGamba/Content/Materiales/M_Ajo.uasset" 3947
"../../Plugins/FX/Niagara/Content/DefaultAssets/DefaultTextureSpriteMaterial.uasset" 3948
"../../Plugins/FX/Niagara/Content/DynamicInputs/Add/Add_Vector2.uasset" 3949
"../../Plugins/FX/Niagara/Content/DynamicInputs/Angles/Cosine.uasset" 3950
"../../Plugins/FX/Niagara/Content/DynamicInputs/Angles/Sine.uasset" 3951
"../../Plugins/FX/Niagara/Content/DynamicInputs/Divide/Divide_Float.uasset" 3952
"../../Plugins/FX/Niagara/Content/DynamicInputs/LinearColor/HueShiftLinearColor.uasset" 3953
"../../Plugins/FX/Niagara/Content/DynamicInputs/TypeConversions/MakeVector2D.uasset" 3954
"../../Plugins/FX/Niagara/Content/Functions/ChannelMasks/SelectV3Channel.uasset" 3955
"../../Plugins/FX/Niagara/Content/Functions/SimulationStageIterationInfo.uasset" 3956
"../../Plugins/FX/Niagara/Content/Enums/ENiagaraVector3_Channels.uasset" 3957
"../../../../../../Users/maria/Desktop/proyecto II/AtaqueGamba/Content/Modelos/personajes/SM_Gamba_PhysicsAsset.uasset" 3958
"../../../../../../Users/maria/Desktop/proyecto II/AtaqueGamba/Content/Modelos/personajes/SM_Gamba_Skeleton.uasset" 3959
"../../../../../../Users/maria/Desktop/proyecto II/AtaqueGamba/Content/Sonidos/Gambas.uasset" 3960
"../../../../../../Users/maria/Desktop/proyecto II/AtaqueGamba/Content/UI/Imagenes/Flipbookfondo/fondo_animado_50ms_1_Array.uasset" 3961
"../../../../../../Users/maria/Desktop/proyecto II/AtaqueGamba/Content/UI/Imagenes/guardado/FondoAmarillo.uasset" 3962
"../../../../../../Users/maria/Desktop/proyecto II/AtaqueGamba/Content/UI/Imagenes/guardado/FondoAzul.uasset" 3963
"../../../../../../Users/maria/Desktop/proyecto II/AtaqueGamba/Content/UI/Imagenes/guardado/FondoMorado.uasset" 3964
"../../../../../../Users/maria/Desktop/proyecto II/AtaqueGamba/Content/UI/Imagenes/guardado/FondoNaranja.uasset" 3965
"../../../../../../Users/maria/Desktop/proyecto II/AtaqueGamba/Content/UI/Imagenes/guardado/FondoRojo.uasset" 3966
"../../../../../../Users/maria/Desktop/proyecto II/AtaqueGamba/Content/UI/Imagenes/guardado/FondoVerde.uasset" 3967
"../../../../../../Users/maria/Desktop/proyecto II/AtaqueGamba/Content/UI/Imagenes/Flipbook/M_gambagirando.uasset" 3968
"../../../../../../Users/maria/Desktop/proyecto II/AtaqueGamba/Content/Blueprint/Blueprints/componentes/Enum/E_PantallaCarga.uasset" 3969
"../../../../../../Users/maria/Desktop/proyecto II/AtaqueGamba/Content/Sonidos/musica/MS_OhChristmastree.uasset" 3970
"../../../../../../Users/maria/Desktop/proyecto II/AtaqueGamba/Content/Sonidos/musica/MS_Tambolirero.uasset" 3971
"../../../../../../Users/maria/Desktop/proyecto II/AtaqueGamba/Content/Sonidos/musica/MS_Wewishyou.uasset" 3972
"../../../../../../Users/maria/Desktop/proyecto II/AtaqueGamba/Content/Modelos/FirstPersonArms/Character/Materials/Functions/CA_Mannequin.uasset" 3973
"../../../../../../Users/maria/Desktop/proyecto II/AtaqueGamba/Content/Modelos/FirstPersonArms/Character/Materials/Functions/MF_Diffraction.uasset" 3974
"../../../../../../Users/maria/Desktop/proyecto II/AtaqueGamba/Content/Modelos/FirstPersonArms/Character/Materials/Functions/MF_logo3layers.uasset" 3975
"../../../../../../Users/maria/Desktop/proyecto II/AtaqueGamba/Content/Modelos/FirstPersonArms/Character/Materials/Functions/ML_BaseColorFallOff.uasset" 3976
"../../../../../../Users/maria/Desktop/proyecto II/AtaqueGamba/Content/Modelos/FirstPersonArms/Character/Textures/Shared/T_UE_Logo_M.uasset" 3977
"../../../../../../Users/maria/Desktop/proyecto II/AtaqueGamba/Content/Materiales/M_Mayonesa.uasset" 3978
"../../../../../../Users/maria/Desktop/proyecto II/AtaqueGamba/Content/Modelos/armas/pistolamayonesa/Materials/Material_001.uasset" 3979
"../../../../../../Users/maria/Desktop/proyecto II/AtaqueGamba/Content/Modelos/armas/pistolamayonesa/Materials/Material_002.uasset" 3980
"../../../../../../Users/maria/Desktop/proyecto II/AtaqueGamba/Content/Sonidos/DisparoAtaque.uasset" 3981
"../../../../../../Users/maria/Desktop/proyecto II/AtaqueGamba/Content/Modelos/SM_ProyectilGambas/Materials/Material.uasset" 3982
"../../../../../../Users/maria/Desktop/proyecto II/AtaqueGamba/Content/Blueprint/Blueprints/IA/Gambas/BB_AIGambas.uasset" 3983
"../../../../../../Users/maria/Desktop/proyecto II/AtaqueGamba/Content/Blueprint/Blueprints/IA/Gambas/BTTask_ActualizarPatrulla.uasset" 3984
"../../../../../../Users/maria/Desktop/proyecto II/AtaqueGamba/Content/Blueprint/Blueprints/IA/Gambas/BTTask_EjecutarAtaque.uasset" 3985
"../../../../../../Users/maria/Desktop/proyecto II/AtaqueGamba/Content/Materiales/Texturas/perejil.uasset" 3986
"../../../../../../Users/maria/Desktop/proyecto II/AtaqueGamba/Content/Materiales/Texturas/colagamba.uasset" 3987
"../../../../../../Users/maria/Desktop/proyecto II/AtaqueGamba/Content/Materiales/Texturas/T_ajo.uasset" 3988
"../../../../../../Users/maria/Desktop/proyecto II/AtaqueGamba/Content/UI/Imagenes/Flipbookfondo/fondo_animado_50ms_1.uasset" 3989
"../../../../../../Users/maria/Desktop/proyecto II/AtaqueGamba/Content/UI/Imagenes/Flipbookfondo/fondo_animado_50ms_10.uasset" 3990
"../../../../../../Users/maria/Desktop/proyecto II/AtaqueGamba/Content/UI/Imagenes/Flipbookfondo/fondo_animado_50ms_11.uasset" 3991
"../../../../../../Users/maria/Desktop/proyecto II/AtaqueGamba/Content/UI/Imagenes/Flipbookfondo/fondo_animado_50ms_12.uasset" 3992
"../../../../../../Users/maria/Desktop/proyecto II/AtaqueGamba/Content/UI/Imagenes/Flipbookfondo/fondo_animado_50ms_13.uasset" 3993
"../../../../../../Users/maria/Desktop/proyecto II/AtaqueGamba/Content/UI/Imagenes/Flipbookfondo/fondo_animado_50ms_14.uasset" 3994
"../../../../../../Users/maria/Desktop/proyecto II/AtaqueGamba/Content/UI/Imagenes/Flipbookfondo/fondo_animado_50ms_15.uasset" 3995
"../../../../../../Users/maria/Desktop/proyecto II/AtaqueGamba/Content/UI/Imagenes/Flipbookfondo/fondo_animado_50ms_16.uasset" 3996
"../../../../../../Users/maria/Desktop/proyecto II/AtaqueGamba/Content/UI/Imagenes/Flipbookfondo/fondo_animado_50ms_17.uasset" 3997
"../../../../../../Users/maria/Desktop/proyecto II/AtaqueGamba/Content/UI/Imagenes/Flipbookfondo/fondo_animado_50ms_18.uasset" 3998
"../../../../../../Users/maria/Desktop/proyecto II/AtaqueGamba/Content/UI/Imagenes/Flipbookfondo/fondo_animado_50ms_19.uasset" 3999
"../../../../../../Users/maria/Desktop/proyecto II/AtaqueGamba/Content/UI/Imagenes/Flipbookfondo/fondo_animado_50ms_2.uasset" 4000
"../../../../../../Users/maria/Desktop/proyecto II/AtaqueGamba/Content/UI/Imagenes/Flipbookfondo/fondo_animado_50ms_20.uasset" 4001
"../../../../../../Users/maria/Desktop/proyecto II/AtaqueGamba/Content/UI/Imagenes/Flipbookfondo/fondo_animado_50ms_21.uasset" 4002
"../../../../../../Users/maria/Desktop/proyecto II/AtaqueGamba/Content/UI/Imagenes/Flipbookfondo/fondo_animado_50ms_22.uasset" 4003
"../../../../../../Users/maria/Desktop/proyecto II/AtaqueGamba/Content/UI/Imagenes/Flipbookfondo/fondo_animado_50ms_23.uasset" 4004
"../../../../../../Users/maria/Desktop/proyecto II/AtaqueGamba/Content/UI/Imagenes/Flipbookfondo/fondo_animado_50ms_24.uasset" 4005
"../../../../../../Users/maria/Desktop/proyecto II/AtaqueGamba/Content/UI/Imagenes/Flipbookfondo/fondo_animado_50ms_25.uasset" 4006
"../../../../../../Users/maria/Desktop/proyecto II/AtaqueGamba/Content/UI/Imagenes/Flipbookfondo/fondo_animado_50ms_26.uasset" 4007
"../../../../../../Users/maria/Desktop/proyecto II/AtaqueGamba/Content/UI/Imagenes/Flipbookfondo/fondo_animado_50ms_27.uasset" 4008
"../../../../../../Users/maria/Desktop/proyecto II/AtaqueGamba/Content/UI/Imagenes/Flipbookfondo/fondo_animado_50ms_28.uasset" 4009
"../../../../../../Users/maria/Desktop/proyecto II/AtaqueGamba/Content/UI/Imagenes/Flipbookfondo/fondo_animado_50ms_29.uasset" 4010
"../../../../../../Users/maria/Desktop/proyecto II/AtaqueGamba/Content/UI/Imagenes/Flipbookfondo/fondo_animado_50ms_3.uasset" 4011
"../../../../../../Users/maria/Desktop/proyecto II/AtaqueGamba/Content/UI/Imagenes/Flipbookfondo/fondo_animado_50ms_30.uasset" 4012
"../../../../../../Users/maria/Desktop/proyecto II/AtaqueGamba/Content/UI/Imagenes/Flipbookfondo/fondo_animado_50ms_31.uasset" 4013
"../../../../../../Users/maria/Desktop/proyecto II/AtaqueGamba/Content/UI/Imagenes/Flipbookfondo/fondo_animado_50ms_32.uasset" 4014
"../../../../../../Users/maria/Desktop/proyecto II/AtaqueGamba/Content/UI/Imagenes/Flipbookfondo/fondo_animado_50ms_33.uasset" 4015
"../../../../../../Users/maria/Desktop/proyecto II/AtaqueGamba/Content/UI/Imagenes/Flipbookfondo/fondo_animado_50ms_34.uasset" 4016
"../../../../../../Users/maria/Desktop/proyecto II/AtaqueGamba/Content/UI/Imagenes/Flipbookfondo/fondo_animado_50ms_35.uasset" 4017
"../../../../../../Users/maria/Desktop/proyecto II/AtaqueGamba/Content/UI/Imagenes/Flipbookfondo/fondo_animado_50ms_36.uasset" 4018
"../../../../../../Users/maria/Desktop/proyecto II/AtaqueGamba/Content/UI/Imagenes/Flipbookfondo/fondo_animado_50ms_4.uasset" 4019
"../../../../../../Users/maria/Desktop/proyecto II/AtaqueGamba/Content/UI/Imagenes/Flipbookfondo/fondo_animado_50ms_5.uasset" 4020
"../../../../../../Users/maria/Desktop/proyecto II/AtaqueGamba/Content/UI/Imagenes/Flipbookfondo/fondo_animado_50ms_6.uasset" 4021
"../../../../../../Users/maria/Desktop/proyecto II/AtaqueGamba/Content/UI/Imagenes/Flipbookfondo/fondo_animado_50ms_7.uasset" 4022
"../../../../../../Users/maria/Desktop/proyecto II/AtaqueGamba/Content/UI/Imagenes/Flipbookfondo/fondo_animado_50ms_8.uasset" 4023
"../../../../../../Users/maria/Desktop/proyecto II/AtaqueGamba/Content/UI/Imagenes/Flipbookfondo/fondo_animado_50ms_9.uasset" 4024
"../../../../../../Users/maria/Desktop/proyecto II/AtaqueGamba/Content/UI/Imagenes/Flipbook/Gambagif.uasset" 4025
"../../../../../../Users/maria/Desktop/proyecto II/AtaqueGamba/Content/Modelos/FirstPersonArms/Character/Materials/Functions/ChromaticCurve.uasset" 4026
"../../../Engine/Content/Functions/Engine_MaterialFunctions03/Texturing/SubUV_Function.uasset" 4027
"../../../../../../Users/maria/Desktop/proyecto II/AtaqueGamba/Content/Materiales/Texturas/T_Mayonesa.uasset" 4028
"../../Plugins/Interchange/Assets/Content/gltf/MaterialInstances/MI_Default_Opaque_DS.uasset" 4029
"../../Plugins/Interchange/Assets/Content/gltf/MaterialInstances/MI_ClearCoat_Blend_DS.uasset" 4030
"../../../../../../Users/maria/Desktop/proyecto II/AtaqueGamba/Content/Modelos/SM_ProyectilGambas/Textures/hielo.uasset" 4031
"../../../../../../Users/maria/Desktop/proyecto II/AtaqueGamba/Content/UI/Imagenes/Flipbook/Frame01gamba.uasset" 4032
"../../../../../../Users/maria/Desktop/proyecto II/AtaqueGamba/Content/UI/Imagenes/Flipbook/Frame02gamba.uasset" 4033
"../../../../../../Users/maria/Desktop/proyecto II/AtaqueGamba/Content/UI/Imagenes/Flipbook/Frame03gamba.uasset" 4034
"../../../../../../Users/maria/Desktop/proyecto II/AtaqueGamba/Content/UI/Imagenes/Flipbook/Frame04gamba.uasset" 4035
"../../../../../../Users/maria/Desktop/proyecto II/AtaqueGamba/Content/UI/Imagenes/Flipbook/Frame05gamba.uasset" 4036
"../../../../../../Users/maria/Desktop/proyecto II/AtaqueGamba/Content/UI/Imagenes/Flipbook/Frame06gamba.uasset" 4037
"../../../../../../Users/maria/Desktop/proyecto II/AtaqueGamba/Content/UI/Imagenes/Flipbook/Frame07gamba.uasset" 4038
"../../../../../../Users/maria/Desktop/proyecto II/AtaqueGamba/Content/UI/Imagenes/Flipbook/Frame08gamba.uasset" 4039
"../../../../../../Users/maria/Desktop/proyecto II/AtaqueGamba/Content/UI/Imagenes/Flipbook/Frame09gamba.uasset" 4040
"../../../../../../Users/maria/Desktop/proyecto II/AtaqueGamba/Content/UI/Imagenes/Flipbook/Frame10gamba.uasset" 4041
"../../../../../../Users/maria/Desktop/proyecto II/AtaqueGamba/Content/UI/Imagenes/Flipbook/Frame11gamba.uasset" 4042
"../../../../../../Users/maria/Desktop/proyecto II/AtaqueGamba/Content/UI/Imagenes/Flipbook/Frame12gamba.uasset" 4043
"../../../../../../Users/maria/Desktop/proyecto II/AtaqueGamba/Content/UI/Imagenes/Flipbook/Frame13gamba.uasset" 4044
"../../../../../../Users/maria/Desktop/proyecto II/AtaqueGamba/Content/UI/Imagenes/Flipbook/Frame14gamba.uasset" 4045
"../../../../../../Users/maria/Desktop/proyecto II/AtaqueGamba/Content/UI/Imagenes/Flipbook/Frame15gamba.uasset" 4046
"../../../../../../Users/maria/Desktop/proyecto II/AtaqueGamba/Content/UI/Imagenes/Flipbook/Frame16gamba.uasset" 4047
"../../../../../../Users/maria/Desktop/proyecto II/AtaqueGamba/Content/UI/Imagenes/Flipbook/Frame17gamba.uasset" 4048
"../../../../../../Users/maria/Desktop/proyecto II/AtaqueGamba/Content/UI/Imagenes/Flipbook/Frame18gamba.uasset" 4049
"../../../../../../Users/maria/Desktop/proyecto II/AtaqueGamba/Content/UI/Imagenes/Flipbook/Frame19gamba.uasset" 4050
"../../Plugins/Interchange/Assets/Content/gltf/M_Default.uasset" 4051
"../../Plugins/Interchange/Assets/Content/gltf/M_ClearCoat.uasset" 4052
"../../Plugins/Interchange/Assets/Content/Functions/MF_IridescenceNoLUT.uasset" 4053
"../../Plugins/Interchange/Assets/Content/gltf/MaterialBodies/MF_Default_Body.uasset" 4054
"../../Plugins/Interchange/Assets/Content/gltf/MaterialFunctions/MF_BaseColor.uasset" 4055
"../../Plugins/Interchange/Assets/Content/gltf/MaterialFunctions/MF_Emissive.uasset" 4056
"../../Plugins/Interchange/Assets/Content/gltf/MaterialFunctions/MF_IOR.uasset" 4057
"../../Plugins/Interchange/Assets/Content/gltf/MaterialFunctions/MF_Iridescence.uasset" 4058
"../../Plugins/Interchange/Assets/Content/gltf/MaterialFunctions/MF_MetallicRoughness.uasset" 4059
"../../Plugins/Interchange/Assets/Content/gltf/MaterialFunctions/MF_Normals.uasset" 4060
"../../Plugins/Interchange/Assets/Content/gltf/MaterialFunctions/MF_Occlusion.uasset" 4061
"../../Plugins/Interchange/Assets/Content/gltf/MaterialFunctions/MF_RotateNormals_TS.uasset" 4062
"../../Plugins/Interchange/Assets/Content/gltf/MaterialFunctions/MF_RotateV2.uasset" 4063
"../../Plugins/Interchange/Assets/Content/gltf/MaterialFunctions/MF_ScaleNormal.uasset" 4064
"../../Plugins/Interchange/Assets/Content/gltf/MaterialFunctions/MF_Specular.uasset" 4065
"../../Plugins/Interchange/Assets/Content/gltf/MaterialFunctions/MF_SpecularAnisotropy.uasset" 4066
"../../Plugins/Interchange/Assets/Content/gltf/MaterialFunctions/MF_TransformUVs.uasset" 4067
"../../Plugins/Interchange/Assets/Content/gltf/Textures/T_Anisotropy_Direction_Linear.uasset" 4068
"../../Plugins/Interchange/Assets/Content/gltf/Textures/T_Generic_N.uasset" 4069
"../../Plugins/Interchange/Assets/Content/gltf/Textures/T_White_Linear.uasset" 4070
"../../Plugins/Interchange/Assets/Content/gltf/Textures/T_White_srgb.uasset" 4071
"../../../Engine/Content/Functions/Engine_MaterialFunctions01/Texturing/FlattenNormal.uasset" 4072
"../../Plugins/Interchange/Assets/Content/gltf/MaterialBodies/MF_ClearCoat_Body.uasset" 4073
"../../Plugins/Interchange/Assets/Content/gltf/MaterialFunctions/MF_Clearcoat.uasset" 4074
"/Game/Blueprint/Blueprints/actores/Personajes/NPC/Enemigos/WBP_BossHealth1" 4075
"/Game/Modelos/PropsNuevos/PropsChino/CajaBaja" 4076
"/Game/Modelos/PropsNuevos/PropsChino/Box_01-256x256" 4077
"/Game/Modelos/PropsNuevos/PropsChino/CajaCarton" 4078
"/Game/Modelos/PropsNuevos/PropsChino/CajaMediana" 4079
"C:/Users/maria/Desktop/proyecto II/AtaqueGamba/Content/Modelos/PropsNuevos/PropsChino/LamparaChina1.uasset" 4080
"C:/Users/maria/Desktop/proyecto II/AtaqueGamba/Content/Modelos/PropsNuevos/PropsChino/LamparaChina.uasset" 4081
"C:/Users/maria/Desktop/proyecto II/AtaqueGamba/Content/Modelos/PropsNuevos/PropsChino/images__19_.uasset" 4082
"../../../Engine/Plugins/FX/Niagara/Content/Enums/ENiagara_SubUVLookupMode.uasset" 4083
"../../../Engine/Plugins/FX/Niagara/Content/Modules/Update/SubUV/V2/SubUVAnimation.uasset" 4084
"C:/Users/maria/Desktop/proyecto II/AtaqueGamba/Content/Sonidos/SE_Espada.uasset" 4085
"C:/Users/maria/Desktop/proyecto II/AtaqueGamba/Content/Modelos/Mayonesa/Material_003.uasset" 4086
"../../../Engine/Plugins/FX/Niagara/Content/Functions/Helpers/SetBoolByTimer.uasset" 4087
"C:/Users/maria/Desktop/proyecto II/AtaqueGamba/Content/Materiales/Texturas/I_explosion.uasset" 4088
"C:/Users/maria/Desktop/proyecto II/AtaqueGamba/Content/Blueprint/Blueprints/actores/Pickups/BP_municion.uasset" 4089
"C:/Users/maria/Desktop/proyecto II/AtaqueGamba/Content/Modelos/Mayonesa/textura-papel-rojo_1409-1342.uasset" 4090
"C:/Users/maria/Desktop/proyecto II/AtaqueGamba/Content/Blueprint/Blueprints/actores/Pickups/BP_armaMelee.uasset" 4091
"../../../Engine/Plugins/FX/Niagara/Content/Functions/RandomRangeInteger.uasset" 4092
"C:/Users/maria/Desktop/proyecto II/AtaqueGamba/Content/Modelos/Mayonesa/Material_001.uasset" 4093
"C:/Users/maria/Desktop/proyecto II/AtaqueGamba/Content/Modelos/Mayonesa/Mayonesa.uasset" 4094
"C:/Users/maria/Desktop/proyecto II/AtaqueGamba/Content/Modelos/Mayonesa/Material_002.uasset" 4095
"C:/Users/maria/Desktop/proyecto II/AtaqueGamba/Content/Modelos/Mayonesa/mayonnaise-jar.uasset" 4096
"C:/Users/maria/Desktop/proyecto II/AtaqueGamba/Content/Modelos/Mayonesa/CapitanCrispIXEL.uasset" 4097
"C:/Users/maria/Desktop/proyecto II/AtaqueGamba/Content/Materiales/M_explosion.uasset" 4098
"C:/Users/maria/Desktop/proyecto II/AtaqueGamba/Content/Blueprint/Blueprints/componentes/BP/BP_triggertexto.uasset" 4099
"../../../Engine/Plugins/FX/Niagara/Content/Enums/SpriteRenderer/ENiagara_AutomaticManual.uasset" 4100
"../../../Engine/Plugins/FX/Niagara/Content/Enums/SpriteRenderer/ENiagara_FPSPlayrate.uasset" 4101
"../../../Engine/Plugins/FX/Niagara/Content/Enums/ENiagaraMeshOrSprite.uasset" 4102
"../../../Engine/Plugins/FX/Niagara/Content/Enums/ENiagara_SubUVLookupModeV2.uasset" 4103
"C:/Users/maria/Desktop/proyecto II/AtaqueGamba/Content/Blueprint/SN/NS_Explosion.uasset" 4104
"../../../Engine/Plugins/FX/Niagara/Content/Enums/ENiagara_WrapClamp.uasset" 4105
"C:/Users/maria/Desktop/proyecto II/AtaqueGamba/Content/Materiales/M_Bombetas_amarillo.uasset" 4106
"/Game/Materiales/Texturas/I_explosion" 4107
"/Niagara/Functions/Helpers/SetBoolByTimer" 4108
"/Niagara/Enums/ENiagara_SubUVLookupMode" 4109
"/Niagara/Functions/RandomRangeInteger" 4110
"/Niagara/Modules/Update/SubUV/V2/SubUVAnimation" 4111
"/Game/Materiales/M_explosion" 4112
"/Game/Modelos/Mayonesa/CapitanCrispIXEL" 4113
"/Game/Modelos/Mayonesa/mayonnaise-jar" 4114
"/Game/Modelos/Mayonesa/textura-papel-rojo_1409-1342" 4115
"/Game/Modelos/PropsNuevos/PropsChino/HeladosLASO" 4116
"/Game/Modelos/PropsNuevos/PropsChino/fdhte" 4117
"/Game/Modelos/PropsNuevos/PropsChino/images__19_" 4118
"/Game/Modelos/Mayonesa/Material_001" 4119
"/Game/Modelos/Mayonesa/Material_002" 4120
"/Game/Modelos/Mayonesa/Material_003" 4121
"/Game/Sonidos/SE_Espada" 4122
"/Game/Modelos/PropsNuevos/PropsChino/Heladera" 4123
"/Game/Modelos/PropsNuevos/PropsChino/Helados" 4124
"/Game/Modelos/PropsNuevos/PropsChino/LamparaChina" 4125
"/Game/Modelos/Mayonesa/Mayonesa" 4126
"/Game/Blueprint/Blueprints/actores/Pickups/BP_armaMelee" 4127
"../../../../../../Users/maria/Desktop/proyecto II/AtaqueGamba/Content/Modelos/armas/espadachinos/StaticMeshes/SM_EspadaChinos.uasset" 4128
"../../../../../../Users/maria/Desktop/proyecto II/AtaqueGamba/Content/Modelos/armas/espadachinos/Materials/Material.uasset" 4129
"../../../../../../Users/maria/Desktop/proyecto II/AtaqueGamba/Content/Modelos/armas/espadachinos/Textures/Dise?o_sin_t?tulo__7_.uasset" 4130
"/Game/Modelos/PropsNuevos/PropsChino/FrigoPie" 4131
"/Game/Modelos/PropsNuevos/PropsChino/LamparaChina1" 4132
"/Game/Blueprint/Blueprints/componentes/BP/BP_triggertexto" 4133
"/Game/Blueprint/Blueprints/actores/Pickups/BP_municion" 4134
"../../../../../../Users/maria/Desktop/proyecto II/AtaqueGamba/Content/Sonidos/SE_Pickup.uasset" 4135
"/Game/Blueprint/SN/NS_Explosion" 4136
"/Game/Materiales/M_Bombetas_amarillo" 4137
"../../../../../../Users/maria/Desktop/proyecto II/AtaqueGamba/Content/Materiales/M_Bombetas.uasset" 4138
"C:/Users/maria/Desktop/proyecto II/AtaqueGamba/Content/Materiales/M_Bombetas_azul.uasset" 4139
"C:/Users/maria/Desktop/proyecto II/AtaqueGamba/Content/Materiales/M_Bombetas_rojo.uasset" 4140
"C:/Users/maria/Desktop/proyecto II/AtaqueGamba/Content/Modelos/armas/Material.uasset" 4141
"C:/Users/maria/Desktop/proyecto II/AtaqueGamba/Content/Materiales/M_Bombetas_verde.uasset" 4142
"C:/Users/maria/Desktop/proyecto II/AtaqueGamba/Content/Blueprint/Blueprints/actores/Pickups/BP_GranadaPickup.uasset" 4143
"C:/Users/maria/Desktop/proyecto II/AtaqueGamba/Content/Modelos/Chino/Grating_09-256x256.uasset" 4144
"C:/Users/maria/Desktop/proyecto II/AtaqueGamba/Content/Modelos/armas/cajabombetas/Materials/Material_001.uasset" 4145
"/Game/Materiales/M_Bombetas_azul" 4146
"C:/Users/maria/Desktop/proyecto II/AtaqueGamba/Content/Modelos/Chino/Metal_19-256x256.uasset" 4147
"C:/Users/maria/Desktop/proyecto II/AtaqueGamba/Content/Materiales/M_Bombetas_rosa.uasset" 4148
"C:/Users/maria/Desktop/proyecto II/AtaqueGamba/Content/Modelos/Chino/seamless-texture-red-cement-wall-rough-surface-floor-concrete-with-space-text-backgroundx9_661047-2043.uasset" 4149
"C:/Users/maria/Desktop/proyecto II/AtaqueGamba/Content/Modelos/Chino/ParedLaberinto.uasset" 4150
"C:/Users/maria/Desktop/proyecto II/AtaqueGamba/Content/Modelos/Chino/LaberintoDelChinotauro.uasset" 4151
"C:/Users/maria/Desktop/proyecto II/AtaqueGamba/Content/Modelos/Chino/Laberinto_001.uasset" 4152
"C:/Users/maria/Desktop/proyecto II/AtaqueGamba/Content/Modelos/Chino/LaberintoDelChinotauro1.uasset" 4153
"C:/Users/maria/Desktop/proyecto II/AtaqueGamba/Content/Modelos/Chino/Material_001.uasset" 4154
"C:/Users/maria/Desktop/proyecto II/AtaqueGamba/Content/Modelos/Chino/PuertaLaberinto.uasset" 4155
"C:/Users/maria/Desktop/proyecto II/AtaqueGamba/Content/Modelos/Chino/vector-fire-png-bonfire-on-260nw-2591637279.uasset" 4156
"C:/Users/maria/Desktop/proyecto II/AtaqueGamba/Content/Modelos/Chino/Sphere.uasset" 4157
"C:/Users/maria/Desktop/proyecto II/AtaqueGamba/Content/Blueprint/Blueprints/actores/Pickups/BP_WeaponPickup_Base.uasset" 4158
"C:/Users/maria/Desktop/proyecto II/AtaqueGamba/Content/Modelos/Chino/FalsoTecho.uasset" 4159
"C:/Users/maria/Desktop/proyecto II/AtaqueGamba/Content/Materiales/M_PostProcesado.uasset" 4160
"C:/Users/maria/Desktop/proyecto II/AtaqueGamba/Content/Modelos/Chino/Grating_24-256x256.uasset" 4161
"C:/Users/maria/Desktop/proyecto II/AtaqueGamba/Content/Modelos/Chino/techoLaberinto.uasset" 4162
"C:/Users/maria/Desktop/proyecto II/AtaqueGamba/Content/Modelos/armas/bombeta.uasset" 4163
"C:/Users/maria/Desktop/proyecto II/AtaqueGamba/Content/Modelos/armas/cajabombetas/Textures/Dise?o_sin_t?tulo__6_.uasset" 4164
"C:/Users/maria/Desktop/proyecto II/AtaqueGamba/Content/Blueprint/Blueprints/actores/Proyectiles/BP_Granada.uasset" 4165
"C:/Users/maria/Desktop/proyecto II/AtaqueGamba/Content/Sonidos/SE_Bombetas.uasset" 4166
"C:/Users/maria/Desktop/proyecto II/AtaqueGamba/Content/Modelos/Chino/ParedChino_.uasset" 4167
"C:/Users/maria/Desktop/proyecto II/AtaqueGamba/Content/Modelos/Chino/Metal_12-256x256.uasset" 4168
"C:/Users/maria/Desktop/proyecto II/AtaqueGamba/Content/Modelos/Chino/LadrilloTecho.uasset" 4169
"C:/Users/maria/Desktop/proyecto II/AtaqueGamba/Content/Modelos/Chino/Roofs_14-512x512.uasset" 4170
"/Game/Modelos/Chino/techoLaberinto" 4171
"C:/Users/maria/Desktop/proyecto II/AtaqueGamba/Content/Modelos/armas/cajabombetas/StaticMeshes/cajabombetas.uasset" 4172
"C:/Users/maria/Desktop/proyecto II/AtaqueGamba/Content/Modelos/Chino/TechoLaberinto1.uasset" 4173
"/Game/Modelos/Chino/Sphere" 4174
"/Game/Modelos/Chino/ParedChino_" 4175
"/Game/Modelos/Chino/LaberintoDelChinotauro1" 4176
"/Game/Materiales/M_PostProcesado" 4177
"/Game/Modelos/armas/cajabombetas/Materials/Material_001" 4178
"/Game/Blueprint/Blueprints/actores/Proyectiles/BP_Granada" 4179
"C:/Users/maria/Desktop/proyecto II/AtaqueGamba/Content/Modelos/Chino/SXAS.uasset" 4180
"C:/Users/maria/Desktop/proyecto II/AtaqueGamba/Content/Modelos/Chino/Ineed2vent.uasset" 4181
"C:/Users/maria/Desktop/proyecto II/AtaqueGamba/Content/Sonidos/musica/MU_FondoChino.uasset" 4182
"C:/Users/maria/Desktop/proyecto II/AtaqueGamba/Content/Modelos/Chino/Vent.uasset" 4183
"C:/Users/maria/Desktop/proyecto II/AtaqueGamba/Content/Sonidos/musica/MS_Vieja.uasset" 4184
"C:/Users/maria/Desktop/proyecto II/AtaqueGamba/Content/Mapas/Niveles/Nivel_4.umap" 4185
"C:/Users/maria/Desktop/proyecto II/AtaqueGamba/Content/Modelos/Props-Muebles/Props2/Textures/habla-del-silencio_2_2_4_2_2.uasset" 4186
"C:/Users/maria/Desktop/proyecto II/AtaqueGamba/Content/Modelos/Props-Muebles/Props2/Materials/Material_016.uasset" 4187
"C:/Users/maria/Desktop/proyecto II/AtaqueGamba/Content/Modelos/Props-Muebles/Props2/Textures/pedacitos-almendras_1368-8577__1_.uasset" 4188
"C:/Users/maria/Desktop/proyecto II/AtaqueGamba/Content/Modelos/Props-Muebles/Props2/Materials/Material_017.uasset" 4189
"C:/Users/maria/Desktop/proyecto II/AtaqueGamba/Content/Modelos/Props-Muebles/Props2/Materials/Material_022.uasset" 4190
"C:/Users/maria/Desktop/proyecto II/AtaqueGamba/Content/Modelos/Props-Muebles/Props2/Textures/Protos-Gran-Reserva-GEN?RICA.uasset" 4191
"C:/Users/maria/Desktop/proyecto II/AtaqueGamba/Content/Modelos/Props-Muebles/Props2/StaticMeshes/Cube_003.uasset" 4192
"C:/Users/maria/Desktop/proyecto II/AtaqueGamba/Content/Modelos/Props-Muebles/Props2/Textures/adwszfdergfthyg.uasset" 4193
"C:/Users/maria/Desktop/proyecto II/AtaqueGamba/Content/Modelos/Props-Muebles/Props2/StaticMeshes/Cube_055.uasset" 4194
"C:/Users/maria/Desktop/proyecto II/AtaqueGamba/Content/Modelos/Props-Muebles/Props2/StaticMeshes/BotellaLP.uasset" 4195
"C:/Users/maria/Desktop/proyecto II/AtaqueGamba/Content/Modelos/Props-Muebles/Props2/StaticMeshes/Cube_012.uasset" 4196
"C:/Users/maria/Desktop/proyecto II/AtaqueGamba/Content/Modelos/Props-Muebles/Props2/Materials/Material_005.uasset" 4197
"C:/Users/maria/Desktop/proyecto II/AtaqueGamba/Content/Modelos/Props-Muebles/Props2/StaticMeshes/Cube_010.uasset" 4198
"C:/Users/maria/Desktop/proyecto II/AtaqueGamba/Content/Modelos/Props-Muebles/Props2/StaticMeshes/Cube_040.uasset" 4199
"C:/Users/maria/Desktop/proyecto II/AtaqueGamba/Content/Modelos/Props-Muebles/Props2/Materials/Material_011.uasset" 4200
"C:/Users/maria/Desktop/proyecto II/AtaqueGamba/Content/Modelos/Props-Muebles/Props2/StaticMeshes/Armario.uasset" 4201
"/Game/Modelos/Chino/PuertaLaberinto" 4202
"/Game/Modelos/Chino/Laberinto_001" 4203
"/Game/Blueprint/Blueprints/actores/Pickups/BP_WeaponPickup_Base" 4204
"/Game/Sonidos/musica/MU_FondoChino" 4205
"/Game/Modelos/Chino/Vent" 4206
"/Game/Modelos/Chino/TechoLaberinto1" 4207
"/Game/Mapas/Niveles/Nivel_4" 4208
"../../../../../../Users/maria/Desktop/proyecto II/AtaqueGamba/Content/Mapas/Niveles/Nivel_4.umap" 4209
"/Game/Sonidos/musica/MS_Vieja" 4210
"/Game/Modelos/Props-Muebles/Props2/StaticMeshes/Armario" 4211
"../../../../../../Users/maria/Desktop/proyecto II/AtaqueGamba/Content/Modelos/Props-Muebles/Props2/Materials/MaderaOscura.uasset" 4212
"../../../../../../Users/maria/Desktop/proyecto II/AtaqueGamba/Content/Modelos/Props-Muebles/Props2/Textures/Wood_10_-_256x256.uasset" 4213
"/Game/Modelos/Props-Muebles/Props2/Textures/habla-del-silencio_2_2_4_2_2" 4214
"/Game/Modelos/Props-Muebles/Props2/Materials/Material_016" 4215
"/Game/Modelos/Props-Muebles/Props2/Textures/Protos-Gran-Reserva-GEN?RICA" 4216
"/Game/Modelos/Props-Muebles/Props2/Materials/Material_017" 4217
"/Game/Modelos/Props-Muebles/Props2/StaticMeshes/BotellaLP" 4218
"/Game/Modelos/Props-Muebles/Props2/StaticMeshes/Cube_003" 4219
"../../../../../../Users/maria/Desktop/proyecto II/AtaqueGamba/Content/Modelos/Props-Muebles/Props2/Materials/HierroSucio.uasset" 4220
"../../../../../../Users/maria/Desktop/proyecto II/AtaqueGamba/Content/Modelos/Props-Muebles/Props2/Textures/imgonline-com-ua-TextureSeamless-hC6xdpArRc3F.uasset" 4221
"/Game/Modelos/Props-Muebles/Props2/StaticMeshes/Cube_010" 4222
"../../../../../../Users/maria/Desktop/proyecto II/AtaqueGamba/Content/Modelos/Props-Muebles/Props2/Materials/Material_001.uasset" 4223
"/Game/Modelos/Props-Muebles/Props2/Materials/Material_005" 4224
"/Game/Modelos/Props-Muebles/Props2/StaticMeshes/Cube_012" 4225
"/Game/Modelos/Props-Muebles/Props2/Textures/pedacitos-almendras_1368-8577__1_" 4226
"/Game/Modelos/Props-Muebles/Props2/Materials/Material_022" 4227
"/Game/Modelos/Props-Muebles/Props2/StaticMeshes/Cube_040" 4228
"/Game/Modelos/Props-Muebles/Props2/StaticMeshes/Cube_055" 4229
"/Game/Modelos/Props-Muebles/Props2/Textures/adwszfdergfthyg" 4230
"/Game/Modelos/Props-Muebles/Props2/Materials/Material_011" 4231
"C:/Users/maria/Desktop/proyecto II/AtaqueGamba/Content/Modelos/Props-Muebles/Props2/Materials/Material_019.uasset" 4232
"C:/Users/maria/Desktop/proyecto II/AtaqueGamba/Content/Modelos/Props-Muebles/Props2/Textures/Wood_21_-_256x256.uasset" 4233
"C:/Users/maria/Desktop/proyecto II/AtaqueGamba/Content/Modelos/Props-Muebles/Props2/Materials/MaderaClara.uasset" 4234
"C:/Users/maria/Desktop/proyecto II/AtaqueGamba/Content/Modelos/Props-Muebles/Props2/Textures/Induccion.uasset" 4235
"C:/Users/maria/Desktop/proyecto II/AtaqueGamba/Content/Modelos/Props-Muebles/Props2/StaticMeshes/Cube_082.uasset" 4236
"C:/Users/maria/Desktop/proyecto II/AtaqueGamba/Content/Modelos/Props-Muebles/Props2/StaticMeshes/Cube_058.uasset" 4237
"C:/Users/maria/Desktop/proyecto II/AtaqueGamba/Content/Modelos/Props-Muebles/Props2/StaticMeshes/Cube_092.uasset" 4238
"C:/Users/maria/Desktop/proyecto II/AtaqueGamba/Content/Modelos/Props-Muebles/Props2/StaticMeshes/Cube_095.uasset" 4239
"C:/Users/maria/Desktop/proyecto II/AtaqueGamba/Content/Modelos/Props-Muebles/Props2/Materials/Material_012.uasset" 4240
"C:/Users/maria/Desktop/proyecto II/AtaqueGamba/Content/Modelos/Props-Muebles/Props2/Textures/vintage-crt-television-set-collection-260nw-2375563449.uasset" 4241
"C:/Users/maria/Desktop/proyecto II/AtaqueGamba/Content/Modelos/Props-Muebles/Props2/Materials/Material_013.uasset" 4242
"C:/Users/maria/Desktop/proyecto II/AtaqueGamba/Content/Modelos/Props-Muebles/Props2/StaticMeshes/Cube_086.uasset" 4243
"C:/Users/maria/Desktop/proyecto II/AtaqueGamba/Content/Modelos/Props-Muebles/Props2/StaticMeshes/Cube_104.uasset" 4244
"C:/Users/maria/Desktop/proyecto II/AtaqueGamba/Content/Modelos/Props-Muebles/Props2/Materials/Material_029.uasset" 4245
"C:/Users/maria/Desktop/proyecto II/AtaqueGamba/Content/Modelos/Props-Muebles/Props2/StaticMeshes/Cube_099.uasset" 4246
"C:/Users/maria/Desktop/proyecto II/AtaqueGamba/Content/Modelos/Props-Muebles/Props2/StaticMeshes/Cube_084.uasset" 4247
"C:/Users/maria/Desktop/proyecto II/AtaqueGamba/Content/Modelos/Props-Muebles/Props2/Materials/Material_003.uasset" 4248
"C:/Users/maria/Desktop/proyecto II/AtaqueGamba/Content/Modelos/Props-Muebles/Props2/Materials/Material_002.uasset" 4249
"C:/Users/maria/Desktop/proyecto II/AtaqueGamba/Content/Modelos/Props-Muebles/Props2/Textures/250px-Spyro_the_Dragon.uasset" 4250
"C:/Users/maria/Desktop/proyecto II/AtaqueGamba/Content/Modelos/Props-Muebles/Props2/Textures/WhatsApp_Image_2026-04-07_at_7_49_08_PM__1_.uasset" 4251
"C:/Users/maria/Desktop/proyecto II/AtaqueGamba/Content/Modelos/Props-Muebles/Props2/Textures/images__11_.uasset" 4252
"../../../Engine/Plugins/Interchange/Assets/Content/gltf/MaterialInstances/MI_Default_Blend_DS.uasset" 4253
"C:/Users/maria/Desktop/proyecto II/AtaqueGamba/Content/Modelos/Props-Muebles/Props2/Materials/Material_015.uasset" 4254
"C:/Users/maria/Desktop/proyecto II/AtaqueGamba/Content/Modelos/Props-Muebles/Props2/Materials/Induccion.uasset" 4255
"C:/Users/maria/Desktop/proyecto II/AtaqueGamba/Content/Modelos/Props-Muebles/Props2/StaticMeshes/Cylinder_004.uasset" 4256
"C:/Users/maria/Desktop/proyecto II/AtaqueGamba/Content/Modelos/Props-Muebles/Props2/Materials/Material_014.uasset" 4257
"C:/Users/maria/Desktop/proyecto II/AtaqueGamba/Content/Modelos/Props-Muebles/Props2/Textures/image_1587023520.uasset" 4258
"C:/Users/maria/Desktop/proyecto II/AtaqueGamba/Content/Modelos/Props-Muebles/Props2/StaticMeshes/Lamparita.uasset" 4259
"C:/Users/maria/Desktop/proyecto II/AtaqueGamba/Content/Modelos/Props-Muebles/Props2/Textures/thdxr.uasset" 4260
"C:/Users/maria/Desktop/proyecto II/AtaqueGamba/Content/Modelos/Props-Muebles/Props2/StaticMeshes/Cube_096.uasset" 4261
"C:/Users/maria/Desktop/proyecto II/AtaqueGamba/Content/Modelos/Props-Muebles/Props2/Textures/estuco-grined-fondo-agrietado_1194-7688.uasset" 4262
"C:/Users/maria/Desktop/proyecto II/AtaqueGamba/Content/Modelos/Props-Muebles/Props2/Textures/mantel-elegante-moderno-textura-tela-moda-patron-fondo-transparente_430227-897.uasset" 4263
"/Engine/EditorResources/EmptyActor" 4264
"../../../Engine/Content/EditorResources/EmptyActor.uasset" 4265
"/Engine/EditorResources/LightIcons/S_LightError" 4266
"../../../Engine/Content/EditorResources/LightIcons/S_LightError.uasset" 4267
"/Game/Modelos/Props-Muebles/Props2/Materials/Material_015" 4268
"/Game/Modelos/Props-Muebles/Props2/StaticMeshes/Lamparita" 4269
"../../../../../../Users/maria/Desktop/proyecto II/AtaqueGamba/Content/Modelos/Props-Muebles/Props2/Materials/Material_006.uasset" 4270
"../../../../../../Users/maria/Desktop/proyecto II/AtaqueGamba/Content/Modelos/Props-Muebles/Props2/Materials/Material_007.uasset" 4271
"/Game/Modelos/Props-Muebles/Props2/StaticMeshes/Cylinder_004" 4272
"/Game/Modelos/Props-Muebles/Props2/StaticMeshes/Cube_104" 4273
"/Game/Modelos/Props-Muebles/Props2/StaticMeshes/Cube_099" 4274
"/Game/Modelos/Props-Muebles/Props2/StaticMeshes/Cube_096" 4275
"/Game/Modelos/Props-Muebles/Props2/StaticMeshes/Cube_095" 4276
"/Game/Modelos/Props-Muebles/Props2/StaticMeshes/Cube_092" 4277
"/Game/Modelos/Props-Muebles/Props2/StaticMeshes/Cube_086" 4278
"/Game/Modelos/Props-Muebles/Props2/StaticMeshes/Cube_084" 4279
"/Game/Modelos/Props-Muebles/Props2/StaticMeshes/Cube_082" 4280
"/Game/Modelos/Props-Muebles/Props2/StaticMeshes/Cube_058" 4281
"C:/Users/maria/Desktop/proyecto II/AtaqueGamba/Content/Modelos/Props-Muebles/Props2/StaticMeshes/MarcoFoto.uasset" 4282
"C:/Users/maria/Desktop/proyecto II/AtaqueGamba/Content/Modelos/Props-Muebles/Props2/Materials/Material_026.uasset" 4283
"C:/Users/maria/Desktop/proyecto II/AtaqueGamba/Content/Modelos/Props-Muebles/Props2/Textures/Captura_de_pantalla_2026-03-11_004949.uasset" 4284
"C:/Users/maria/Desktop/proyecto II/AtaqueGamba/Content/Modelos/Props-Muebles/Props2/Textures/WhatsApp_Image_2026-04-07_at_7_49_08_PM.uasset" 4285
"C:/Users/maria/Desktop/proyecto II/AtaqueGamba/Content/Modelos/Props-Muebles/Props2/StaticMeshes/Microondas.uasset" 4286
"C:/Users/maria/Desktop/proyecto II/AtaqueGamba/Content/Modelos/Props-Muebles/Props2/StaticMeshes/MarcoFoto_001.uasset" 4287
"C:/Users/maria/Desktop/proyecto II/AtaqueGamba/Content/Modelos/Props-Muebles/Props2/Materials/Microondas.uasset" 4288
"C:/Users/maria/Desktop/proyecto II/AtaqueGamba/Content/Modelos/Props-Muebles/Props2/Textures/decorated-christmas-tree-texture-close-up-concept_259348-2696.uasset" 4289
"C:/Users/maria/Desktop/proyecto II/AtaqueGamba/Content/Modelos/Props-Muebles/Props2/Textures/dcfdegr.uasset" 4290
"C:/Users/maria/Desktop/proyecto II/AtaqueGamba/Content/Modelos/Props-Muebles/Props2/Materials/Material.uasset" 4291
"C:/Users/maria/Desktop/proyecto II/AtaqueGamba/Content/Modelos/Props-Muebles/Props2/StaticMeshes/Lata.uasset" 4292
"C:/Users/maria/Desktop/proyecto II/AtaqueGamba/Content/Modelos/Props-Muebles/Props2/Materials/Material_010.uasset" 4293
"C:/Users/maria/Desktop/proyecto II/AtaqueGamba/Content/Modelos/Props-Muebles/Props2/Materials/Electrodomesticos.uasset" 4294
"C:/Users/maria/Desktop/proyecto II/AtaqueGamba/Content/Modelos/Props-Muebles/Props2/StaticMeshes/Plane.uasset" 4295
"C:/Users/maria/Desktop/proyecto II/AtaqueGamba/Content/Modelos/Props-Muebles/Props2/StaticMeshes/PlatoLP.uasset" 4296
"C:/Users/maria/Desktop/proyecto II/AtaqueGamba/Content/Modelos/Props-Muebles/Props2/StaticMeshes/Sofa_002.uasset" 4297
"C:/Users/maria/Desktop/proyecto II/AtaqueGamba/Content/Modelos/Props-Muebles/Props2/Materials/Material_009.uasset" 4298
"C:/Users/maria/Desktop/proyecto II/AtaqueGamba/Content/Modelos/Props-Muebles/Props2/Textures/black-artificial-leather-sofa-with-rivets-texture-for-background-photo.uasset" 4299
"C:/Users/maria/Desktop/proyecto II/AtaqueGamba/Content/Modelos/Props-Muebles/Props2/Textures/Lavadora.uasset" 4300
"C:/Users/maria/Desktop/proyecto II/AtaqueGamba/Content/Modelos/PropsNuevos/PropsPiso+/Armario.uasset" 4301
"C:/Users/maria/Desktop/proyecto II/AtaqueGamba/Content/Modelos/PropsNuevos/PropsPiso+/DoorsMetalDouble0148_350.uasset" 4302
"C:/Users/maria/Desktop/proyecto II/AtaqueGamba/Content/Modelos/PropsNuevos/PropsPiso+/Ascensor.uasset" 4303
"C:/Users/maria/Desktop/proyecto II/AtaqueGamba/Content/Modelos/PropsNuevos/PropsPiso+/PuertaAscensor.uasset" 4304
"C:/Users/maria/Desktop/proyecto II/AtaqueGamba/Content/Modelos/Props-Muebles/Props2/StaticMeshes/VasoLP.uasset" 4305
"C:/Users/maria/Desktop/proyecto II/AtaqueGamba/Content/Modelos/PropsNuevos/PropsPiso+/Cama.uasset" 4306
"C:/Users/maria/Desktop/proyecto II/AtaqueGamba/Content/Modelos/PropsNuevos/PropsPiso+/Cajoneras.uasset" 4307
"C:/Users/maria/Desktop/proyecto II/AtaqueGamba/Content/Modelos/PropsNuevos/PropsPiso+/Horno.uasset" 4308
"C:/Users/maria/Desktop/proyecto II/AtaqueGamba/Content/Modelos/PropsNuevos/PropsPiso+/images__21_.uasset" 4309
"C:/Users/maria/Desktop/proyecto II/AtaqueGamba/Content/Modelos/PropsNuevos/PropsPiso+/Cocina.uasset" 4310
"/Game/Modelos/PropsNuevos/PropsPiso+/Ascensor" 4311
"C:/Users/maria/Desktop/proyecto II/AtaqueGamba/Content/Modelos/PropsNuevos/PropsPiso+/CortinaBano.uasset" 4312
"C:/Users/maria/Desktop/proyecto II/AtaqueGamba/Content/Modelos/PropsNuevos/PropsPiso+/Cocina1.uasset" 4313
"C:/Users/maria/Desktop/proyecto II/AtaqueGamba/Content/Modelos/PropsNuevos/PropsPiso+/Cuchara.uasset" 4314
"/Game/Modelos/PropsNuevos/PropsPiso+/Armario" 4315
"../../../../../../Users/maria/Desktop/proyecto II/AtaqueGamba/Content/Modelos/PropsNuevos/PropsPiso+/Madera1.uasset" 4316
"../../../../../../Users/maria/Desktop/proyecto II/AtaqueGamba/Content/Modelos/PropsNuevos/PropsPiso+/Wood_21_-_256x256.uasset" 4317
"/Game/Modelos/Props-Muebles/Props2/StaticMeshes/VasoLP" 4318
"/Game/Modelos/Props-Muebles/Props2/StaticMeshes/Sofa_002" 4319
"/Game/Modelos/Props-Muebles/Props2/StaticMeshes/PlatoLP" 4320
"/Game/Modelos/Props-Muebles/Props2/StaticMeshes/Plane" 4321
"/Game/Modelos/Props-Muebles/Props2/StaticMeshes/Microondas" 4322
"/Game/Modelos/Props-Muebles/Props2/StaticMeshes/MarcoFoto_001" 4323
"/Game/Modelos/Props-Muebles/Props2/StaticMeshes/MarcoFoto" 4324
"/Game/Modelos/Props-Muebles/Props2/StaticMeshes/Lata" 4325
"C:/Users/maria/Desktop/proyecto II/AtaqueGamba/Content/Modelos/PropsNuevos/PropsPiso+/CortinaBano1.uasset" 4326
"C:/Users/maria/Desktop/proyecto II/AtaqueGamba/Content/Modelos/PropsNuevos/PropsPiso+/Ducha.uasset" 4327
"C:/Users/maria/Desktop/proyecto II/AtaqueGamba/Content/Modelos/PropsNuevos/PropsPiso+/image_1587023520.uasset" 4328
"C:/Users/maria/Desktop/proyecto II/AtaqueGamba/Content/Modelos/PropsNuevos/PropsPiso+/Espejo.uasset" 4329
"C:/Users/maria/Desktop/proyecto II/AtaqueGamba/Content/Modelos/PropsNuevos/PropsPiso+/Lavadfora.uasset" 4330
"C:/Users/maria/Desktop/proyecto II/AtaqueGamba/Content/Modelos/PropsNuevos/PropsPiso+/Lavabo.uasset" 4331
"C:/Users/maria/Desktop/proyecto II/AtaqueGamba/Content/Modelos/PropsNuevos/PropsPiso+/depositphotos_82355250-stock-illustration-lace-pattern-seamless-background.uasset" 4332
"C:/Users/maria/Desktop/proyecto II/AtaqueGamba/Content/Modelos/PropsNuevos/PropsPiso+/ABUELAMANTEL.uasset" 4333
"C:/Users/maria/Desktop/proyecto II/AtaqueGamba/Content/Modelos/PropsNuevos/PropsPiso+/Lata.uasset" 4334
"C:/Users/maria/Desktop/proyecto II/AtaqueGamba/Content/Modelos/PropsNuevos/PropsPiso+/Lavadora1.uasset" 4335
"C:/Users/maria/Desktop/proyecto II/AtaqueGamba/Content/Modelos/PropsNuevos/PropsPiso+/Cervesa.uasset" 4336
"C:/Users/maria/Desktop/proyecto II/AtaqueGamba/Content/Modelos/PropsNuevos/PropsPiso+/Marmol.uasset" 4337
"C:/Users/maria/Desktop/proyecto II/AtaqueGamba/Content/Modelos/PropsNuevos/PropsPiso+/MesaGrande.uasset" 4338
"C:/Users/maria/Desktop/proyecto II/AtaqueGamba/Content/Modelos/PropsNuevos/PropsPiso+/Stone_13-256x256.uasset" 4339
"C:/Users/maria/Desktop/proyecto II/AtaqueGamba/Content/Modelos/PropsNuevos/PropsPiso+/Lavadora.uasset" 4340
"C:/Users/maria/Desktop/proyecto II/AtaqueGamba/Content/Modelos/PropsNuevos/PropsPiso+/MesaCamilla.uasset" 4341
"C:/Users/maria/Desktop/proyecto II/AtaqueGamba/Content/Modelos/PropsNuevos/PropsPiso+/Oro.uasset" 4342
"C:/Users/maria/Desktop/proyecto II/AtaqueGamba/Content/Modelos/PropsNuevos/PropsPiso+/MesaLisa.uasset" 4343
"C:/Users/maria/Desktop/proyecto II/AtaqueGamba/Content/Modelos/PropsNuevos/PropsPiso+/Nevera.uasset" 4344
"/Game/Modelos/PropsNuevos/PropsPiso+/CortinaBano" 4345
"C:/Users/maria/Desktop/proyecto II/AtaqueGamba/Content/Modelos/PropsNuevos/PropsPiso+/mtb1956q.uasset" 4346
"C:/Users/maria/Desktop/proyecto II/AtaqueGamba/Content/Modelos/PropsNuevos/PropsPiso+/Mesita.uasset" 4347
"C:/Users/maria/Desktop/proyecto II/AtaqueGamba/Content/Modelos/PropsNuevos/PropsPiso+/Frigo.uasset" 4348
"C:/Users/maria/Desktop/proyecto II/AtaqueGamba/Content/Modelos/PropsNuevos/PropsPiso+/Madera2.uasset" 4349
"C:/Users/maria/Desktop/proyecto II/AtaqueGamba/Content/Modelos/PropsNuevos/PropsPiso+/Wood_15-512x512.uasset" 4350
"/Game/Modelos/PropsNuevos/PropsPiso+/Cuchara" 4351
"../../../../../../Users/maria/Desktop/proyecto II/AtaqueGamba/Content/Modelos/PropsNuevos/PropsPiso+/Metal.uasset" 4352
"../../../../../../Users/maria/Desktop/proyecto II/AtaqueGamba/Content/Modelos/PropsNuevos/PropsPiso+/Metal_20-256x256.uasset" 4353
"/Game/Modelos/PropsNuevos/PropsPiso+/Cocina1" 4354
"/Game/Modelos/PropsNuevos/PropsPiso+/Cama" 4355
"../../../../../../Users/maria/Desktop/proyecto II/AtaqueGamba/Content/Modelos/PropsNuevos/PropsPiso+/Almohada.uasset" 4356
"../../../../../../Users/maria/Desktop/proyecto II/AtaqueGamba/Content/Modelos/PropsNuevos/PropsPiso+/white-crumpled-bed-sheet-closeup-from-above.uasset" 4357
"/Game/Modelos/PropsNuevos/PropsPiso+/MesaGrande" 4358
"/Game/Modelos/PropsNuevos/PropsPiso+/MesaCamilla" 4359
"/Game/Modelos/PropsNuevos/PropsPiso+/Lavadora1" 4360
"/Game/Modelos/PropsNuevos/PropsPiso+/Lavabo" 4361
"/Game/Modelos/PropsNuevos/PropsPiso+/Lata" 4362
"/Game/Modelos/PropsNuevos/PropsPiso+/Ducha" 4363
"C:/Users/maria/Desktop/proyecto II/AtaqueGamba/Content/Modelos/PropsNuevos/PropsPiso+/Puerta.uasset" 4364
"C:/Users/maria/Desktop/proyecto II/AtaqueGamba/Content/Modelos/PropsNuevos/PropsPiso+/Tenedor_001.uasset" 4365
"C:/Users/maria/Desktop/proyecto II/AtaqueGamba/Content/Modelos/CasaFinal+PisoVieja/Concrete_ambient2_Mat.uasset" 4366
"C:/Users/maria/Desktop/proyecto II/AtaqueGamba/Content/Modelos/CasaFinal+PisoVieja/cARTELpiso.uasset" 4367
"C:/Users/maria/Desktop/proyecto II/AtaqueGamba/Content/Modelos/PropsNuevos/PropsPiso+/Cortinas.uasset" 4368
"C:/Users/maria/Desktop/proyecto II/AtaqueGamba/Content/Modelos/PropsNuevos/PropsPiso+/Ventana1.uasset" 4369
"C:/Users/maria/Desktop/proyecto II/AtaqueGamba/Content/Modelos/CasaFinal+PisoVieja/Madera2.uasset" 4370
"C:/Users/maria/Desktop/proyecto II/AtaqueGamba/Content/Modelos/PropsNuevos/PropsPiso+/VentanaGamBAZ.uasset" 4371
"/Game/Modelos/PropsNuevos/PropsPiso+/Oro" 4372
"C:/Users/maria/Desktop/proyecto II/AtaqueGamba/Content/Modelos/CasaFinal+PisoVieja/PapelBeige.uasset" 4373
"C:/Users/maria/Desktop/proyecto II/AtaqueGamba/Content/Modelos/PropsNuevos/PropsPiso+/Ventana.uasset" 4374
"C:/Users/maria/Desktop/proyecto II/AtaqueGamba/Content/Modelos/CasaFinal+PisoVieja/Tile_19-512x512.uasset" 4375
"C:/Users/maria/Desktop/proyecto II/AtaqueGamba/Content/Modelos/CasaFinal+PisoVieja/Concrete_ambient2.uasset" 4376
"C:/Users/maria/Desktop/proyecto II/AtaqueGamba/Content/Modelos/CasaFinal+PisoVieja/SDGVDRH.uasset" 4377
"C:/Users/maria/Desktop/proyecto II/AtaqueGamba/Content/Modelos/CasaFinal+PisoVieja/Paredes.uasset" 4378
"C:/Users/maria/Desktop/proyecto II/AtaqueGamba/Content/Modelos/PropsNuevos/PropsPiso+/Tenedor.uasset" 4379
"C:/Users/maria/Desktop/proyecto II/AtaqueGamba/Content/Modelos/CasaFinal+PisoVieja/images__20_.uasset" 4380
"C:/Users/maria/Desktop/proyecto II/AtaqueGamba/Content/Modelos/CasaFinal+PisoVieja/Wood_15-512x512.uasset" 4381
"C:/Users/maria/Desktop/proyecto II/AtaqueGamba/Content/Modelos/CasaFinal+PisoVieja/ParedAZulejos.uasset" 4382
"C:/Users/maria/Desktop/proyecto II/AtaqueGamba/Content/Modelos/PropsNuevos/PropsPiso+/Cloth_03-256x256.uasset" 4383
"C:/Users/maria/Desktop/proyecto II/AtaqueGamba/Content/Modelos/PropsNuevos/PropsPiso+/Vater.uasset" 4384
"C:/Users/maria/Desktop/proyecto II/AtaqueGamba/Content/Modelos/CasaFinal+PisoVieja/Lasa?a.uasset" 4385
"C:/Users/maria/Desktop/proyecto II/AtaqueGamba/Content/Modelos/CasaFinal+PisoVieja/Wood_21_-_256x256.uasset" 4386
"C:/Users/maria/Desktop/proyecto II/AtaqueGamba/Content/Modelos/CasaFinal+PisoVieja/Madera1.uasset" 4387
"C:/Users/maria/Desktop/proyecto II/AtaqueGamba/Content/Modelos/CasaFinal+PisoVieja/Oro.uasset" 4388
"/Game/Modelos/PropsNuevos/PropsPiso+/Madera2" 4389
"/Game/Modelos/PropsNuevos/PropsPiso+/Nevera" 4390
"/Game/Modelos/PropsNuevos/PropsPiso+/Mesita" 4391
"/Game/Modelos/PropsNuevos/PropsPiso+/MesaLisa" 4392
"C:/Users/maria/Desktop/proyecto II/AtaqueGamba/Content/Modelos/CasaFinal+PisoVieja/PasilloExt.uasset" 4393
"C:/Users/maria/Desktop/proyecto II/AtaqueGamba/Content/Modelos/CasaFinal+PisoVieja/SueloCocina.uasset" 4394
"C:/Users/maria/Desktop/proyecto II/AtaqueGamba/Content/Modelos/CasaFinal+PisoVieja/Tile_11-512x512.uasset" 4395
"C:/Users/maria/Desktop/proyecto II/AtaqueGamba/Content/Modelos/CasaFinal+PisoVieja/SueloCasa.uasset" 4396
"/Game/Modelos/CasaFinal+PisoVieja/PapelBeige" 4397
"C:/Users/maria/Desktop/proyecto II/AtaqueGamba/Content/Modelos/CasaFinal+PisoVieja/SueloPasilloExt.uasset" 4398
"C:/Users/maria/Desktop/proyecto II/AtaqueGamba/Content/Modelos/CasaFinal+PisoVieja/TechoPiso.uasset" 4399
"C:/Users/maria/Desktop/proyecto II/AtaqueGamba/Content/Modelos/CasaFinal+PisoVieja/Parque.uasset" 4400
"C:/Users/maria/Desktop/proyecto II/AtaqueGamba/Content/Modelos/CasaFinal+PisoVieja/Tile_07-512x512.uasset" 4401
"/Game/Modelos/CasaFinal+PisoVieja/ParedAZulejos" 4402
"/Game/Modelos/CasaFinal+PisoVieja/Oro" 4403
"/Game/Modelos/CasaFinal+PisoVieja/Madera2" 4404
"/Game/Modelos/CasaFinal+PisoVieja/Concrete_ambient2" 4405
"/Game/Modelos/CasaFinal+PisoVieja/Paredes" 4406
"/Game/Modelos/CasaFinal+PisoVieja/Madera1" 4407
"/Game/Modelos/CasaFinal+PisoVieja/Lasa?a" 4408
"/Game/Modelos/CasaFinal+PisoVieja/cARTELpiso" 4409
"/Game/Modelos/CasaFinal+PisoVieja/Concrete_ambient2_Mat" 4410
"/Game/Modelos/PropsNuevos/PropsPiso+/Ventana1" 4411
"/Game/Modelos/PropsNuevos/PropsPiso+/Vater" 4412
"/Game/Modelos/PropsNuevos/PropsPiso+/Tenedor_001" 4413
"/Game/Modelos/PropsNuevos/PropsPiso+/Tenedor" 4414
"/Game/Modelos/PropsNuevos/PropsPiso+/Puerta" 4415
"C:/Users/maria/Desktop/proyecto II/AtaqueGamba/Content/Modelos/CasaFinal+PisoVieja/Piso.uasset" 4416
"C:/Users/maria/Desktop/proyecto II/AtaqueGamba/Content/Mapas/Niveles/Nivel_2.umap" 4417
"C:/Users/maria/Desktop/proyecto II/AtaqueGamba/Content/Modelos/CasaFinal+PisoVieja/TechoCasa.uasset" 4418
"C:/Users/maria/Desktop/proyecto II/AtaqueGamba/Content/Modelos/PropsNuevos/Plantas+PC/PlantasYpc/Materials/Material_002.uasset" 4419
"C:/Users/maria/Desktop/proyecto II/AtaqueGamba/Content/UI/Imagenes/I_Tienda.uasset" 4420
"C:/Users/maria/Desktop/proyecto II/AtaqueGamba/Content/Sonidos/musica/MS_Nivel1.uasset" 4421
"C:/Users/maria/Desktop/proyecto II/AtaqueGamba/Content/Modelos/PropsNuevos/Plantas+PC/PlantasYpc/Textures/outdated-yellowed-system-unit-personal-260nw-1960165552.uasset" 4422
"C:/Users/maria/Desktop/proyecto II/AtaqueGamba/Content/Modelos/CasaFinal+PisoVieja/Material.uasset" 4423
"C:/Users/maria/Desktop/proyecto II/AtaqueGamba/Content/UI/Interfaces/HUD/UI_Interact.uasset" 4424
"/Game/Modelos/CasaFinal+PisoVieja/TechoPiso" 4425
"C:/Users/maria/Desktop/proyecto II/AtaqueGamba/Content/Mapas/Niveles/Nivel_1.umap" 4426
"C:/Users/maria/Desktop/proyecto II/AtaqueGamba/Content/Modelos/PisoDef/Material_006.uasset" 4427
"C:/Users/maria/Desktop/proyecto II/AtaqueGamba/Content/Modelos/PropsNuevos/Plantas+PC/PlantasYpc/Materials/TorrePC.uasset" 4428
"C:/Users/maria/Desktop/proyecto II/AtaqueGamba/Content/Modelos/PropsNuevos/Plantas+PC/PlantasYpc/Textures/pngtree-old-computer-monitor-screen-png-image_10684473.uasset" 4429
"C:/Users/maria/Desktop/proyecto II/AtaqueGamba/Content/Modelos/PisoDef/Porta.uasset" 4430
"C:/Users/maria/Desktop/proyecto II/AtaqueGamba/Content/Blueprint/Blueprints/actores/Interact/BP_puerta.uasset" 4431
"C:/Users/maria/Desktop/proyecto II/AtaqueGamba/Content/Modelos/PropsNuevos/Plantas+PC/PlantasYpc/StaticMeshes/LaPese.uasset" 4432
"C:/Users/maria/Desktop/proyecto II/AtaqueGamba/Content/Modelos/PisoDef/Dorado1.uasset" 4433
"C:/Users/maria/Desktop/proyecto II/AtaqueGamba/Content/UI/Imagenes/Windo.uasset" 4434
"C:/Users/maria/Desktop/proyecto II/AtaqueGamba/Content/UI/WBP_Tienda.uasset" 4435
"C:/Users/maria/Desktop/proyecto II/AtaqueGamba/Content/Modelos/PropsNuevos/Plantas+PC/PlantasYpc/Materials/Material_003.uasset" 4436
"C:/Users/maria/Desktop/proyecto II/AtaqueGamba/Content/Blueprint/Blueprints/componentes/BP_tienda.uasset" 4437
"C:/Users/maria/Desktop/proyecto II/AtaqueGamba/Content/Modelos/PropsNuevos/Plantas+PC/PlantasYpc/Textures/DASD.uasset" 4438
"C:/Users/maria/Desktop/proyecto II/AtaqueGamba/Content/Modelos/PisoDef/Wood_22_-_256x256.uasset" 4439
"C:/Users/maria/Desktop/proyecto II/AtaqueGamba/Content/Modelos/PisoDef/Dorado.uasset" 4440
"/Game/Modelos/CasaFinal+PisoVieja/SueloPasilloExt" 4441
"/Game/Modelos/CasaFinal+PisoVieja/SueloCocina" 4442
"/Game/Modelos/CasaFinal+PisoVieja/SueloCasa" 4443
"/Game/Modelos/CasaFinal+PisoVieja/PasilloExt" 4444
"C:/Users/maria/Desktop/proyecto II/AtaqueGamba/Content/Modelos/Props-Muebles/Props2/StaticMeshes/Almohada.uasset" 4445
"C:/Users/maria/Desktop/proyecto II/AtaqueGamba/Content/Modelos/Props-Muebles/Props2/Materials/Material_024.uasset" 4446
"C:/Users/maria/Desktop/proyecto II/AtaqueGamba/Content/Modelos/Props-Muebles/Props2/StaticMeshes/Armario_002.uasset" 4447
"C:/Users/maria/Desktop/proyecto II/AtaqueGamba/Content/Modelos/Props-Muebles/Props2/Textures/G_5815_SCi_XXL.uasset" 4448
"/Game/Blueprint/Blueprints/actores/Interact/BP_puerta" 4449
"C:/Users/maria/Desktop/proyecto II/AtaqueGamba/Content/Modelos/Props-Muebles/Props2/Textures/tela_lycra_terciopelo_morado-1.uasset" 4450
"C:/Users/maria/Desktop/proyecto II/AtaqueGamba/Content/Modelos/Props-Muebles/Props2/StaticMeshes/Cajoneras_003.uasset" 4451
"C:/Users/maria/Desktop/proyecto II/AtaqueGamba/Content/Modelos/Props-Muebles/Props2/Textures/Wood_20_-_256x256.uasset" 4452
"C:/Users/maria/Desktop/proyecto II/AtaqueGamba/Content/Modelos/Props-Muebles/Props2/Materials/Material_025.uasset" 4453
"/Game/Mapas/Niveles/Nivel_1" 4454
"../../../../../../Users/maria/Desktop/proyecto II/AtaqueGamba/Content/Mapas/Niveles/Nivel_1.umap" 4455
"/Game/Mapas/Niveles/Nivel_2" 4456
"../../../../../../Users/maria/Desktop/proyecto II/AtaqueGamba/Content/Mapas/Niveles/Nivel_2.umap" 4457
"C:/Users/maria/Desktop/proyecto II/AtaqueGamba/Content/Modelos/Props-Muebles/Props2/Materials/Material_021.uasset" 4458
"C:/Users/maria/Desktop/proyecto II/AtaqueGamba/Content/Modelos/Props-Muebles/Props2/Materials/Material_020.uasset" 4459
"C:/Users/maria/Desktop/proyecto II/AtaqueGamba/Content/Modelos/Props-Muebles/Props2/Textures/velvet-upholstery-quilted-fabric-texture-in-charcoal-grey.uasset" 4460
"C:/Users/maria/Desktop/proyecto II/AtaqueGamba/Content/Modelos/Props-Muebles/Props2/StaticMeshes/Cylinder_001.uasset" 4461
"C:/Users/maria/Desktop/proyecto II/AtaqueGamba/Content/Modelos/Props-Muebles/Props2/Textures/depositphotos_82355250-stock-illustration-lace-pattern-seamless-background.uasset" 4462
"C:/Users/maria/Desktop/proyecto II/AtaqueGamba/Content/Modelos/Props-Muebles/Props2/StaticMeshes/Cama.uasset" 4463
"C:/Users/maria/Desktop/proyecto II/AtaqueGamba/Content/Modelos/PisoDef/AzulejoCocina.uasset" 4464
"/Game/Modelos/Props-Muebles/Props2/Textures/tela_lycra_terciopelo_morado-1" 4465
"C:/Users/maria/Desktop/proyecto II/AtaqueGamba/Content/Modelos/Props-Muebles/Props2/StaticMeshes/Escritorio_001.uasset" 4466
"C:/Users/maria/Desktop/proyecto II/AtaqueGamba/Content/Modelos/PisoDef/Material.uasset" 4467
"C:/Users/maria/Desktop/proyecto II/AtaqueGamba/Content/Modelos/PisoDef/Tile_2_-_256x256.uasset" 4468
"C:/Users/maria/Desktop/proyecto II/AtaqueGamba/Content/Modelos/Props-Muebles/Props2/StaticMeshes/Mesita.uasset" 4469
"C:/Users/maria/Desktop/proyecto II/AtaqueGamba/Content/Modelos/Props-Muebles/Props2/StaticMeshes/Lavadora.uasset" 4470
"C:/Users/maria/Desktop/proyecto II/AtaqueGamba/Content/Modelos/Props-Muebles/Props2/StaticMeshes/Cosa.uasset" 4471
"C:/Users/maria/Desktop/proyecto II/AtaqueGamba/Content/Modelos/Props-Muebles/Props2/StaticMeshes/Nevera.uasset" 4472
"C:/Users/maria/Desktop/proyecto II/AtaqueGamba/Content/Modelos/PisoDef/Material_001.uasset" 4473
"C:/Users/maria/Desktop/proyecto II/AtaqueGamba/Content/Modelos/Props-Muebles/Props2/StaticMeshes/SillaHab.uasset" 4474
"C:/Users/maria/Desktop/proyecto II/AtaqueGamba/Content/Modelos/PisoDef/Suelo.uasset" 4475
"C:/Users/maria/Desktop/proyecto II/AtaqueGamba/Content/Modelos/Props-Muebles/Props2/StaticMeshes/TENEDORRRR.uasset" 4476
"C:/Users/maria/Desktop/proyecto II/AtaqueGamba/Content/Modelos/Props-Muebles/Props2/StaticMeshes/Cama_003.uasset" 4477
"C:/Users/maria/Desktop/proyecto II/AtaqueGamba/Content/Modelos/Props-Muebles/Props2/Materials/Material_018.uasset" 4478
"C:/Users/maria/Desktop/proyecto II/AtaqueGamba/Content/Modelos/Props-Muebles/Props2/StaticMeshes/Lampara.uasset" 4479
"C:/Users/maria/Desktop/proyecto II/AtaqueGamba/Content/Modelos/PisoDef/Wood_16_-_256x256.uasset" 4480
"C:/Users/maria/Desktop/proyecto II/AtaqueGamba/Content/Modelos/PisoDef/MaderaOscuraNueva.uasset" 4481
"C:/Users/maria/Desktop/proyecto II/AtaqueGamba/Content/Modelos/PisoDef/Tile_13_-_256x256.uasset" 4482
"/Game/Modelos/Props-Muebles/Props2/StaticMeshes/Cajoneras_003" 4483
"/Game/Modelos/Props-Muebles/Props2/StaticMeshes/Armario_002" 4484
"C:/Users/maria/Desktop/proyecto II/AtaqueGamba/Content/Modelos/PisoDef/Metal.uasset" 4485
"C:/Users/maria/Desktop/proyecto II/AtaqueGamba/Content/Modelos/PisoDef/Wood_9_-_256x256.uasset" 4486
"/Game/Modelos/PisoDef/Material_001" 4487
"C:/Users/maria/Desktop/proyecto II/AtaqueGamba/Content/Modelos/PisoVieja/DoorsMetalDouble0148_350.uasset" 4488
"C:/Users/maria/Desktop/proyecto II/AtaqueGamba/Content/Modelos/PisoDef/HierroSusio.uasset" 4489
"C:/Users/maria/Desktop/proyecto II/AtaqueGamba/Content/Modelos/PisoDef/Casa.uasset" 4490
"C:/Users/maria/Desktop/proyecto II/AtaqueGamba/Content/Modelos/PisoVieja/Material_007.uasset" 4491
"C:/Users/maria/Desktop/proyecto II/AtaqueGamba/Content/Modelos/PisoDef/ParedMadera.uasset" 4492
"/Game/Modelos/PisoDef/Material" 4493
"/Game/Modelos/PisoDef/MaderaOscuraNueva" 4494
"/Game/Modelos/PisoDef/AzulejoCocina" 4495
"/Game/Modelos/Props-Muebles/Props2/StaticMeshes/TENEDORRRR" 4496
"/Game/Modelos/Props-Muebles/Props2/StaticMeshes/SillaHab" 4497
"/Game/Modelos/Props-Muebles/Props2/StaticMeshes/Nevera" 4498
"/Game/Modelos/Props-Muebles/Props2/StaticMeshes/Mesita" 4499
"/Game/Modelos/Props-Muebles/Props2/StaticMeshes/Lavadora" 4500
"/Game/Modelos/Props-Muebles/Props2/StaticMeshes/Lampara" 4501
"/Game/Modelos/Props-Muebles/Props2/StaticMeshes/Escritorio_001" 4502
"/Game/Modelos/Props-Muebles/Props2/StaticMeshes/Cylinder_001" 4503
"/Game/Modelos/Props-Muebles/Props2/StaticMeshes/Cosa" 4504
"/Game/Modelos/Props-Muebles/Props2/StaticMeshes/Cama_003" 4505
"/Game/Modelos/Props-Muebles/Props2/StaticMeshes/Almohada" 4506
"/Game/Modelos/Props-Muebles/Props2/StaticMeshes/Cama" 4507
"C:/Users/maria/Desktop/proyecto II/AtaqueGamba/Content/Modelos/PisoVieja/Casa_001.uasset" 4508
"C:/Users/maria/Desktop/proyecto II/AtaqueGamba/Content/Modelos/PisoVieja/MaderaOscuraNueva.uasset" 4509
"C:/Users/maria/Desktop/proyecto II/AtaqueGamba/Content/Modelos/PisoVieja/Tile_13_-_256x256.uasset" 4510
"C:/Users/maria/Desktop/proyecto II/AtaqueGamba/Content/Modelos/PisoVieja/Wood_16_-_256x256.uasset" 4511
"C:/Users/maria/Desktop/proyecto II/AtaqueGamba/Content/Modelos/PisoVieja/AzulejoCocina.uasset" 4512
"C:/Users/maria/Desktop/proyecto II/AtaqueGamba/Content/Modelos/PisoVieja/Material_003.uasset" 4513
"C:/Users/maria/Desktop/proyecto II/AtaqueGamba/Content/Modelos/PisoVieja/Pasillo.uasset" 4514
"C:/Users/maria/Desktop/proyecto II/AtaqueGamba/Content/Modelos/PisoVieja/Suelo.uasset" 4515
"C:/Users/maria/Desktop/proyecto II/AtaqueGamba/Content/Modelos/PisoVieja/Material_001.uasset" 4516
"C:/Users/maria/Desktop/proyecto II/AtaqueGamba/Content/Modelos/PisoVieja/bbe33ce072ef35cdbe28e1f501964023_specular.uasset" 4517
"C:/Users/maria/Desktop/proyecto II/AtaqueGamba/Content/Modelos/PisoVieja/bbe33ce072ef35cdbe28e1f501964023_normal.uasset" 4518
"C:/Users/maria/Desktop/proyecto II/AtaqueGamba/Content/Modelos/PisoVieja/bbe33ce072ef35cdbe28e1f501964023.uasset" 4519
"/Game/Modelos/PisoVieja/Material_007" 4520
"C:/Users/maria/Desktop/proyecto II/AtaqueGamba/Content/Modelos/PisoVieja/Wood_9_-_256x256.uasset" 4521
"C:/Users/maria/Desktop/proyecto II/AtaqueGamba/Content/Modelos/PisoVieja/Rubble.uasset" 4522
"C:/Users/maria/Desktop/proyecto II/AtaqueGamba/Content/Modelos/PisoVieja/bbe33ce072ef35cdbe28e1f501964023_ambient.uasset" 4523
"C:/Users/maria/Desktop/proyecto II/AtaqueGamba/Content/Modelos/PisoVieja/Gotele.uasset" 4524
"C:/Users/maria/Desktop/proyecto II/AtaqueGamba/Content/Modelos/PisoVieja/HierroSusio.uasset" 4525
"C:/Users/maria/Desktop/proyecto II/AtaqueGamba/Content/Modelos/PisoVieja/Tile_2_-_256x256.uasset" 4526
"C:/Users/maria/Desktop/proyecto II/AtaqueGamba/Content/Modelos/PisoVieja/bbe33ce072ef35cdbe28e1f501964023_displacement.uasset" 4527
"C:/Users/maria/Desktop/proyecto II/AtaqueGamba/Content/Modelos/PisoVieja/Metal.uasset" 4528
"C:/Users/maria/Desktop/proyecto II/AtaqueGamba/Content/Modelos/PisoVieja/Tile_15_-_256x256.uasset" 4529
"C:/Users/maria/Desktop/proyecto II/AtaqueGamba/Content/Modelos/PisoVieja/Material.uasset" 4530
"C:/Users/maria/Desktop/proyecto II/AtaqueGamba/Content/Modelos/PisoVieja/Gotele1.uasset" 4531
"C:/Users/maria/Desktop/proyecto II/AtaqueGamba/Content/Modelos/PisoVieja/Concrete_ambient2.uasset" 4532
"C:/Users/maria/Desktop/proyecto II/AtaqueGamba/Content/Modelos/PisoVieja/ParedMadera.uasset" 4533
"/Game/Modelos/PisoDef/Casa" 4534
"/Game/Modelos/PisoVieja/Casa_001" 4535
"C:/Users/maria/Desktop/proyecto II/AtaqueGamba/Content/Modelos/PisoVieja/Casa_052.uasset" 4536
"C:/Users/maria/Desktop/proyecto II/AtaqueGamba/Content/Modelos/Props-Muebles/Material.uasset" 4537
"C:/Users/maria/Desktop/proyecto II/AtaqueGamba/Content/Modelos/Props-Muebles/Enchufe.uasset" 4538
"C:/Users/maria/Desktop/proyecto II/AtaqueGamba/Content/Modelos/Props-Muebles/media__1_.uasset" 4539
"C:/Users/maria/Desktop/proyecto II/AtaqueGamba/Content/Modelos/Props-Muebles/media.uasset" 4540
"/Game/Modelos/PisoVieja/Gotele1" 4541
"C:/Users/maria/Desktop/proyecto II/AtaqueGamba/Content/Modelos/Props-Muebles/Material1.uasset" 4542
"C:/Users/maria/Desktop/proyecto II/AtaqueGamba/Content/Modelos/Props-Muebles/Enchufe1.uasset" 4543
"C:/Users/maria/Desktop/proyecto II/AtaqueGamba/Content/Modelos/Props-Muebles/Props2/Textures/6abf0692-07d1-4b72-af06-93d0e338589d.uasset" 4544
"/Game/Modelos/PisoVieja/Rubble" 4545
"/Game/Modelos/PisoVieja/Pasillo" 4546
"/Game/Modelos/PisoVieja/ParedMadera" 4547
"/Game/Modelos/PisoVieja/Metal" 4548
"/Game/Modelos/PisoVieja/Material_003" 4549
"/Game/Modelos/PisoVieja/Material_001" 4550
"/Game/Modelos/PisoVieja/Material" 4551
"/Game/Modelos/PisoVieja/MaderaOscuraNueva" 4552
"/Game/Modelos/PisoVieja/AzulejoCocina" 4553
"C:/Users/maria/Desktop/proyecto II/AtaqueGamba/Content/Modelos/Props-Muebles/Props2/Materials/Material_028.uasset" 4554
"C:/Users/maria/Desktop/proyecto II/AtaqueGamba/Content/Modelos/Props-Muebles/Props2/Textures/jiggle.uasset" 4555
"C:/Users/maria/Desktop/proyecto II/AtaqueGamba/Content/Modelos/PisoDef/Gotele.uasset" 4556
"C:/Users/maria/Desktop/proyecto II/AtaqueGamba/Content/Mapas/Niveles/Nivel_0.umap" 4557
"C:/Users/maria/Desktop/proyecto II/AtaqueGamba/Content/Modelos/llave/Materials/Material_001.uasset" 4558
"C:/Users/maria/Desktop/proyecto II/AtaqueGamba/Content/Modelos/PropsNuevos/Plantas+PC/PlantasYpc/Textures/ESTAAAA.uasset" 4559
"C:/Users/maria/Desktop/proyecto II/AtaqueGamba/Content/Modelos/PisoDef/Techo.uasset" 4560
"C:/Users/maria/Desktop/proyecto II/AtaqueGamba/Content/Modelos/Props-Muebles/Props2/StaticMeshes/Cube_102.uasset" 4561
"C:/Users/maria/Desktop/proyecto II/AtaqueGamba/Content/Blueprint/SN/NS_estrellas.uasset" 4562
"C:/Users/maria/Desktop/proyecto II/AtaqueGamba/Content/Modelos/PropsNuevos/Plantas+PC/PlantasYpc/Textures/Planta2.uasset" 4563
"/Game/Modelos/Props-Muebles/Props2/Textures/6abf0692-07d1-4b72-af06-93d0e338589d" 4564
"C:/Users/maria/Desktop/proyecto II/AtaqueGamba/Content/Modelos/PropsNuevos/Plantas+PC/PlantasYpc/StaticMeshes/Bambu.uasset" 4565
"C:/Users/maria/Desktop/proyecto II/AtaqueGamba/Content/Modelos/PropsNuevos/Plantas+PC/PlantasYpc/Textures/Box_17-256x256.uasset" 4566
"C:/Users/maria/Desktop/proyecto II/AtaqueGamba/Content/Modelos/PropsNuevos/Plantas+PC/PlantasYpc/Materials/Planta.uasset" 4567
"C:/Users/maria/Desktop/proyecto II/AtaqueGamba/Content/Modelos/Props-Muebles/Props2/StaticMeshes/Cube_101.uasset" 4568
"C:/Users/maria/Desktop/proyecto II/AtaqueGamba/Content/Modelos/PropsNuevos/Plantas+PC/PlantasYpc/Materials/Bambu.uasset" 4569
"C:/Users/maria/Desktop/proyecto II/AtaqueGamba/Content/Blueprint/Blueprints/actores/Interact/BP_llaves.uasset" 4570
"C:/Users/maria/Desktop/proyecto II/AtaqueGamba/Content/Blueprint/SN/estrella.uasset" 4571
"C:/Users/maria/Desktop/proyecto II/AtaqueGamba/Content/Modelos/PropsNuevos/Plantas+PC/PlantasYpc/Materials/Caja3.uasset" 4572
"C:/Users/maria/Desktop/proyecto II/AtaqueGamba/Content/Modelos/PropsNuevos/PropsChino/SSASFW2W.uasset" 4573
"C:/Users/maria/Desktop/proyecto II/AtaqueGamba/Content/Blueprint/SN/M_estrella.uasset" 4574
"C:/Users/maria/Desktop/proyecto II/AtaqueGamba/Content/Modelos/Props-Muebles/Props2/Materials/Material_027.uasset" 4575
"C:/Users/maria/Desktop/proyecto II/AtaqueGamba/Content/Modelos/PisoDef/Gotele1.uasset" 4576
"C:/Users/maria/Desktop/proyecto II/AtaqueGamba/Content/Modelos/llave/StaticMeshes/Retopo_Key.uasset" 4577
"C:/Users/maria/Desktop/proyecto II/AtaqueGamba/Content/Modelos/PropsNuevos/Plantas+PC/PlantasYpc/StaticMeshes/Planta.uasset" 4578
"/Game/Modelos/Props-Muebles/Enchufe1" 4579
"/Game/Modelos/Props-Muebles/Enchufe" 4580
"/Game/Modelos/PisoVieja/Casa_052" 4581
"C:/Users/maria/Desktop/proyecto II/AtaqueGamba/Content/Modelos/PropsNuevos/PropsChino/Menu.uasset" 4582
"C:/Users/maria/Desktop/proyecto II/AtaqueGamba/Content/Modelos/PropsNuevos/PropsChino/MenuChino.uasset" 4583
"/Game/Modelos/PropsNuevos/PropsChino/SSASFW2W" 4584
"C:/Users/maria/Desktop/proyecto II/AtaqueGamba/Content/Modelos/PropsNuevos/PropsChino/MesaGrandeChinaCocina.uasset" 4585
"C:/Users/maria/Desktop/proyecto II/AtaqueGamba/Content/Modelos/PropsNuevos/PropsChino/Metal_12-256x256.uasset" 4586
"C:/Users/maria/Desktop/proyecto II/AtaqueGamba/Content/Modelos/PropsNuevos/PropsChino/Wood_22-512x512.uasset" 4587
"C:/Users/maria/Desktop/proyecto II/AtaqueGamba/Content/Modelos/PropsNuevos/PropsChino/MesaGrandeChina.uasset" 4588
"C:/Users/maria/Desktop/proyecto II/AtaqueGamba/Content/Modelos/PropsNuevos/PropsChino/Material_001.uasset" 4589
"C:/Users/maria/Desktop/proyecto II/AtaqueGamba/Content/Modelos/PropsNuevos/PropsChino/MesaCuadradaChina.uasset" 4590
"/Game/Modelos/PropsNuevos/Plantas+PC/PlantasYpc/StaticMeshes/Planta" 4591
"/Game/Modelos/PropsNuevos/Plantas+PC/PlantasYpc/StaticMeshes/Bambu" 4592
"/Game/Blueprint/Blueprints/actores/Interact/BP_llaves" 4593
"/Game/Mapas/Niveles/Nivel_0" 4594
"../../../../../../Users/maria/Desktop/proyecto II/AtaqueGamba/Content/Mapas/Niveles/Nivel_0.umap" 4595
"C:/Users/maria/Desktop/proyecto II/AtaqueGamba/Content/Modelos/PropsNuevos/PropsChino/SillaChino.uasset" 4596
"C:/Users/maria/Desktop/proyecto II/AtaqueGamba/Content/Sonidos/musica/MS_Chino.uasset" 4597
"C:/Users/maria/Desktop/proyecto II/AtaqueGamba/Content/Modelos/Chino/Agua.uasset" 4598
"C:/Users/maria/Desktop/proyecto II/AtaqueGamba/Content/Modelos/Chino/photo-1476897017502-219c9169bd6f.uasset" 4599
"C:/Users/maria/Desktop/proyecto II/AtaqueGamba/Content/Modelos/Chino/Bufe.uasset" 4600
"C:/Users/maria/Desktop/proyecto II/AtaqueGamba/Content/Modelos/Chino/CajaCarton.uasset" 4601
"C:/Users/maria/Desktop/proyecto II/AtaqueGamba/Content/Modelos/Chino/Box_01-256x256.uasset" 4602
"C:/Users/maria/Desktop/proyecto II/AtaqueGamba/Content/Modelos/Chino/Metal_01-256x256.uasset" 4603
"C:/Users/maria/Desktop/proyecto II/AtaqueGamba/Content/Modelos/Chino/CajaElec.uasset" 4604
"C:/Users/maria/Desktop/proyecto II/AtaqueGamba/Content/Modelos/Chino/consejos-de-organizacion-para-el-almaen-de-un-restaurante-1.uasset" 4605
"C:/Users/maria/Desktop/proyecto II/AtaqueGamba/Content/Modelos/Chino/Estanteria.uasset" 4606
"C:/Users/maria/Desktop/proyecto II/AtaqueGamba/Content/Modelos/Chino/images__18_.uasset" 4607
"C:/Users/maria/Desktop/proyecto II/AtaqueGamba/Content/Modelos/PropsNuevos/PropsChino/MaderaNegraChino.uasset" 4608
"C:/Users/maria/Desktop/proyecto II/AtaqueGamba/Content/Modelos/Chino/Fumo.uasset" 4609
"C:/Users/maria/Desktop/proyecto II/AtaqueGamba/Content/Modelos/Chino/electrical-box-industrial-control-panel-260nw-2234373463.uasset" 4610
"C:/Users/maria/Desktop/proyecto II/AtaqueGamba/Content/Modelos/Chino/Heladera.uasset" 4611
"C:/Users/maria/Desktop/proyecto II/AtaqueGamba/Content/Modelos/Chino/fdhte.uasset" 4612
"C:/Users/maria/Desktop/proyecto II/AtaqueGamba/Content/Modelos/Chino/FregaderoCOCINACHINO.uasset" 4613
"C:/Users/maria/Desktop/proyecto II/AtaqueGamba/Content/Modelos/Chino/HeladosLASO.uasset" 4614
"C:/Users/maria/Desktop/proyecto II/AtaqueGamba/Content/Modelos/Chino/Model_0.uasset" 4615
"C:/Users/maria/Desktop/proyecto II/AtaqueGamba/Content/Modelos/Chino/media__2_.uasset" 4616
"C:/Users/maria/Desktop/proyecto II/AtaqueGamba/Content/Modelos/Chino/Comida.uasset" 4617
"C:/Users/maria/Desktop/proyecto II/AtaqueGamba/Content/Modelos/Chino/Helados.uasset" 4618
"C:/Users/maria/Desktop/proyecto II/AtaqueGamba/Content/Modelos/Chino/PuertaCocina.uasset" 4619
"/Game/Modelos/PropsNuevos/PropsChino/Wood_22-512x512" 4620
"/Game/Modelos/PropsNuevos/PropsChino/MesaGrandeChinaCocina" 4621
"/Game/Modelos/PropsNuevos/PropsChino/MenuChino" 4622
"C:/Users/maria/Desktop/proyecto II/AtaqueGamba/Content/Modelos/Chino/Wood_22-512x512.uasset" 4623
"C:/Users/maria/Desktop/proyecto II/AtaqueGamba/Content/Modelos/Chino/MaderaNegraChino.uasset" 4624
"C:/Users/maria/Desktop/proyecto II/AtaqueGamba/Content/Modelos/Chino/Material.uasset" 4625
"C:/Users/maria/Desktop/proyecto II/AtaqueGamba/Content/Modelos/Chino/VentanaChina.uasset" 4626
"C:/Users/maria/Desktop/proyecto II/AtaqueGamba/Content/Modelos/Chino/ChinoMural.uasset" 4627
"C:/Users/maria/Desktop/proyecto II/AtaqueGamba/Content/Modelos/Chino/MURALCHINO.uasset" 4628
"/Game/Modelos/Chino/Helados" 4629
"/Game/Modelos/Chino/Heladera" 4630
"/Game/Modelos/Chino/Fumo" 4631
"/Game/Modelos/Chino/FregaderoCOCINACHINO" 4632
"/Game/Modelos/Chino/Estanteria" 4633
"/Game/Modelos/Chino/Comida" 4634
"/Game/Modelos/Chino/CajaElec" 4635
"/Game/Modelos/Chino/CajaCarton" 4636
"/Game/Modelos/Chino/Bufe" 4637
"/Game/Modelos/Chino/Agua" 4638
"/Game/Modelos/Chino/PuertaCocina" 4639
"../../../../../../Users/maria/Desktop/proyecto II/AtaqueGamba/Content/Modelos/Chino/Oro.uasset" 4640
"/Game/Modelos/PropsNuevos/PropsChino/MesaGrandeChina" 4641
"/Game/Modelos/PropsNuevos/PropsChino/MesaCuadradaChina" 4642
"/Game/Sonidos/musica/MS_Chino" 4643
"/Game/Modelos/PropsNuevos/PropsChino/SillaChino" 4644
"C:/Users/maria/Desktop/proyecto II/AtaqueGamba/Content/Modelos/Chino/NeveraChino.uasset" 4645
"C:/Users/maria/Desktop/proyecto II/AtaqueGamba/Content/Modelos/Chino/ParedINTERIOR.uasset" 4646
"C:/Users/maria/Desktop/proyecto II/AtaqueGamba/Content/Modelos/Chino/mtb1956q.uasset" 4647
"C:/Users/maria/Desktop/proyecto II/AtaqueGamba/Content/Modelos/Chino/Elements_06-256x256.uasset" 4648
"C:/Users/maria/Desktop/proyecto II/AtaqueGamba/Content/Modelos/Chino/gas43bxal.uasset" 4649
"C:/Users/maria/Desktop/proyecto II/AtaqueGamba/Content/Modelos/Chino/Weave_13-256x256.uasset" 4650
"/Game/Modelos/Chino/MURALCHINO" 4651
"C:/Users/maria/Desktop/proyecto II/AtaqueGamba/Content/Modelos/Chino/SueloChino.uasset" 4652
"C:/Users/maria/Desktop/proyecto II/AtaqueGamba/Content/Modelos/Chino/Metal_17-256x256.uasset" 4653
"C:/Users/maria/Desktop/proyecto II/AtaqueGamba/Content/Materiales/Texturas/cielo.uasset" 4654
"C:/Users/maria/Desktop/proyecto II/AtaqueGamba/Content/Modelos/Chino/RestChino.uasset" 4655
"C:/Users/maria/Desktop/proyecto II/AtaqueGamba/Content/Blueprint/Blueprints/actores/Pickups/BP_municionbombetas.uasset" 4656
"C:/Users/maria/Desktop/proyecto II/AtaqueGamba/Content/Modelos/Chino/Metal_20-256x256.uasset" 4657
"C:/Users/maria/Desktop/proyecto II/AtaqueGamba/Content/Modelos/Chino/SueloCocinaChino.uasset" 4658
"C:/Users/maria/Desktop/proyecto II/AtaqueGamba/Content/Mapas/Niveles/Nivel_3.umap" 4659
"C:/Users/maria/Desktop/proyecto II/AtaqueGamba/Content/Materiales/M_cielo.uasset" 4660
"C:/Users/maria/Desktop/proyecto II/AtaqueGamba/Content/Materiales/Texturas/ciudad.uasset" 4661
"C:/Users/maria/Desktop/proyecto II/AtaqueGamba/Content/Modelos/Calle/Bricks_15-512x512.uasset" 4662
"C:/Users/maria/Desktop/proyecto II/AtaqueGamba/Content/Modelos/Chino/25911-1-1024x990.uasset" 4663
"C:/Users/maria/Desktop/proyecto II/AtaqueGamba/Content/Modelos/Calle/0113-asphalt-road-texture-seamless.uasset" 4664
"C:/Users/maria/Desktop/proyecto II/AtaqueGamba/Content/Modelos/Calle/bajosEdifi.uasset" 4665
"C:/Users/maria/Desktop/proyecto II/AtaqueGamba/Content/Modelos/Calle/Metal_15-256x256.uasset" 4666
"C:/Users/maria/Desktop/proyecto II/AtaqueGamba/Content/Modelos/Chino/Cielo.uasset" 4667
"C:/Users/maria/Desktop/proyecto II/AtaqueGamba/Content/Modelos/Chino/PlacaTermica.uasset" 4668
"C:/Users/maria/Desktop/proyecto II/AtaqueGamba/Content/Modelos/Calle/Asfalto.uasset" 4669
"C:/Users/maria/Desktop/proyecto II/AtaqueGamba/Content/Modelos/Chino/TechoChino.uasset" 4670
"C:/Users/maria/Desktop/proyecto II/AtaqueGamba/Content/Modelos/Calle/Acera.uasset" 4671
"C:/Users/maria/Desktop/proyecto II/AtaqueGamba/Content/Modelos/Chino/Alfombra.uasset" 4672
"C:/Users/maria/Desktop/proyecto II/AtaqueGamba/Content/Materiales/M_Ciudad.uasset" 4673
"/Game/Modelos/Chino/Material" 4674
"C:/Users/maria/Desktop/proyecto II/AtaqueGamba/Content/Modelos/Calle/RESTAURANTE.uasset" 4675
"C:/Users/maria/Desktop/proyecto II/AtaqueGamba/Content/Modelos/Calle/CHINAOLD.uasset" 4676
"/Game/Modelos/Calle/Metal_15-256x256" 4677
"C:/Users/maria/Desktop/proyecto II/AtaqueGamba/Content/Modelos/Calle/CatelCHINOGRANDE.uasset" 4678
"C:/Users/maria/Desktop/proyecto II/AtaqueGamba/Content/Modelos/Calle/VentanaChina.uasset" 4679
"/Game/Modelos/Calle/Asfalto" 4680
"/Game/Modelos/Calle/Acera" 4681
"/Game/Materiales/M_Ciudad" 4682
"/Game/Materiales/M_cielo" 4683
"/Game/Modelos/Calle/bajosEdifi" 4684
"/Game/Blueprint/Blueprints/actores/Pickups/BP_municionbombetas" 4685
"/Game/Mapas/Niveles/Nivel_3" 4686
"../../../../../../Users/maria/Desktop/proyecto II/AtaqueGamba/Content/Mapas/Niveles/Nivel_3.umap" 4687
"C:/Users/maria/Desktop/proyecto II/AtaqueGamba/Content/Modelos/Calle/ESCLAERAAAA.uasset" 4688
"C:/Users/maria/Desktop/proyecto II/AtaqueGamba/Content/Modelos/Calle/LogoMetro.uasset" 4689
"C:/Users/maria/Desktop/proyecto II/AtaqueGamba/Content/Modelos/Calle/ParedChino_.uasset" 4690
"C:/Users/maria/Desktop/proyecto II/AtaqueGamba/Content/Modelos/Calle/21926822-old-damaged-stone-staircase-up-and-down-textured-background.uasset" 4691
"C:/Users/maria/Desktop/proyecto II/AtaqueGamba/Content/Modelos/Calle/MURALCHINO.uasset" 4692
"C:/Users/maria/Desktop/proyecto II/AtaqueGamba/Content/Modelos/Calle/OSCURO.uasset" 4693
"C:/Users/maria/Desktop/proyecto II/AtaqueGamba/Content/Modelos/Calle/MetroMadri.uasset" 4694
"C:/Users/maria/Desktop/proyecto II/AtaqueGamba/Content/Modelos/Calle/PuertaPiso.uasset" 4695
"C:/Users/maria/Desktop/proyecto II/AtaqueGamba/Content/Modelos/Calle/TEJAEDIFICIO.uasset" 4696
"C:/Users/maria/Desktop/proyecto II/AtaqueGamba/Content/Modelos/Calle/Calle.uasset" 4697
"C:/Users/maria/Desktop/proyecto II/AtaqueGamba/Content/Modelos/Calle/LAFAROLA.uasset" 4698
"C:/Users/maria/Desktop/proyecto II/AtaqueGamba/Content/Modelos/Calle/farol-calle-iluminado-clasico_191095-79391.uasset" 4699
"C:/Users/maria/Desktop/proyecto II/AtaqueGamba/Content/Modelos/Calle/Metro.uasset" 4700
"C:/Users/maria/Desktop/proyecto II/AtaqueGamba/Content/Mapas/Niveles/Nivel_Abierto.umap" 4701
"C:/Users/maria/Desktop/proyecto II/AtaqueGamba/Content/Modelos/Calle/ChinoMural.uasset" 4702
"C:/Users/maria/Desktop/proyecto II/AtaqueGamba/Content/Sonidos/musica/MS_Metro.uasset" 4703
"C:/Users/maria/Desktop/proyecto II/AtaqueGamba/Content/Modelos/Calle/Farola.uasset" 4704
"C:/Users/maria/Desktop/proyecto II/AtaqueGamba/Content/Modelos/Calle/seamless-texture-red-cement-wall-rough-surface-floor-concrete-with-space-text-backgroundx9_661047-2043.uasset" 4705
"C:/Users/maria/Desktop/proyecto II/AtaqueGamba/Content/Modelos/Calle/LadrilloTecho.uasset" 4706
"C:/Users/maria/Desktop/proyecto II/AtaqueGamba/Content/Modelos/Calle/Oro.uasset" 4707
"C:/Users/maria/Desktop/proyecto II/AtaqueGamba/Content/Modelos/Calle/Edificio_TEXTURA.uasset" 4708
"C:/Users/maria/Desktop/proyecto II/AtaqueGamba/Content/Modelos/Calle/Roofs_23-512x512.uasset" 4709
"/Game/Modelos/Calle/CHINAOLD" 4710
"C:/Users/maria/Desktop/proyecto II/AtaqueGamba/Content/Modelos/Calle/Roofs_10-512x512.uasset" 4711
"C:/Users/maria/Desktop/proyecto II/AtaqueGamba/Content/Modelos/Calle/Wood_22-512x512.uasset" 4712
"C:/Users/maria/Desktop/proyecto II/AtaqueGamba/Content/Modelos/Calle/Edificio.uasset" 4713
"C:/Users/maria/Desktop/proyecto II/AtaqueGamba/Content/Modelos/Calle/MaderaNegraChino.uasset" 4714
"C:/Users/maria/Desktop/proyecto II/AtaqueGamba/Content/Modelos/Calle/PisoPuerta.uasset" 4715
"C:/Users/maria/Desktop/proyecto II/AtaqueGamba/Content/Modelos/Calle/Metal_02-256x256.uasset" 4716
"/Game/Modelos/Calle/CatelCHINOGRANDE" 4717
"C:/Users/maria/Desktop/proyecto II/AtaqueGamba/Content/Modelos/Metro/Cube_001.uasset" 4718
"C:/Users/maria/Desktop/proyecto II/AtaqueGamba/Content/Modelos/Metro/Cube_002.uasset" 4719
"C:/Users/maria/Desktop/proyecto II/AtaqueGamba/Content/Modelos/Metro/Cube_007.uasset" 4720
"C:/Users/maria/Desktop/proyecto II/AtaqueGamba/Content/Modelos/Metro/Cube_006.uasset" 4721
"/Game/Sonidos/musica/MS_Metro" 4722
"/Game/Mapas/Niveles/Nivel_Abierto" 4723
"../../../../../../Users/maria/Desktop/proyecto II/AtaqueGamba/Content/Mapas/Niveles/Nivel_Abierto.umap" 4724
"C:/Users/maria/Desktop/proyecto II/AtaqueGamba/Content/Modelos/Metro/Cube_011.uasset" 4725
"C:/Users/maria/Desktop/proyecto II/AtaqueGamba/Content/Modelos/Metro/Cube_014.uasset" 4726
"C:/Users/maria/Desktop/proyecto II/AtaqueGamba/Content/Modelos/Metro/Cube_016.uasset" 4727
"C:/Users/maria/Desktop/proyecto II/AtaqueGamba/Content/Modelos/Metro/Cube_013.uasset" 4728
"C:/Users/maria/Desktop/proyecto II/AtaqueGamba/Content/Modelos/Metro/Cube_019.uasset" 4729
"C:/Users/maria/Desktop/proyecto II/AtaqueGamba/Content/Modelos/Metro/PosterMetro2.uasset" 4730
"C:/Users/maria/Desktop/proyecto II/AtaqueGamba/Content/Modelos/Metro/Cube_012.uasset" 4731
"C:/Users/maria/Desktop/proyecto II/AtaqueGamba/Content/Modelos/Metro/images__20_.uasset" 4732
"C:/Users/maria/Desktop/proyecto II/AtaqueGamba/Content/Modelos/Metro/Cube_024.uasset" 4733
"C:/Users/maria/Desktop/proyecto II/AtaqueGamba/Content/Modelos/Metro/Cube_031.uasset" 4734
"C:/Users/maria/Desktop/proyecto II/AtaqueGamba/Content/Modelos/Metro/CartelGambaz.uasset" 4735
"C:/Users/maria/Desktop/proyecto II/AtaqueGamba/Content/Modelos/Metro/TierraMetro.uasset" 4736
"C:/Users/maria/Desktop/proyecto II/AtaqueGamba/Content/Modelos/Metro/Cube_020.uasset" 4737
"C:/Users/maria/Desktop/proyecto II/AtaqueGamba/Content/Modelos/Metro/Cube_032.uasset" 4738
"C:/Users/maria/Desktop/proyecto II/AtaqueGamba/Content/Modelos/Metro/Cube_022.uasset" 4739
"C:/Users/maria/Desktop/proyecto II/AtaqueGamba/Content/Modelos/Metro/Cube_034.uasset" 4740
"C:/Users/maria/Desktop/proyecto II/AtaqueGamba/Content/Modelos/Metro/Cube_033.uasset" 4741
"C:/Users/maria/Desktop/proyecto II/AtaqueGamba/Content/Modelos/Metro/Cube_018.uasset" 4742
"C:/Users/maria/Desktop/proyecto II/AtaqueGamba/Content/Modelos/Metro/Cube_010.uasset" 4743
"C:/Users/maria/Desktop/proyecto II/AtaqueGamba/Content/Modelos/Metro/Cube_025.uasset" 4744
"C:/Users/maria/Desktop/proyecto II/AtaqueGamba/Content/Modelos/Metro/Cube_030.uasset" 4745
"C:/Users/maria/Desktop/proyecto II/AtaqueGamba/Content/Modelos/Metro/Cube_021.uasset" 4746
"C:/Users/maria/Desktop/proyecto II/AtaqueGamba/Content/Modelos/Metro/Cube_028.uasset" 4747
"C:/Users/maria/Desktop/proyecto II/AtaqueGamba/Content/Modelos/Metro/Cube_026.uasset" 4748
"/Game/Modelos/Metro/Cube_007" 4749
"C:/Users/maria/Desktop/proyecto II/AtaqueGamba/Content/Modelos/Metro/Cube_027.uasset" 4750
"C:/Users/maria/Desktop/proyecto II/AtaqueGamba/Content/Modelos/Metro/Cube_017.uasset" 4751
"C:/Users/maria/Desktop/proyecto II/AtaqueGamba/Content/Modelos/Metro/Cube_015.uasset" 4752
"C:/Users/maria/Desktop/proyecto II/AtaqueGamba/Content/Modelos/Metro/Cube_023.uasset" 4753
"../../../../../../Users/maria/Desktop/proyecto II/AtaqueGamba/Content/Modelos/Metro/MetroInt.uasset" 4754
"/Game/Modelos/Metro/Cube_006" 4755
"../../../../../../Users/maria/Desktop/proyecto II/AtaqueGamba/Content/Modelos/Metro/TechoMetro.uasset" 4756
"/Game/Modelos/Metro/Cube_002" 4757
"/Game/Modelos/Metro/Cube_001" 4758
"../../../../../../Users/maria/Desktop/proyecto II/AtaqueGamba/Content/Modelos/Metro/RailesMetro.uasset" 4759
"../../../../../../Users/maria/Desktop/proyecto II/AtaqueGamba/Content/Modelos/Metro/images__24_.uasset" 4760
"C:/Users/maria/Desktop/proyecto II/AtaqueGamba/Content/Modelos/Metro/Cube_036.uasset" 4761
"C:/Users/maria/Desktop/proyecto II/AtaqueGamba/Content/Modelos/Metro/Cube_042.uasset" 4762
"/Game/Modelos/Metro/Cube_034" 4763
"C:/Users/maria/Desktop/proyecto II/AtaqueGamba/Content/Modelos/Metro/Cube_037.uasset" 4764
"C:/Users/maria/Desktop/proyecto II/AtaqueGamba/Content/Modelos/Metro/Cube_043.uasset" 4765
"/Game/Modelos/Metro/Cube_033" 4766
"/Game/Modelos/Metro/Cube_032" 4767
"/Game/Modelos/Metro/Cube_031" 4768
"../../../../../../Users/maria/Desktop/proyecto II/AtaqueGamba/Content/Modelos/Metro/DetalleMetroRojo.uasset" 4769
"../../../../../../Users/maria/Desktop/proyecto II/AtaqueGamba/Content/Modelos/Metro/SueloMarmol.uasset" 4770
"/Game/Modelos/Metro/Cube_030" 4771
"/Game/Modelos/Metro/Cube_028" 4772
"/Game/Modelos/Metro/Cube_027" 4773
"../../../../../../Users/maria/Desktop/proyecto II/AtaqueGamba/Content/Modelos/Metro/CabinaMetro.uasset" 4774
"/Game/Modelos/Metro/Cube_026" 4775
"../../../../../../Users/maria/Desktop/proyecto II/AtaqueGamba/Content/Modelos/Metro/Material_004.uasset" 4776
"/Game/Modelos/Metro/Cube_025" 4777
"/Game/Modelos/Metro/Cube_024" 4778
"/Game/Modelos/Metro/Cube_023" 4779
"/Game/Modelos/Metro/Cube_022" 4780
"/Game/Modelos/Metro/Cube_021" 4781
"/Game/Modelos/Metro/Cube_020" 4782
"/Game/Modelos/Metro/Cube_019" 4783
"/Game/Modelos/Metro/Cube_018" 4784
"/Game/Modelos/Metro/Cube_017" 4785
"/Game/Modelos/Metro/Cube_016" 4786
"/Game/Modelos/Metro/Cube_015" 4787
"/Game/Modelos/Metro/Cube_014" 4788
"/Game/Modelos/Metro/Cube_013" 4789
"/Game/Modelos/Metro/Cube_012" 4790
"/Game/Modelos/Metro/Cube_011" 4791
"/Game/Modelos/Metro/Cube_010" 4792
"C:/Users/maria/Desktop/proyecto II/AtaqueGamba/Content/Modelos/Metro/Cube_044.uasset" 4793
"C:/Users/maria/Desktop/proyecto II/AtaqueGamba/Content/Modelos/Metro/Cube_045.uasset" 4794
"C:/Users/maria/Desktop/proyecto II/AtaqueGamba/Content/Modelos/Metro/Cube_054.uasset" 4795
"C:/Users/maria/Desktop/proyecto II/AtaqueGamba/Content/Modelos/Metro/Cube_050.uasset" 4796
"C:/Users/maria/Desktop/proyecto II/AtaqueGamba/Content/Modelos/Metro/Cube_063.uasset" 4797
"C:/Users/maria/Desktop/proyecto II/AtaqueGamba/Content/Modelos/Metro/Cube_056.uasset" 4798
"C:/Users/maria/Desktop/proyecto II/AtaqueGamba/Content/Modelos/Metro/Cube_052.uasset" 4799
"C:/Users/maria/Desktop/proyecto II/AtaqueGamba/Content/Modelos/Metro/Cube_048.uasset" 4800
"C:/Users/maria/Desktop/proyecto II/AtaqueGamba/Content/Modelos/Metro/Cube_064.uasset" 4801
"C:/Users/maria/Desktop/proyecto II/AtaqueGamba/Content/Modelos/Metro/Cube_049.uasset" 4802
"C:/Users/maria/Desktop/proyecto II/AtaqueGamba/Content/Modelos/Metro/Cube_065.uasset" 4803
"C:/Users/maria/Desktop/proyecto II/AtaqueGamba/Content/Modelos/Metro/Cube_069.uasset" 4804
"C:/Users/maria/Desktop/proyecto II/AtaqueGamba/Content/Modelos/Metro/Cube_053.uasset" 4805
"C:/Users/maria/Desktop/proyecto II/AtaqueGamba/Content/Modelos/Metro/Cube_070.uasset" 4806
"C:/Users/maria/Desktop/proyecto II/AtaqueGamba/Content/Modelos/Metro/Cube_046.uasset" 4807
"C:/Users/maria/Desktop/proyecto II/AtaqueGamba/Content/Modelos/Metro/Cube_073.uasset" 4808
"C:/Users/maria/Desktop/proyecto II/AtaqueGamba/Content/Modelos/Metro/Cube_071.uasset" 4809
"C:/Users/maria/Desktop/proyecto II/AtaqueGamba/Content/Modelos/Metro/Cube_051.uasset" 4810
"C:/Users/maria/Desktop/proyecto II/AtaqueGamba/Content/Modelos/Metro/Cube_072.uasset" 4811
"C:/Users/maria/Desktop/proyecto II/AtaqueGamba/Content/Modelos/Metro/Cube_060.uasset" 4812
"C:/Users/maria/Desktop/proyecto II/AtaqueGamba/Content/Modelos/Metro/Cube_047.uasset" 4813
"C:/Users/maria/Desktop/proyecto II/AtaqueGamba/Content/Modelos/Metro/Cube_061.uasset" 4814
"C:/Users/maria/Desktop/proyecto II/AtaqueGamba/Content/Modelos/Metro/Cube_066.uasset" 4815
"C:/Users/maria/Desktop/proyecto II/AtaqueGamba/Content/Modelos/Metro/Cube_067.uasset" 4816
"/Game/Modelos/Metro/Cube_043" 4817
"C:/Users/maria/Desktop/proyecto II/AtaqueGamba/Content/Modelos/Metro/Cube_055.uasset" 4818
"C:/Users/maria/Desktop/proyecto II/AtaqueGamba/Content/Modelos/Metro/Cube_068.uasset" 4819
"C:/Users/maria/Desktop/proyecto II/AtaqueGamba/Content/Modelos/Metro/Cube_074.uasset" 4820
"C:/Users/maria/Desktop/proyecto II/AtaqueGamba/Content/Modelos/Metro/Cube_062.uasset" 4821
"/Game/Modelos/Metro/Cube_042" 4822
"/Game/Modelos/Metro/Cube_037" 4823
"/Game/Modelos/Metro/Cube_036" 4824
"C:/Users/maria/Desktop/proyecto II/AtaqueGamba/Content/Modelos/Metro/Cube_077.uasset" 4825
"C:/Users/maria/Desktop/proyecto II/AtaqueGamba/Content/Modelos/Metro/Cube_076.uasset" 4826
"C:/Users/maria/Desktop/proyecto II/AtaqueGamba/Content/Modelos/Metro/Cube_078.uasset" 4827
"C:/Users/maria/Desktop/proyecto II/AtaqueGamba/Content/Modelos/Metro/Cube_075.uasset" 4828
"/Game/Modelos/Metro/Cube_073" 4829
"/Game/Modelos/Metro/Cube_072" 4830
"/Game/Modelos/Metro/Cube_071" 4831
"/Game/Modelos/Metro/Cube_070" 4832
"/Game/Modelos/Metro/Cube_069" 4833
"/Game/Modelos/Metro/Cube_068" 4834
"/Game/Modelos/Metro/Cube_067" 4835
"/Game/Modelos/Metro/Cube_066" 4836
"/Game/Modelos/Metro/Cube_065" 4837
"/Game/Modelos/Metro/Cube_074" 4838
"/Game/Modelos/Metro/Cube_064" 4839
"/Game/Modelos/Metro/Cube_063" 4840
"/Game/Modelos/Metro/Cube_062" 4841
"/Game/Modelos/Metro/Cube_061" 4842
"/Game/Modelos/Metro/Cube_060" 4843
"/Game/Modelos/Metro/Cube_056" 4844
"/Game/Modelos/Metro/Cube_055" 4845
"/Game/Modelos/Metro/Cube_054" 4846
"/Game/Modelos/Metro/Cube_053" 4847
"/Game/Modelos/Metro/Cube_052" 4848
"/Game/Modelos/Metro/Cube_051" 4849
"/Game/Modelos/Metro/Cube_050" 4850
"/Game/Modelos/Metro/Cube_049" 4851
"/Game/Modelos/Metro/Cube_048" 4852
"/Game/Modelos/Metro/Cube_047" 4853
"/Game/Modelos/Metro/Cube_046" 4854
"/Game/Modelos/Metro/Cube_045" 4855
"/Game/Modelos/Metro/Cube_044" 4856
"C:/Users/maria/Desktop/proyecto II/AtaqueGamba/Content/Modelos/Metro/Cube_080.uasset" 4857
"C:/Users/maria/Desktop/proyecto II/AtaqueGamba/Content/Modelos/Metro/Cube_079.uasset" 4858
"C:/Users/maria/Desktop/proyecto II/AtaqueGamba/Content/Modelos/Metro/Cube_082.uasset" 4859
"C:/Users/maria/Desktop/proyecto II/AtaqueGamba/Content/Modelos/Metro/Cube_085.uasset" 4860
"C:/Users/maria/Desktop/proyecto II/AtaqueGamba/Content/Modelos/Metro/Cube_087.uasset" 4861
"C:/Users/maria/Desktop/proyecto II/AtaqueGamba/Content/Modelos/Metro/Cube_086.uasset" 4862
"C:/Users/maria/Desktop/proyecto II/AtaqueGamba/Content/Modelos/Metro/Cube_090.uasset" 4863
"C:/Users/maria/Desktop/proyecto II/AtaqueGamba/Content/Modelos/Metro/PosterMetro3.uasset" 4864
"C:/Users/maria/Desktop/proyecto II/AtaqueGamba/Content/Modelos/Metro/Cube_081.uasset" 4865
"/Game/Modelos/Metro/Cube_078" 4866
"C:/Users/maria/Desktop/proyecto II/AtaqueGamba/Content/Modelos/Metro/Cube_089.uasset" 4867
"C:/Users/maria/Desktop/proyecto II/AtaqueGamba/Content/Modelos/Metro/PosterMetro3_002.uasset" 4868
"C:/Users/maria/Desktop/proyecto II/AtaqueGamba/Content/Modelos/Metro/DoorsMetalDouble0148_350.uasset" 4869
"C:/Users/maria/Desktop/proyecto II/AtaqueGamba/Content/Modelos/Metro/tgerdy.uasset" 4870
"C:/Users/maria/Desktop/proyecto II/AtaqueGamba/Content/Modelos/Metro/Cube_093.uasset" 4871
"C:/Users/maria/Desktop/proyecto II/AtaqueGamba/Content/Modelos/Metro/Cube_094.uasset" 4872
"C:/Users/maria/Desktop/proyecto II/AtaqueGamba/Content/Modelos/Metro/Cube_088.uasset" 4873
"C:/Users/maria/Desktop/proyecto II/AtaqueGamba/Content/Modelos/Metro/CartelMetro.uasset" 4874
"C:/Users/maria/Desktop/proyecto II/AtaqueGamba/Content/Modelos/Metro/Cube_097.uasset" 4875
"C:/Users/maria/Desktop/proyecto II/AtaqueGamba/Content/Modelos/Metro/Cube_084.uasset" 4876
"C:/Users/maria/Desktop/proyecto II/AtaqueGamba/Content/Modelos/Metro/Captura_de_pantalla_2026-06-04_010129.uasset" 4877
"C:/Users/maria/Desktop/proyecto II/AtaqueGamba/Content/Modelos/Metro/Cube_098.uasset" 4878
"C:/Users/maria/Desktop/proyecto II/AtaqueGamba/Content/Modelos/Metro/Cube_095.uasset" 4879
"C:/Users/maria/Desktop/proyecto II/AtaqueGamba/Content/Modelos/Metro/PosterMetro4.uasset" 4880
"C:/Users/maria/Desktop/proyecto II/AtaqueGamba/Content/Modelos/Metro/Cube_096.uasset" 4881
"../../../../../../Users/maria/Desktop/proyecto II/AtaqueGamba/Content/Modelos/Metro/OSCURO.uasset" 4882
"C:/Users/maria/Desktop/proyecto II/AtaqueGamba/Content/Modelos/Metro/Cube_083.uasset" 4883
"C:/Users/maria/Desktop/proyecto II/AtaqueGamba/Content/Modelos/Metro/PosterMetro3_001.uasset" 4884
"C:/Users/maria/Desktop/proyecto II/AtaqueGamba/Content/Modelos/Metro/Cube_091.uasset" 4885
"C:/Users/maria/Desktop/proyecto II/AtaqueGamba/Content/Modelos/Metro/Cube_092.uasset" 4886
"/Game/Modelos/Metro/Cube_077" 4887
"/Game/Modelos/Metro/Cube_076" 4888
"/Game/Modelos/Metro/Cube_075" 4889
"/Game/Modelos/Metro/Cube_080" 4890
"C:/Users/maria/Desktop/proyecto II/AtaqueGamba/Content/Modelos/Metro/Cube_099.uasset" 4891
"/Game/Modelos/Metro/Cube_098" 4892
"C:/Users/maria/Desktop/proyecto II/AtaqueGamba/Content/Modelos/Metro/Cube_121.uasset" 4893
"C:/Users/maria/Desktop/proyecto II/AtaqueGamba/Content/Modelos/Metro/Cube_123.uasset" 4894
"C:/Users/maria/Desktop/proyecto II/AtaqueGamba/Content/Modelos/Metro/Cube_122.uasset" 4895
"C:/Users/maria/Desktop/proyecto II/AtaqueGamba/Content/Modelos/Metro/Cube_120.uasset" 4896
"../../../../../../Users/maria/Desktop/proyecto II/AtaqueGamba/Content/Modelos/Metro/MetalMetro.uasset" 4897
"../../../../../../Users/maria/Desktop/proyecto II/AtaqueGamba/Content/Modelos/Metro/Metal_12-256x256.uasset" 4898
"/Game/Modelos/Metro/Cube_097" 4899
"/Game/Modelos/Metro/Cube_096" 4900
"/Game/Modelos/Metro/Cube_095" 4901
"/Game/Modelos/Metro/Cube_094" 4902
"../../../../../../Users/maria/Desktop/proyecto II/AtaqueGamba/Content/Modelos/Metro/LogoMetro.uasset" 4903
"../../../../../../Users/maria/Desktop/proyecto II/AtaqueGamba/Content/Modelos/Metro/MetroMadri.uasset" 4904
"/Game/Modelos/Metro/Cube_093" 4905
"/Game/Modelos/Metro/Cube_092" 4906
"/Game/Modelos/Metro/Cube_091" 4907
"/Game/Modelos/Metro/Cube_090" 4908
"/Game/Modelos/Metro/Cube_089" 4909
"/Game/Modelos/Metro/Cube_088" 4910
"/Game/Modelos/Metro/Cube_087" 4911
"/Game/Modelos/Metro/Cube_086" 4912
"/Game/Modelos/Metro/Cube_085" 4913
"/Game/Modelos/Metro/Cube_084" 4914
"/Game/Modelos/Metro/Cube_083" 4915
"/Game/Modelos/Metro/Cube_082" 4916
"/Game/Modelos/Metro/Cube_081" 4917
"/Game/Modelos/Metro/Cube_079" 4918
"C:/Users/maria/Desktop/proyecto II/AtaqueGamba/Content/Modelos/Metro/Cube_102.uasset" 4919
"C:/Users/maria/Desktop/proyecto II/AtaqueGamba/Content/Modelos/Metro/Cube_118.uasset" 4920
"C:/Users/maria/Desktop/proyecto II/AtaqueGamba/Content/Modelos/Metro/Cube_116.uasset" 4921
"C:/Users/maria/Desktop/proyecto II/AtaqueGamba/Content/Modelos/Metro/MetroVehiculoEXT.uasset" 4922
"C:/Users/maria/Desktop/proyecto II/AtaqueGamba/Content/Modelos/Metro/Cylinder_002.uasset" 4923
"C:/Users/maria/Desktop/proyecto II/AtaqueGamba/Content/Modelos/Metro/Cube_117.uasset" 4924
"C:/Users/maria/Desktop/proyecto II/AtaqueGamba/Content/Modelos/Metro/Reloj.uasset" 4925
"C:/Users/maria/Desktop/proyecto II/AtaqueGamba/Content/Modelos/Metro/graffiti-wall.uasset" 4926
"C:/Users/maria/Desktop/proyecto II/AtaqueGamba/Content/Modelos/Metro/Cylinder_004.uasset" 4927
"C:/Users/maria/Desktop/proyecto II/AtaqueGamba/Content/Modelos/Metro/21926822-old-damaged-stone-staircase-up-and-down-textured-background.uasset" 4928
"C:/Users/maria/Desktop/proyecto II/AtaqueGamba/Content/Modelos/Metro/Cube_101.uasset" 4929
"C:/Users/maria/Desktop/proyecto II/AtaqueGamba/Content/Modelos/Metro/Cube_119.uasset" 4930
"C:/Users/maria/Desktop/proyecto II/AtaqueGamba/Content/Modelos/Metro/Cube_100.uasset" 4931
"C:/Users/maria/Desktop/proyecto II/AtaqueGamba/Content/Modelos/Metro/ESCLAERAAAA.uasset" 4932
"C:/Users/maria/Desktop/proyecto II/AtaqueGamba/Content/Modelos/Metro/Cube_104.uasset" 4933
"C:/Users/maria/Desktop/proyecto II/AtaqueGamba/Content/Sonidos/musica/MS_Hub.uasset" 4934
"C:/Users/maria/Desktop/proyecto II/AtaqueGamba/Content/Modelos/Metro/Cylinder_003.uasset" 4935
"C:/Users/maria/Desktop/proyecto II/AtaqueGamba/Content/Modelos/Metro/Cylinder_005.uasset" 4936
"C:/Users/maria/Desktop/proyecto II/AtaqueGamba/Content/Modelos/Metro/Cube_105.uasset" 4937
"C:/Users/maria/Desktop/proyecto II/AtaqueGamba/Content/Modelos/Metro/Cube_103.uasset" 4938
"C:/Users/maria/Desktop/proyecto II/AtaqueGamba/Content/Modelos/Metro/Cylinder.uasset" 4939
"C:/Users/maria/Desktop/proyecto II/AtaqueGamba/Content/Modelos/Metro/5e57e1216bbc6.uasset" 4940
"C:/Users/maria/Desktop/proyecto II/AtaqueGamba/Content/Modelos/Metro/Cube.uasset" 4941
"C:/Users/maria/Desktop/proyecto II/AtaqueGamba/Content/Modelos/Metro/1909-m10-i007-n004-e06p-0f6bbd37a39ee120d22f4276fae6afd3c9fd6df470adedf4ade57f074ef95006.uasset" 4942
"C:/Users/maria/Desktop/proyecto II/AtaqueGamba/Content/Modelos/Metro/Cylinder_001.uasset" 4943
"/Game/Modelos/Metro/Cube_120" 4944
"C:/Users/maria/Desktop/proyecto II/AtaqueGamba/Content/Modelos/Metro/PosterMetro1.uasset" 4945
"/Game/Modelos/Metro/Cube_121" 4946
"/Game/Modelos/Metro/Cube_122" 4947
"/Game/Modelos/Metro/Cube_123" 4948
"/Game/Modelos/Metro/Cube_099" 4949
"C:/Users/maria/Desktop/proyecto II/AtaqueGamba/Content/Modelos/PropsNuevos/PropsPiso+/PuertaArriba.uasset" 4950
"C:/Users/maria/Desktop/proyecto II/AtaqueGamba/Content/Modelos/EasterEgg/PlushieMaterial.uasset" 4951
"C:/Users/maria/Desktop/proyecto II/AtaqueGamba/Content/Modelos/EasterEgg/GJ_Shrimp_DefaultMaterial_OcclusionRoughnessMetallic.uasset" 4952
"C:/Users/maria/Desktop/proyecto II/AtaqueGamba/Content/Modelos/EasterEgg/GJ_Shrimp_DefaultMaterial_BaseColor.uasset" 4953
"/Game/Sonidos/musica/MS_Hub" 4954
"C:/Users/maria/Desktop/proyecto II/AtaqueGamba/Content/Modelos/EasterEgg/GJ_Shrimp_DefaultMaterial_Normal.uasset" 4955
"/Game/Mapas/Niveles/Nivel_5" 4956
"../../../../../../Users/maria/Desktop/proyecto II/AtaqueGamba/Content/Mapas/Niveles/Nivel_5.umap" 4957
"C:/Users/maria/Desktop/proyecto II/AtaqueGamba/Content/Modelos/EasterEgg/PlushieGamba.uasset" 4958
"C:/Users/maria/Desktop/proyecto II/AtaqueGamba/Content/Mapas/Niveles/Nivel_Hub.umap" 4959
"C:/Users/maria/Desktop/proyecto II/AtaqueGamba/Content/Blueprint/Anims/ABP_Castigo.uasset" 4960
"C:/Users/maria/Desktop/proyecto II/AtaqueGamba/Content/Materiales/Texturas/T_Naser.uasset" 4961
"C:/Users/maria/Desktop/proyecto II/AtaqueGamba/Content/Blueprint/Blueprints/actores/Personajes/NPC/BP_castigo.uasset" 4962
"C:/Users/maria/Desktop/proyecto II/AtaqueGamba/Content/Materiales/M_castigo.uasset" 4963
"C:/Users/maria/Desktop/proyecto II/AtaqueGamba/Content/Materiales/Texturas/naser_triste.uasset" 4964
"C:/Users/maria/Desktop/proyecto II/AtaqueGamba/Content/Materiales/M_Naser.uasset" 4965
"C:/Users/maria/Desktop/proyecto II/AtaqueGamba/Content/Blueprint/SN/NS_Lagrimas.uasset" 4966
"C:/Users/maria/Desktop/proyecto II/AtaqueGamba/Content/Modelos/personajes/Naser/Sad_Idle_Skeleton.uasset" 4967
"C:/Users/maria/Desktop/proyecto II/AtaqueGamba/Content/Materiales/M_Lagrimas.uasset" 4968
"C:/Users/maria/Desktop/proyecto II/AtaqueGamba/Content/Blueprint/Anims/ABP_Naser.uasset" 4969
"C:/Users/maria/Desktop/proyecto II/AtaqueGamba/Content/Materiales/M_Suelo.uasset" 4970
"C:/Users/maria/Desktop/proyecto II/AtaqueGamba/Content/Modelos/personajes/Naser/Sad_Idle.uasset" 4971
"C:/Users/maria/Desktop/proyecto II/AtaqueGamba/Content/Mapas/Menus/Punishment_map.umap" 4972
"../../../Engine/Content/MapTemplates/SM_Template_Map_Floor.uasset" 4973
"C:/Users/maria/Desktop/proyecto II/AtaqueGamba/Content/Blueprint/Blueprints/componentes/BPI/BPI_Interact.uasset" 4974
"C:/Users/maria/Desktop/proyecto II/AtaqueGamba/Content/Modelos/personajes/Castigo/SK_maniqui_Anim.uasset" 4975
"C:/Users/maria/Desktop/proyecto II/AtaqueGamba/Content/Modelos/personajes/Naser/Material.uasset" 4976
"C:/Users/maria/Desktop/proyecto II/AtaqueGamba/Content/Modelos/personajes/Naser/Sad_Idle_PhysicsAsset.uasset" 4977
"/Game/Modelos/EasterEgg/PlushieMaterial" 4978
"C:/Users/maria/Desktop/proyecto II/AtaqueGamba/Content/Blueprint/Blueprints/actores/Personajes/NPC/BP_Naser.uasset" 4979
"C:/Users/maria/Desktop/proyecto II/AtaqueGamba/Content/Materiales/Texturas/T_MaderaClara.uasset" 4980
"C:/Users/maria/Desktop/proyecto II/AtaqueGamba/Content/UI/Interfaces/Guardado/UI_Punishment.uasset" 4981
"C:/Users/maria/Desktop/proyecto II/AtaqueGamba/Content/Modelos/personajes/Castigo/Material_001.uasset" 4982
"C:/Users/maria/Desktop/proyecto II/AtaqueGamba/Content/UI/UI_Punishment.uasset" 4983
"C:/Users/maria/Desktop/proyecto II/AtaqueGamba/Content/Modelos/personajes/Naser/Sad_Idle_Anim.uasset" 4984
"C:/Users/maria/Desktop/proyecto II/AtaqueGamba/Content/Materiales/Texturas/T_Lagrima.uasset" 4985
"/Game/Modelos/PropsNuevos/PropsPiso+/PuertaArriba" 4986
"C:/Users/maria/Desktop/proyecto II/AtaqueGamba/Content/Mapas/Mapa_ini_HLOD0_Instancing.uasset" 4987
"C:/Users/maria/Desktop/proyecto II/AtaqueGamba/Content/Blueprint/Blueprints/controladores/BP_FirstPersonGameMode.uasset" 4988
"C:/Users/maria/Desktop/proyecto II/AtaqueGamba/Content/__ExternalActors__/Mapas/Mapa_ini/3/BE/T4XXL4RE73GJ7G7ZL7FLPX.uasset" 4989
"C:/Users/maria/Desktop/proyecto II/AtaqueGamba/Content/Mapas/Menus/creditos.umap" 4990
"C:/Users/maria/Desktop/proyecto II/AtaqueGamba/Content/Mapas/Mapa_ini.umap" 4991
"/Game/Mapas/Menus/Punishment_map" 4992
"../../../../../../Users/maria/Desktop/proyecto II/AtaqueGamba/Content/Mapas/Menus/Punishment_map.umap" 4993
"/Game/Mapas/Niveles/Nivel_Hub" 4994
"../../../../../../Users/maria/Desktop/proyecto II/AtaqueGamba/Content/Mapas/Niveles/Nivel_Hub.umap" 4995
"../../../Engine/Content/EngineSounds/Submixes/MasterEQEffectPreset.uasset" 4996
"../../../Engine/Content/EngineSounds/Submixes/MasterReverbSubmixDefault.uasset" 4997
"../../../Engine/Content/EngineSounds/Submixes/MasterReverbEffectPreset.uasset" 4998
"../../../Engine/Content/EngineSounds/Submixes/MasterSubmixDefault.uasset" 4999
"../../../Engine/Content/EngineSounds/Submixes/MasterEQSubmixDefault.uasset" 5000
"../../../Engine/Plugins/Interchange/Assets/Shaders/ThinFilmFunctions.usf" 5001
"/Game/Mapas/Menus/creditos" 5002
"../../../../../../Users/maria/Desktop/proyecto II/AtaqueGamba/Content/Mapas/Menus/creditos.umap" 5003
"/Game/Mapas/Mapa_ini" 5004
"/Game/Blueprint/Blueprints/controladores/BP_FirstPersonGameMode" 5005
"../../../Engine/Plugins/Interchange/Assets/Content/gltf/MaterialInstances/MI_ClearCoat_Opaque.uasset" 5006
"../../../Engine/Plugins/Interchange/Assets/Content/gltf/MaterialInstances/MI_ClearCoat_Mask.uasset" 5007
"/Game/__ExternalActors__/Mapas/Mapa_ini/0/1G/8NAVK9UC86TCFZP9ET2OCF" 5008
"../../../../../../Users/maria/Desktop/proyecto II/AtaqueGamba/Content/__ExternalActors__/Mapas/Mapa_ini/0/1G/8NAVK9UC86TCFZP9ET2OCF.uasset" 5009
"../../../Engine/Content/OpenWorldTemplate/HLOD/HLOD0_Instancing.uasset" 5010
"../../../Engine/Content/OpenWorldTemplate/LandscapeMaterial/M_ProcGrid.uasset" 5011
"../../../Engine/Content/Functions/Engine_MaterialFunctions01/Gradient/LinearGradient.uasset" 5012
"../../../Engine/Content/Functions/Engine_MaterialFunctions01/ImageAdjustment/CheapContrast.uasset" 5013
"../../../Engine/Content/Functions/Engine_MaterialFunctions03/Blends/Blend_Overlay.uasset" 5014
"../../../Engine/Content/OpenWorldTemplate/LandscapeMaterial/MF_ProcGrid.uasset" 5015
"../../../Engine/Content/EngineMaterials/BlendFunc_DefBase.uasset" 5016
"../../../Engine/Content/EngineMaterials/BlendFunc_DefBlend.uasset" 5017
"../../../Engine/Content/OpenWorldTemplate/LandscapeMaterial/T_GridChecker_A.uasset" 5018
"/Game/__ExternalActors__/Mapas/Mapa_ini/0/95/54S4ELXVOXBC23752JWTJS" 5019
"../../../../../../Users/maria/Desktop/proyecto II/AtaqueGamba/Content/__ExternalActors__/Mapas/Mapa_ini/0/95/54S4ELXVOXBC23752JWTJS.uasset" 5020
"/Game/__ExternalActors__/Mapas/Mapa_ini/0/RL/Q3QHYSP519AAGHEQQ3EC3G" 5021
"../../../../../../Users/maria/Desktop/proyecto II/AtaqueGamba/Content/__ExternalActors__/Mapas/Mapa_ini/0/RL/Q3QHYSP519AAGHEQQ3EC3G.uasset" 5022
"/Game/__ExternalActors__/Mapas/Mapa_ini/0/U2/A3DFO28HOENROZVHF9CIZW" 5023
"../../../../../../Users/maria/Desktop/proyecto II/AtaqueGamba/Content/__ExternalActors__/Mapas/Mapa_ini/0/U2/A3DFO28HOENROZVHF9CIZW.uasset" 5024
"/Game/__ExternalActors__/Mapas/Mapa_ini/1/59/HCXRZV3C7TKGFK1JXJ4UH3" 5025
"../../../../../../Users/maria/Desktop/proyecto II/AtaqueGamba/Content/__ExternalActors__/Mapas/Mapa_ini/1/59/HCXRZV3C7TKGFK1JXJ4UH3.uasset" 5026
"/Game/__ExternalActors__/Mapas/Mapa_ini/1/NQ/WT1JGHTC65P2BP6DVC7HU3" 5027
"../../../../../../Users/maria/Desktop/proyecto II/AtaqueGamba/Content/__ExternalActors__/Mapas/Mapa_ini/1/NQ/WT1JGHTC65P2BP6DVC7HU3.uasset" 5028
"/Game/__ExternalActors__/Mapas/Mapa_ini/1/YF/WXIR8647O5L47AL5C5ST31" 5029
"../../../../../../Users/maria/Desktop/proyecto II/AtaqueGamba/Content/__ExternalActors__/Mapas/Mapa_ini/1/YF/WXIR8647O5L47AL5C5ST31.uasset" 5030
"/Game/__ExternalActors__/Mapas/Mapa_ini/2/5O/VL9WHYGD46T96WBZCNGHGB" 5031
"../../../../../../Users/maria/Desktop/proyecto II/AtaqueGamba/Content/__ExternalActors__/Mapas/Mapa_ini/2/5O/VL9WHYGD46T96WBZCNGHGB.uasset" 5032
"/Game/__ExternalActors__/Mapas/Mapa_ini/2/68/673RP4HP4ADKJ82EYRILEU" 5033
"../../../../../../Users/maria/Desktop/proyecto II/AtaqueGamba/Content/__ExternalActors__/Mapas/Mapa_ini/2/68/673RP4HP4ADKJ82EYRILEU.uasset" 5034
"/Game/__ExternalActors__/Mapas/Mapa_ini/2/7P/CWYCTKLEQETT4Q021GET8E" 5035
"../../../../../../Users/maria/Desktop/proyecto II/AtaqueGamba/Content/__ExternalActors__/Mapas/Mapa_ini/2/7P/CWYCTKLEQETT4Q021GET8E.uasset" 5036
"/Game/__ExternalActors__/Mapas/Mapa_ini/2/C4/ISLFZUH5T6ZC4GFQP2K8QR" 5037
"../../../../../../Users/maria/Desktop/proyecto II/AtaqueGamba/Content/__ExternalActors__/Mapas/Mapa_ini/2/C4/ISLFZUH5T6ZC4GFQP2K8QR.uasset" 5038
"/Game/__ExternalActors__/Mapas/Mapa_ini/2/FE/KRIUBYBCMTXB3BL3GDDZBS" 5039
"../../../../../../Users/maria/Desktop/proyecto II/AtaqueGamba/Content/__ExternalActors__/Mapas/Mapa_ini/2/FE/KRIUBYBCMTXB3BL3GDDZBS.uasset" 5040
"/Game/__ExternalActors__/Mapas/Mapa_ini/3/7Q/4WKKPH0G9OVO0JC38T0VGQ" 5041
"../../../../../../Users/maria/Desktop/proyecto II/AtaqueGamba/Content/__ExternalActors__/Mapas/Mapa_ini/3/7Q/4WKKPH0G9OVO0JC38T0VGQ.uasset" 5042
"/Game/__ExternalActors__/Mapas/Mapa_ini/3/CM/WR2ZMMXM2YQS1F33VESO9F" 5043
"../../../../../../Users/maria/Desktop/proyecto II/AtaqueGamba/Content/__ExternalActors__/Mapas/Mapa_ini/3/CM/WR2ZMMXM2YQS1F33VESO9F.uasset" 5044
"/Game/__ExternalActors__/Mapas/Mapa_ini/3/LQ/BUY8ZRLHJXR11DB26POLEY" 5045
"../../../../../../Users/maria/Desktop/proyecto II/AtaqueGamba/Content/__ExternalActors__/Mapas/Mapa_ini/3/LQ/BUY8ZRLHJXR11DB26POLEY.uasset" 5046
"/Game/__ExternalActors__/Mapas/Mapa_ini/3/P1/7PTMLPS8L539R6M4IVVKAD" 5047
"../../../../../../Users/maria/Desktop/proyecto II/AtaqueGamba/Content/__ExternalActors__/Mapas/Mapa_ini/3/P1/7PTMLPS8L539R6M4IVVKAD.uasset" 5048
"/Game/__ExternalActors__/Mapas/Mapa_ini/3/QL/AVDFN8FIOKLRD0VKFKM8FR" 5049
"../../../../../../Users/maria/Desktop/proyecto II/AtaqueGamba/Content/__ExternalActors__/Mapas/Mapa_ini/3/QL/AVDFN8FIOKLRD0VKFKM8FR.uasset" 5050
"/Game/__ExternalActors__/Mapas/Mapa_ini/4/1S/MFJK9EWNK6L0RENLWXDR4S" 5051
"../../../../../../Users/maria/Desktop/proyecto II/AtaqueGamba/Content/__ExternalActors__/Mapas/Mapa_ini/4/1S/MFJK9EWNK6L0RENLWXDR4S.uasset" 5052
"/Game/__ExternalActors__/Mapas/Mapa_ini/5/4Z/V50URQC5CGD1CQ2V21XUI2" 5053
"../../../../../../Users/maria/Desktop/proyecto II/AtaqueGamba/Content/__ExternalActors__/Mapas/Mapa_ini/5/4Z/V50URQC5CGD1CQ2V21XUI2.uasset" 5054
"/Game/__ExternalActors__/Mapas/Mapa_ini/5/DL/GV7YGN1OZZG8APQPUJ7GXE" 5055
"../../../../../../Users/maria/Desktop/proyecto II/AtaqueGamba/Content/__ExternalActors__/Mapas/Mapa_ini/5/DL/GV7YGN1OZZG8APQPUJ7GXE.uasset" 5056
"/Game/__ExternalActors__/Mapas/Mapa_ini/5/O1/RSNNZZDV8A3RMR8ZGEPXFA" 5057
"../../../../../../Users/maria/Desktop/proyecto II/AtaqueGamba/Content/__ExternalActors__/Mapas/Mapa_ini/5/O1/RSNNZZDV8A3RMR8ZGEPXFA.uasset" 5058
"/Game/__ExternalActors__/Mapas/Mapa_ini/6/5T/TWZC99KTOZDDTC367AQPTV" 5059
"../../../../../../Users/maria/Desktop/proyecto II/AtaqueGamba/Content/__ExternalActors__/Mapas/Mapa_ini/6/5T/TWZC99KTOZDDTC367AQPTV.uasset" 5060
"/Game/__ExternalActors__/Mapas/Mapa_ini/6/EY/2J9PL2Q2XGUJZ02WTVQS02" 5061
"../../../../../../Users/maria/Desktop/proyecto II/AtaqueGamba/Content/__ExternalActors__/Mapas/Mapa_ini/6/EY/2J9PL2Q2XGUJZ02WTVQS02.uasset" 5062
"/Game/__ExternalActors__/Mapas/Mapa_ini/6/GQ/KIPVXHA0AFAAZOZQ6G2KZE" 5063
"../../../../../../Users/maria/Desktop/proyecto II/AtaqueGamba/Content/__ExternalActors__/Mapas/Mapa_ini/6/GQ/KIPVXHA0AFAAZOZQ6G2KZE.uasset" 5064
"/Game/__ExternalActors__/Mapas/Mapa_ini/7/5A/D8TMHX2TFT3KZ33CRB9IZP" 5065
"../../../../../../Users/maria/Desktop/proyecto II/AtaqueGamba/Content/__ExternalActors__/Mapas/Mapa_ini/7/5A/D8TMHX2TFT3KZ33CRB9IZP.uasset" 5066
"/Game/__ExternalActors__/Mapas/Mapa_ini/7/AY/R7NPVB0XN18ZUMFMYK0P4Y" 5067
"../../../../../../Users/maria/Desktop/proyecto II/AtaqueGamba/Content/__ExternalActors__/Mapas/Mapa_ini/7/AY/R7NPVB0XN18ZUMFMYK0P4Y.uasset" 5068
"/Game/__ExternalActors__/Mapas/Mapa_ini/7/ZJ/U3CESFDV1JC76IBAJBKC6A" 5069
"../../../../../../Users/maria/Desktop/proyecto II/AtaqueGamba/Content/__ExternalActors__/Mapas/Mapa_ini/7/ZJ/U3CESFDV1JC76IBAJBKC6A.uasset" 5070
"/Game/__ExternalActors__/Mapas/Mapa_ini/8/9O/35BA0AJ9SPYE4934IUNAHE" 5071
"../../../../../../Users/maria/Desktop/proyecto II/AtaqueGamba/Content/__ExternalActors__/Mapas/Mapa_ini/8/9O/35BA0AJ9SPYE4934IUNAHE.uasset" 5072
"/Game/__ExternalActors__/Mapas/Mapa_ini/8/CT/N4MKZRUIY2N0NZIWFSGYM4" 5073
"../../../../../../Users/maria/Desktop/proyecto II/AtaqueGamba/Content/__ExternalActors__/Mapas/Mapa_ini/8/CT/N4MKZRUIY2N0NZIWFSGYM4.uasset" 5074
"/Game/__ExternalActors__/Mapas/Mapa_ini/8/EZ/H40N975A6UD4FWSFTH3KTY" 5075
"../../../../../../Users/maria/Desktop/proyecto II/AtaqueGamba/Content/__ExternalActors__/Mapas/Mapa_ini/8/EZ/H40N975A6UD4FWSFTH3KTY.uasset" 5076
"/Game/__ExternalActors__/Mapas/Mapa_ini/8/QH/4M9P3GX5GI3UQOZKDED8UQ" 5077
"../../../../../../Users/maria/Desktop/proyecto II/AtaqueGamba/Content/__ExternalActors__/Mapas/Mapa_ini/8/QH/4M9P3GX5GI3UQOZKDED8UQ.uasset" 5078
"/Game/__ExternalActors__/Mapas/Mapa_ini/8/TW/6XXDO7OY6DVBBT9N3TXGEK" 5079
"../../../../../../Users/maria/Desktop/proyecto II/AtaqueGamba/Content/__ExternalActors__/Mapas/Mapa_ini/8/TW/6XXDO7OY6DVBBT9N3TXGEK.uasset" 5080
"/Game/__ExternalActors__/Mapas/Mapa_ini/8/ZL/R7Z5T3CU7SATNGN2QR9289" 5081
"../../../../../../Users/maria/Desktop/proyecto II/AtaqueGamba/Content/__ExternalActors__/Mapas/Mapa_ini/8/ZL/R7Z5T3CU7SATNGN2QR9289.uasset" 5082
"/Game/__ExternalActors__/Mapas/Mapa_ini/9/DX/5HWXU7Q4U68DCG4I15S35R" 5083
"../../../../../../Users/maria/Desktop/proyecto II/AtaqueGamba/Content/__ExternalActors__/Mapas/Mapa_ini/9/DX/5HWXU7Q4U68DCG4I15S35R.uasset" 5084
"/Game/__ExternalActors__/Mapas/Mapa_ini/9/HQ/LQG8JEQKXAOA8WY49OVCYQ" 5085
"../../../../../../Users/maria/Desktop/proyecto II/AtaqueGamba/Content/__ExternalActors__/Mapas/Mapa_ini/9/HQ/LQG8JEQKXAOA8WY49OVCYQ.uasset" 5086
"/Game/__ExternalActors__/Mapas/Mapa_ini/9/M0/B5KNOX2TTL7C5YG5A6CPG8" 5087
"../../../../../../Users/maria/Desktop/proyecto II/AtaqueGamba/Content/__ExternalActors__/Mapas/Mapa_ini/9/M0/B5KNOX2TTL7C5YG5A6CPG8.uasset" 5088
"/Game/__ExternalActors__/Mapas/Mapa_ini/9/XL/1A8S60N5PSOQ9YYWB1TGII" 5089
"../../../../../../Users/maria/Desktop/proyecto II/AtaqueGamba/Content/__ExternalActors__/Mapas/Mapa_ini/9/XL/1A8S60N5PSOQ9YYWB1TGII.uasset" 5090
"/Game/__ExternalActors__/Mapas/Mapa_ini/A/3Q/BEAFUZ9BBZFNRX6LKU167Q" 5091
"../../../../../../Users/maria/Desktop/proyecto II/AtaqueGamba/Content/__ExternalActors__/Mapas/Mapa_ini/A/3Q/BEAFUZ9BBZFNRX6LKU167Q.uasset" 5092
"/Game/__ExternalActors__/Mapas/Mapa_ini/A/80/7I17BM9TYRHEE6OD6G89HU" 5093
"../../../../../../Users/maria/Desktop/proyecto II/AtaqueGamba/Content/__ExternalActors__/Mapas/Mapa_ini/A/80/7I17BM9TYRHEE6OD6G89HU.uasset" 5094
"/Game/__ExternalActors__/Mapas/Mapa_ini/A/ER/UXDSW5BS5N54CMOU3I36SS" 5095
"../../../../../../Users/maria/Desktop/proyecto II/AtaqueGamba/Content/__ExternalActors__/Mapas/Mapa_ini/A/ER/UXDSW5BS5N54CMOU3I36SS.uasset" 5096
"/Game/__ExternalActors__/Mapas/Mapa_ini/A/NT/VDSDL62EAJ838K60BCRWI3" 5097
"../../../../../../Users/maria/Desktop/proyecto II/AtaqueGamba/Content/__ExternalActors__/Mapas/Mapa_ini/A/NT/VDSDL62EAJ838K60BCRWI3.uasset" 5098
"/Game/__ExternalActors__/Mapas/Mapa_ini/A/OU/67L1BOG7VJURJICDGG2WAB" 5099
"../../../../../../Users/maria/Desktop/proyecto II/AtaqueGamba/Content/__ExternalActors__/Mapas/Mapa_ini/A/OU/67L1BOG7VJURJICDGG2WAB.uasset" 5100
"/Game/__ExternalActors__/Mapas/Mapa_ini/B/8N/M7A9755DESZPZ0L3184ZJO" 5101
"../../../../../../Users/maria/Desktop/proyecto II/AtaqueGamba/Content/__ExternalActors__/Mapas/Mapa_ini/B/8N/M7A9755DESZPZ0L3184ZJO.uasset" 5102
"/Game/__ExternalActors__/Mapas/Mapa_ini/B/WP/GWY6LKINQ1BEEAJ329TA2E" 5103
"../../../../../../Users/maria/Desktop/proyecto II/AtaqueGamba/Content/__ExternalActors__/Mapas/Mapa_ini/B/WP/GWY6LKINQ1BEEAJ329TA2E.uasset" 5104
"/Game/__ExternalActors__/Mapas/Mapa_ini/B/XW/TZ5YKXT2IVWPH7PCN42O5C" 5105
"../../../../../../Users/maria/Desktop/proyecto II/AtaqueGamba/Content/__ExternalActors__/Mapas/Mapa_ini/B/XW/TZ5YKXT2IVWPH7PCN42O5C.uasset" 5106
"/Game/__ExternalActors__/Mapas/Mapa_ini/C/5H/89UAC9EXNGXP6E19I1UOXL" 5107
"../../../../../../Users/maria/Desktop/proyecto II/AtaqueGamba/Content/__ExternalActors__/Mapas/Mapa_ini/C/5H/89UAC9EXNGXP6E19I1UOXL.uasset" 5108
"/Game/__ExternalActors__/Mapas/Mapa_ini/C/8W/RCZKXQIP07ZHPFJXMGO2T5" 5109
"../../../../../../Users/maria/Desktop/proyecto II/AtaqueGamba/Content/__ExternalActors__/Mapas/Mapa_ini/C/8W/RCZKXQIP07ZHPFJXMGO2T5.uasset" 5110
"/Game/__ExternalActors__/Mapas/Mapa_ini/C/AN/86TOPRZWE2GQH66Z7HT9U5" 5111
"../../../../../../Users/maria/Desktop/proyecto II/AtaqueGamba/Content/__ExternalActors__/Mapas/Mapa_ini/C/AN/86TOPRZWE2GQH66Z7HT9U5.uasset" 5112
"/Game/__ExternalActors__/Mapas/Mapa_ini/C/BS/O3A7OB4LF5G65VIKRCZL53" 5113
"../../../../../../Users/maria/Desktop/proyecto II/AtaqueGamba/Content/__ExternalActors__/Mapas/Mapa_ini/C/BS/O3A7OB4LF5G65VIKRCZL53.uasset" 5114
"/Game/__ExternalActors__/Mapas/Mapa_ini/C/G0/0PL44PZUFWG94KEG9ASTE7" 5115
"../../../../../../Users/maria/Desktop/proyecto II/AtaqueGamba/Content/__ExternalActors__/Mapas/Mapa_ini/C/G0/0PL44PZUFWG94KEG9ASTE7.uasset" 5116
"/Game/__ExternalActors__/Mapas/Mapa_ini/C/K6/8UDXPDH41IU79NJCTG4BP1" 5117
"../../../../../../Users/maria/Desktop/proyecto II/AtaqueGamba/Content/__ExternalActors__/Mapas/Mapa_ini/C/K6/8UDXPDH41IU79NJCTG4BP1.uasset" 5118
"/Game/__ExternalActors__/Mapas/Mapa_ini/C/KJ/Y1JLF2SGLB2GCK7X1N8Z4J" 5119
"../../../../../../Users/maria/Desktop/proyecto II/AtaqueGamba/Content/__ExternalActors__/Mapas/Mapa_ini/C/KJ/Y1JLF2SGLB2GCK7X1N8Z4J.uasset" 5120
"/Game/__ExternalActors__/Mapas/Mapa_ini/C/L3/0DP17A15X23N9HVNE5BK0C" 5121
"../../../../../../Users/maria/Desktop/proyecto II/AtaqueGamba/Content/__ExternalActors__/Mapas/Mapa_ini/C/L3/0DP17A15X23N9HVNE5BK0C.uasset" 5122
"/Game/__ExternalActors__/Mapas/Mapa_ini/C/QC/CZ1CLHP10OQDZQ4Z75TXNL" 5123
"../../../../../../Users/maria/Desktop/proyecto II/AtaqueGamba/Content/__ExternalActors__/Mapas/Mapa_ini/C/QC/CZ1CLHP10OQDZQ4Z75TXNL.uasset" 5124
"/Game/__ExternalActors__/Mapas/Mapa_ini/D/5A/OJ8T87OEPRE72SVR06YMCA" 5125
"../../../../../../Users/maria/Desktop/proyecto II/AtaqueGamba/Content/__ExternalActors__/Mapas/Mapa_ini/D/5A/OJ8T87OEPRE72SVR06YMCA.uasset" 5126
"/Game/__ExternalActors__/Mapas/Mapa_ini/D/TN/PPSMUJR0EVPJTQNTCPEAOX" 5127
"../../../../../../Users/maria/Desktop/proyecto II/AtaqueGamba/Content/__ExternalActors__/Mapas/Mapa_ini/D/TN/PPSMUJR0EVPJTQNTCPEAOX.uasset" 5128
"/Game/__ExternalActors__/Mapas/Mapa_ini/D/VQ/CUFSEVP3C2W8XCD4ZYS8L7" 5129
"../../../../../../Users/maria/Desktop/proyecto II/AtaqueGamba/Content/__ExternalActors__/Mapas/Mapa_ini/D/VQ/CUFSEVP3C2W8XCD4ZYS8L7.uasset" 5130
"/Game/__ExternalActors__/Mapas/Mapa_ini/D/WQ/SG8NCYCGZSUQBMWCPIRZXN" 5131
"../../../../../../Users/maria/Desktop/proyecto II/AtaqueGamba/Content/__ExternalActors__/Mapas/Mapa_ini/D/WQ/SG8NCYCGZSUQBMWCPIRZXN.uasset" 5132
"/Game/__ExternalActors__/Mapas/Mapa_ini/D/YN/2P5AEJFEXYA3Z1968VABOX" 5133
"../../../../../../Users/maria/Desktop/proyecto II/AtaqueGamba/Content/__ExternalActors__/Mapas/Mapa_ini/D/YN/2P5AEJFEXYA3Z1968VABOX.uasset" 5134
"/Game/__ExternalActors__/Mapas/Mapa_ini/E/68/JALUHAAMPSMFP3T9H8O57U" 5135
"../../../../../../Users/maria/Desktop/proyecto II/AtaqueGamba/Content/__ExternalActors__/Mapas/Mapa_ini/E/68/JALUHAAMPSMFP3T9H8O57U.uasset" 5136
"/Game/__ExternalActors__/Mapas/Mapa_ini/E/8Q/63MX81SVGKN656ZSNCILAI" 5137
"../../../../../../Users/maria/Desktop/proyecto II/AtaqueGamba/Content/__ExternalActors__/Mapas/Mapa_ini/E/8Q/63MX81SVGKN656ZSNCILAI.uasset" 5138
"/Game/__ExternalActors__/Mapas/Mapa_ini/E/9J/OOE85AH0XDX680I8B7L25O" 5139
"../../../../../../Users/maria/Desktop/proyecto II/AtaqueGamba/Content/__ExternalActors__/Mapas/Mapa_ini/E/9J/OOE85AH0XDX680I8B7L25O.uasset" 5140
"/Game/__ExternalActors__/Mapas/Mapa_ini/E/A5/LRX2ZXWQWQJCPANJN3U3T8" 5141
"../../../../../../Users/maria/Desktop/proyecto II/AtaqueGamba/Content/__ExternalActors__/Mapas/Mapa_ini/E/A5/LRX2ZXWQWQJCPANJN3U3T8.uasset" 5142
"/Game/__ExternalActors__/Mapas/Mapa_ini/E/YM/0OTMMW0OQDGMBI7EUYA238" 5143
"../../../../../../Users/maria/Desktop/proyecto II/AtaqueGamba/Content/__ExternalActors__/Mapas/Mapa_ini/E/YM/0OTMMW0OQDGMBI7EUYA238.uasset" 5144
"/Game/__ExternalActors__/Mapas/Mapa_ini/2/XL/11TSBLLECBSG4JK2YEVBO0" 5145
"../../../../../../Users/maria/Desktop/proyecto II/AtaqueGamba/Content/__ExternalActors__/Mapas/Mapa_ini/2/XL/11TSBLLECBSG4JK2YEVBO0.uasset" 5146
"/Game/__ExternalActors__/Mapas/Mapa_ini/4/EL/U6PA6DV4F82P25SSOEX50F" 5147
"../../../../../../Users/maria/Desktop/proyecto II/AtaqueGamba/Content/__ExternalActors__/Mapas/Mapa_ini/4/EL/U6PA6DV4F82P25SSOEX50F.uasset" 5148
"/Game/__ExternalActors__/Mapas/Mapa_ini/5/H9/BZCBCR9HINB4LQB1AAT4GH" 5149
"../../../../../../Users/maria/Desktop/proyecto II/AtaqueGamba/Content/__ExternalActors__/Mapas/Mapa_ini/5/H9/BZCBCR9HINB4LQB1AAT4GH.uasset" 5150
"/Game/__ExternalActors__/Mapas/Mapa_ini/8/X7/1MEXDYZBNR20ES3ADU580R" 5151
"../../../../../../Users/maria/Desktop/proyecto II/AtaqueGamba/Content/__ExternalActors__/Mapas/Mapa_ini/8/X7/1MEXDYZBNR20ES3ADU580R.uasset" 5152
"/Game/__ExternalActors__/Mapas/Mapa_ini/A/XC/H068NE25YP0OIYJ0HC10NU" 5153
"../../../../../../Users/maria/Desktop/proyecto II/AtaqueGamba/Content/__ExternalActors__/Mapas/Mapa_ini/A/XC/H068NE25YP0OIYJ0HC10NU.uasset" 5154
"../../../Engine/Content/EngineSky/VolumetricClouds/m_SimpleVolumetricCloud_Inst.uasset" 5155
"../../../Engine/Content/EngineSky/VolumetricClouds/m_SimpleVolumetricCloud.uasset" 5156
"../../../Engine/Content/EngineSky/VolumetricClouds/T_CloudMask.uasset" 5157
"../../../Engine/Content/EngineSky/VolumetricClouds/T_CloudPattern.uasset" 5158
"../../../Engine/Content/EngineSky/VolumetricClouds/T_Profile_08.uasset" 5159
"../../../Engine/Content/EngineSky/VolumetricClouds/VT_PerlinWorley_Balanced.uasset" 5160
"../../../Engine/Content/Functions/Engine_MaterialFunctions01/Units/Km-to-Cm.uasset" 5161
"../../../Engine/Content/Functions/Engine_MaterialFunctions02/Utility/BreakOutFloat4Components.uasset" 5162
"../../../Engine/Content/Functions/Engine_MaterialFunctions02/Utility/MakeFloat4.uasset" 5163
"../../../Engine/Content/EngineSky/VolumetricClouds/VT_Lightning.uasset" 5164
"/Game/__ExternalActors__/Mapas/Mapa_ini/B/6J/NH3Y6E2TSXS0RRDEIDPBU3" 5165
"../../../../../../Users/maria/Desktop/proyecto II/AtaqueGamba/Content/__ExternalActors__/Mapas/Mapa_ini/B/6J/NH3Y6E2TSXS0RRDEIDPBU3.uasset" 5166
"/Game/__ExternalActors__/Mapas/Mapa_ini/C/JU/29YEETU2BAHQPUYYIKIV9M" 5167
"../../../../../../Users/maria/Desktop/proyecto II/AtaqueGamba/Content/__ExternalActors__/Mapas/Mapa_ini/C/JU/29YEETU2BAHQPUYYIKIV9M.uasset" 5168
"../../../Engine/Content/EngineSky/M_SimpleSkyDome.uasset" 5169
"../../../Engine/Content/EngineSky/SM_SkySphere.uasset" 5170
"../../../Engine/Content/EngineSky/M_Sky_Panning_Clouds2.uasset" 5171
"../../../Engine/Content/EngineSky/T_Sky_Blue.uasset" 5172
"../../../Engine/Content/EngineSky/T_Sky_Clouds_M.uasset" 5173
"../../../Engine/Content/EngineSky/T_Sky_Stars.uasset" 5174
"/Game/__ExternalActors__/Mapas/Mapa_ini/E/9U/EJDYJ9WFLLVTV3X30PEP9J" 5175
"../../../../../../Users/maria/Desktop/proyecto II/AtaqueGamba/Content/__ExternalActors__/Mapas/Mapa_ini/E/9U/EJDYJ9WFLLVTV3X30PEP9J.uasset" 5176
"../../../../../../Users/maria/Desktop/proyecto II/AtaqueGamba/Content/Mapas/Mapa_ini.umap" 5177
"/Engine/EngineSounds/Submixes/MasterReverbSubmixDefault" 5178
"../../../Engine/Plugins/Interchange/Assets/Content/gltf/MaterialInstances/MI_ClearCoat_Blend.uasset" 5179
"../../../Engine/Plugins/Interchange/Assets/Content/gltf/MaterialInstances/MI_Default_Opaque.uasset" 5180
"../../../Engine/Plugins/Interchange/Assets/Content/gltf/MaterialInstances/MI_ClearCoat_Opaque_DS.uasset" 5181
"../../../Engine/Plugins/Interchange/Assets/Content/gltf/MaterialInstances/MI_ClearCoat_Mask_DS.uasset" 5182
"../../../Engine/Plugins/Interchange/Assets/Content/gltf/MaterialInstances/MI_Default_Blend.uasset" 5183
"../../../Engine/Plugins/Interchange/Assets/Content/gltf/MaterialInstances/MI_Default_Mask_DS.uasset" 5184
"../../../Engine/Plugins/Interchange/Assets/Content/gltf/MaterialBodies/MF_Sheen_Body.uasset" 5185
"../../../Engine/Plugins/Interchange/Assets/Content/gltf/M_Sheen.uasset" 5186
"../../../Engine/Plugins/Interchange/Assets/Content/gltf/MaterialFunctions/MF_Fresnel_DS.uasset" 5187
"../../../Engine/Plugins/Interchange/Assets/Content/Functions/MF_Iridescence.uasset" 5188
"../../../Engine/Plugins/Interchange/Assets/Content/gltf/M_Transmission.uasset" 5189
"../../../Engine/Plugins/Interchange/Assets/Content/Utilities/New_LUT.uasset" 5190
"../../../Engine/Plugins/Interchange/Assets/Content/gltf/MaterialFunctions/MF_Temporal_Blur.uasset" 5191
"../../../Engine/Plugins/Interchange/Assets/Content/gltf/MaterialInstances/MI_Sheen_Opaque.uasset" 5192
"../../../Engine/Plugins/Interchange/Assets/Content/gltf/MaterialFunctions/MF_Sheen.uasset" 5193
"../../../Engine/Plugins/Interchange/Assets/Content/gltf/MaterialInstances/MI_Sheen_Blend.uasset" 5194
"../../../Engine/Plugins/Interchange/Assets/Content/gltf/MaterialInstances/MI_Sheen_Mask_DS.uasset" 5195
"../../../Engine/Plugins/Interchange/Assets/Content/gltf/MaterialInstances/MI_Sheen_Blend_DS.uasset" 5196
"../../../Engine/Plugins/Interchange/Assets/Content/gltf/MaterialFunctions/MF_SpecGlossToMetalRoughness.uasset" 5197
"../../../Engine/Plugins/Interchange/Assets/Content/gltf/MaterialFunctions/MF_Transmission.uasset" 5198
"../../../Engine/Plugins/Interchange/Assets/Content/gltf/MaterialInstances/MI_Transmission.uasset" 5199
"../../../Engine/Plugins/Interchange/Assets/Content/gltf/MaterialFunctions/MF_MaxComponentValue.uasset" 5200
"../../../Engine/Content/Functions/Engine_MaterialFunctions03/Math/RemapValueRange.uasset" 5201
"../../../Engine/Plugins/Interchange/Assets/Content/gltf/MaterialBodies/MF_Transmission_Body.uasset" 5202
"../../../Engine/Plugins/Interchange/Assets/Content/gltf/MaterialInstances/MI_Transmission_DS.uasset" 5203
"../../../Engine/Content/Functions/Engine_MaterialFunctions02/Texturing/ScreenAlignedPixelToPixelUVs.uasset" 5204
"../../../Engine/Plugins/Interchange/Assets/Content/gltf/MaterialInstances/MI_Sheen_Mask.uasset" 5205
"../../../Engine/Plugins/Interchange/Assets/Content/gltf/MaterialInstances/MI_Sheen_Opaque_DS.uasset" 5206
"../../../Engine/Plugins/Interchange/Assets/Content/gltf/MaterialInstances/MI_Default_Mask.uasset" 5207
"../../../Engine/Plugins/Interchange/Assets/Content/gltf/MaterialFunctions/MF_PerceivedBrightness.uasset" 5208
"/InterchangeAssets/gltf/MaterialInstances/MI_ClearCoat_Mask" 5209
"/InterchangeAssets/gltf/MaterialInstances/MI_ClearCoat_Opaque" 5210
"../../../Engine/Plugins/Interchange/Assets/Content/gltf/MaterialFunctions/MF_DiffuseSpecGloss.uasset" 5211
"../../../Engine/Plugins/Interchange/Assets/Content/gltf/MaterialBodies/MF_SpecularGlossiness_Body.uasset" 5212
"/InterchangeAssets/gltf/MaterialFunctions/MF_MaxComponentValue" 5213
"/InterchangeAssets/gltf/MaterialFunctions/MF_SpecGlossToMetalRoughness" 5214
"../../../Engine/Content/Functions/Engine_MaterialFunctions02/Math/AddComponents.uasset" 5215
"/InterchangeAssets/gltf/MaterialInstances/MI_Transmission_DS" 5216
"/InterchangeAssets/gltf/MaterialInstances/MI_Transmission" 5217
"/InterchangeAssets/gltf/MaterialInstances/MI_Sheen_Blend_DS" 5218
"/InterchangeAssets/gltf/MaterialInstances/MI_Sheen_Mask_DS" 5219
"/InterchangeAssets/gltf/MaterialInstances/MI_Sheen_Opaque_DS" 5220
"/InterchangeAssets/gltf/MaterialInstances/MI_Sheen_Blend" 5221
"/InterchangeAssets/gltf/MaterialInstances/MI_Sheen_Mask" 5222
"/InterchangeAssets/gltf/MaterialInstances/MI_Sheen_Opaque" 5223
"/InterchangeAssets/gltf/MaterialInstances/MI_Default_Mask" 5224
"/InterchangeAssets/gltf/MaterialInstances/MI_Default_Opaque" 5225
"/InterchangeAssets/gltf/MaterialInstances/MI_ClearCoat_Mask_DS" 5226
"/InterchangeAssets/gltf/MaterialInstances/MI_Default_Mask_DS" 5227
"/InterchangeAssets/gltf/MaterialInstances/MI_ClearCoat_Opaque_DS" 5228
"/InterchangeAssets/gltf/MaterialInstances/MI_ClearCoat_Blend" 5229
"/InterchangeAssets/gltf/MaterialInstances/MI_Default_Blend" 5230
"../../../Engine/Plugins/Interchange/Assets/Content/gltf/M_SpecularGlossiness.uasset" 5231
"../../../Engine/Plugins/Interchange/Assets/Content/gltf/MaterialInstances/MI_SpecularGlossiness_Opaque.uasset" 5232
"../../../Engine/Plugins/Interchange/Assets/Content/gltf/MaterialInstances/MI_SpecularGlossiness_Mask.uasset" 5233
"../../../Engine/Plugins/Interchange/Assets/Content/gltf/MaterialInstances/MI_SpecularGlossiness_Opaque_DS.uasset" 5234
"../../../Engine/Content/Functions/Engine_MaterialFunctions01/Volumetrics/BeersLaw.uasset" 5235
"../../../Engine/Plugins/Interchange/Assets/Content/gltf/MaterialInstances/MI_SpecularGlossiness_Blend.uasset" 5236
"../../../Engine/Plugins/Interchange/Assets/Content/gltf/MaterialInstances/MI_SpecularGlossiness_Mask_DS.uasset" 5237
"../../../Engine/Plugins/Interchange/Assets/Content/Functions/MX_Transmission.uasset" 5238
"../../../Engine/Plugins/Interchange/Assets/Content/gltf/MaterialBodies/MF_Unlit_Body.uasset" 5239
"../../../Engine/Plugins/Interchange/Assets/Content/gltf/M_Unlit.uasset" 5240
"../../../Engine/Plugins/Interchange/Assets/Content/Functions/MX_TransmissionSurface.uasset" 5241
"../../../Engine/Plugins/Interchange/Assets/Content/gltf/MaterialInstances/MI_Unlit_Blend.uasset" 5242
"../../../Engine/Plugins/Interchange/Assets/Content/gltf/MaterialInstances/MI_Unlit_Opaque_DS.uasset" 5243
"../../../Engine/Plugins/Interchange/Assets/Content/gltf/MaterialInstances/MI_Unlit_Mask.uasset" 5244
"../../../Engine/Plugins/Interchange/Assets/Content/gltf/MaterialInstances/MI_Unlit_Blend_DS.uasset" 5245
"../../../Engine/Plugins/Interchange/Assets/Content/gltf/MaterialInstances/MI_SpecularGlossiness_Blend_DS.uasset" 5246
"../../../Engine/Plugins/Interchange/Assets/Content/Functions/MF_OrenNayerView.uasset" 5247
"../../../Engine/Plugins/Interchange/Assets/Content/Functions/MX_StandardSurface.uasset" 5248
"../../../Engine/Content/Functions/Substrate/MF_SchlickInternal.uasset" 5249
"../../../Engine/Plugins/Interchange/Assets/Content/gltf/MaterialInstances/MI_Unlit_Mask_DS.uasset" 5250
"../../../Engine/Plugins/Interchange/Assets/Content/Functions/MX_OpenPBR_Translucent.uasset" 5251
"../../../Engine/Plugins/Interchange/Assets/Content/gltf/MaterialInstances/MI_Unlit_Opaque.uasset" 5252
"/InterchangeAssets/gltf/MaterialBodies/MF_SpecularGlossiness_Body" 5253
"/InterchangeAssets/gltf/MaterialInstances/MI_Unlit_Blend_DS" 5254
"/InterchangeAssets/gltf/MaterialInstances/MI_Unlit_Mask_DS" 5255
"/InterchangeAssets/gltf/MaterialInstances/MI_Unlit_Opaque_DS" 5256
"/InterchangeAssets/gltf/MaterialInstances/MI_Unlit_Blend" 5257
"/InterchangeAssets/gltf/MaterialInstances/MI_Unlit_Mask" 5258
"/InterchangeAssets/gltf/MaterialInstances/MI_Unlit_Opaque" 5259
"/InterchangeAssets/Functions/MX_OpenPBR_Translucent" 5260
"/InterchangeAssets/gltf/MaterialInstances/MI_SpecularGlossiness_Blend_DS" 5261
"/InterchangeAssets/gltf/MaterialInstances/MI_SpecularGlossiness_Mask_DS" 5262
"/InterchangeAssets/gltf/MaterialInstances/MI_SpecularGlossiness_Opaque_DS" 5263
"/InterchangeAssets/gltf/MaterialInstances/MI_SpecularGlossiness_Blend" 5264
"/InterchangeAssets/gltf/MaterialInstances/MI_SpecularGlossiness_Mask" 5265
"/InterchangeAssets/gltf/MaterialInstances/MI_SpecularGlossiness_Opaque" 5266
"C:/Users/maria/Desktop/proyecto II/AtaqueGamba/Content/Mapas/Menus/Interfaces.umap" 5267
"../../../Engine/Plugins/Animation/ControlRig/Content/Controls/ControlRig_Arrow2_3mm.uasset" 5268
"../../../Engine/Plugins/Animation/ControlRig/Content/Controls/ControlRig_Arrow2_solid.uasset" 5269
"../../../Engine/Plugins/Animation/ControlRig/Content/Controls/ControlRig_Arrow2_1mm.uasset" 5270
"../../../Engine/Plugins/Animation/ControlRig/Content/Controls/ControlRig_Arrow4_1mm.uasset" 5271
"../../../Engine/Plugins/Animation/ControlRig/Content/Controls/ControlRig_Sphere_solid.uasset" 5272
"../../../Engine/Plugins/Interchange/Assets/Content/Functions/MX_OpenPBR_Opaque.uasset" 5273
"../../../Engine/Plugins/Animation/ControlRig/Content/Controls/ControlRig_Arrow4_3mm.uasset" 5274
"../../../Engine/Plugins/Animation/ControlRig/Content/Controls/ControlRig_Arrow4_solid.uasset" 5275
"../../../Engine/Plugins/Animation/ControlRig/Content/Controls/ControlRig_Arrow_3mm.uasset" 5276
"../../../Engine/Plugins/Animation/ControlRig/Content/Controls/ControlRig_Box_solid.uasset" 5277
"../../../Engine/Plugins/Animation/ControlRig/Content/Controls/ControlRig_Arrow_1mm.uasset" 5278
"../../../Engine/Plugins/Animation/ControlRig/Content/Controls/ControlRig_Circle_3mm.uasset" 5279
"../../../Engine/Plugins/Animation/ControlRig/Content/Controls/ControlRig_Arrow_solid.uasset" 5280
"../../../Engine/Plugins/Animation/ControlRig/Content/Controls/ControlRig_Circle_1mm.uasset" 5281
"../../../Engine/Plugins/Animation/ControlRig/Content/Controls/ControlRig_Box_3mm.uasset" 5282
"../../../Engine/Plugins/Animation/ControlRig/Content/Controls/ControlRig_Diamond_solid.uasset" 5283
"../../../Engine/Plugins/Animation/ControlRig/Content/Controls/ControlRig_Diamond_3mm.uasset" 5284
"../../../Engine/Plugins/Animation/ControlRig/Content/Controls/ControlRig_Diamond_1mm.uasset" 5285
"../../../Engine/Plugins/Animation/ControlRig/Content/Controls/ControlRig_Hexagon_1mm.uasset" 5286
"../../../Engine/Plugins/Animation/ControlRig/Content/Controls/ControlRig_Hexagon_solid.uasset" 5287
"../../../Engine/Plugins/Animation/ControlRig/Content/Controls/ControlRig_HalfCircle_solid.uasset" 5288
"../../../Engine/Plugins/Animation/ControlRig/Content/Controls/ControlRig_Circle_solid.uasset" 5289
"../../../Engine/Plugins/Animation/ControlRig/Content/Controls/ControlRig_Pyramid_1mm.uasset" 5290
"../../../Engine/Plugins/Animation/ControlRig/Content/Controls/ControlRig_Pyramid_3mm.uasset" 5291
"../../../Engine/Plugins/Animation/ControlRig/Content/Controls/ControlRig_Octagon_3mm.uasset" 5292
"../../../Engine/Plugins/Animation/ControlRig/Content/Controls/ControlRig_Octagon_1mm.uasset" 5293
"../../../Engine/Plugins/Animation/ControlRig/Content/Controls/ControlRig_HalfCircle_3mm.uasset" 5294
"../../../Engine/Plugins/Animation/ControlRig/Content/Controls/ControlRig_Box_1mm.uasset" 5295
"../../../Engine/Plugins/Animation/ControlRig/Content/Controls/ControlRig_Hexagon_3mm.uasset" 5296
"../../../Engine/Plugins/Animation/ControlRig/Content/Controls/ControlRig_HalfCircle_1mm.uasset" 5297
"/ControlRig/Controls/ControlRig_Arrow_3mm" 5298
"../../../Engine/Plugins/Animation/ControlRig/Content/Controls/ControlRig_Octagon_solid.uasset" 5299
"/ControlRig/Controls/ControlRig_Arrow_1mm" 5300
"/ControlRig/Controls/ControlRig_Arrow4_3mm" 5301
"/ControlRig/Controls/ControlRig_Arrow4_1mm" 5302
"/ControlRig/Controls/ControlRig_Arrow2_solid" 5303
"/ControlRig/Controls/ControlRig_Arrow2_3mm" 5304
"/ControlRig/Controls/ControlRig_Arrow2_1mm" 5305
"/ControlRig/Controls/ControlRig_Sphere_solid" 5306
"/Game/Mapas/Menus/Interfaces" 5307
"../../../../../../Users/maria/Desktop/proyecto II/AtaqueGamba/Content/Mapas/Menus/Interfaces.umap" 5308
"/InterchangeAssets/Functions/MX_OpenPBR_Opaque" 5309
"../../../Engine/Plugins/Animation/ControlRig/Content/Controls/ControlRig_QuarterCircle_1mm.uasset" 5310
"../../../Engine/Plugins/Animation/ControlRig/Content/Controls/ControlRig_QuarterCircle_3mm.uasset" 5311
"../../../Engine/Plugins/Animation/ControlRig/Content/Controls/ControlRig_RoundedSquare_solid.uasset" 5312
"../../../Engine/Plugins/Animation/ControlRig/Content/Controls/ControlRig_RoundedSquare_3mm.uasset" 5313
"../../../Engine/Plugins/Animation/ControlRig/Content/Controls/ControlRig_RoundedSquare_1mm.uasset" 5314
"../../../Engine/Plugins/Animation/ControlRig/Content/Controls/ControlRig_QuarterCircle_solid.uasset" 5315
"/ControlRig/Controls/ControlRig_Pyramid_3mm" 5316
"../../../Engine/Plugins/Animation/ControlRig/Content/Controls/ControlRig_Pyramid_solid.uasset" 5317
"/ControlRig/Controls/ControlRig_Pyramid_1mm" 5318
"/ControlRig/Controls/ControlRig_Octagon_solid" 5319
"/ControlRig/Controls/ControlRig_HalfCircle_1mm" 5320
"/ControlRig/Controls/ControlRig_Diamond_solid" 5321
"/ControlRig/Controls/ControlRig_Diamond_3mm" 5322
"/ControlRig/Controls/ControlRig_Diamond_1mm" 5323
"/ControlRig/Controls/ControlRig_Circle_solid" 5324
"/ControlRig/Controls/ControlRig_Circle_3mm" 5325
"/ControlRig/Controls/ControlRig_Circle_1mm" 5326
"/ControlRig/Controls/ControlRig_Box_solid" 5327
"/ControlRig/Controls/ControlRig_Box_3mm" 5328
"/ControlRig/Controls/ControlRig_Box_1mm" 5329
"/ControlRig/Controls/ControlRig_Arrow_solid" 5330
"/ControlRig/Controls/ControlRig_Arrow4_solid" 5331
"/ControlRig/Controls/ControlRig_Octagon_3mm" 5332
"/ControlRig/Controls/ControlRig_Octagon_1mm" 5333
"/ControlRig/Controls/ControlRig_Hexagon_solid" 5334
"/ControlRig/Controls/ControlRig_Hexagon_3mm" 5335
"/ControlRig/Controls/ControlRig_Hexagon_1mm" 5336
"/ControlRig/Controls/ControlRig_HalfCircle_solid" 5337
"/ControlRig/Controls/ControlRig_HalfCircle_3mm" 5338
"../../../Engine/Plugins/Animation/ControlRig/Content/Controls/ControlRig_RoundedTriangle_3mm.uasset" 5339
"../../../Engine/Plugins/Animation/ControlRig/Content/Controls/ControlRig_Sphere_1mm.uasset" 5340
"../../../Engine/Plugins/Animation/ControlRig/Content/Controls/ControlRig_Square_3mm.uasset" 5341
"../../../Engine/Plugins/Animation/ControlRig/Content/Controls/ControlRig_Square_solid.uasset" 5342
"../../../Engine/Plugins/Animation/ControlRig/Content/Controls/ControlRig_Star4_1mm.uasset" 5343
"../../../Engine/Plugins/Animation/ControlRig/Content/Controls/ControlRig_RoundedTriangle_1mm.uasset" 5344
"../../../Engine/Plugins/Animation/ControlRig/Content/Controls/ControlRig_Square_1mm.uasset" 5345
"../../../Engine/Plugins/Animation/ControlRig/Content/Controls/ControlRig_Star4_solid.uasset" 5346
"../../../Engine/Plugins/Animation/ControlRig/Content/Controls/ControlRig_Wedge_3mm.uasset" 5347
"../../../Engine/Plugins/Animation/ControlRig/Content/Controls/ControlRig_Triangle_1mm.uasset" 5348
"../../../Engine/Plugins/Animation/ControlRig/Content/Controls/ControlRig_Sphere_3mm.uasset" 5349
"../../../Engine/Plugins/Animation/ControlRig/Content/Controls/ControlRig_Wedge_1mm.uasset" 5350
"../../../Engine/Plugins/Animation/ControlRig/Content/Controls/ControlRig_Triangle_solid.uasset" 5351
"../../../Engine/Content/Maps/Entry.umap" 5352
"../../../Engine/Plugins/Animation/ControlRig/Content/Controls/ControlRig_Triangle_3mm.uasset" 5353
"../../../Engine/Plugins/Animation/ControlRig/Content/Controls/ControlRig_Wedge_solid.uasset" 5354
"../../../Engine/Plugins/Animation/ControlRig/Content/Controls/ControlRig_Star4_3mm.uasset" 5355
"../../../Engine/Content/Maps/Entry_BuiltData.uasset" 5356
"/ControlRig/Controls/ControlRig_RoundedSquare_solid" 5357
"../../../Engine/Plugins/Animation/ControlRig/Content/Controls/ControlRig_RoundedTriangle_solid.uasset" 5358
"/ControlRig/Controls/ControlRig_RoundedSquare_3mm" 5359
"/ControlRig/Controls/ControlRig_RoundedSquare_1mm" 5360
"/ControlRig/Controls/ControlRig_QuarterCircle_solid" 5361
"/ControlRig/Controls/ControlRig_QuarterCircle_3mm" 5362
"/ControlRig/Controls/ControlRig_QuarterCircle_1mm" 5363
"/ControlRig/Controls/ControlRig_Pyramid_solid" 5364
"/Engine/Maps/Entry" 5365
"/ControlRig/Controls/ControlRig_Wedge_solid" 5366
"/ControlRig/Controls/ControlRig_Wedge_3mm" 5367
"/ControlRig/Controls/ControlRig_Wedge_1mm" 5368
"/ControlRig/Controls/ControlRig_Triangle_solid" 5369
"/ControlRig/Controls/ControlRig_Triangle_3mm" 5370
"/ControlRig/Controls/ControlRig_Triangle_1mm" 5371
"/ControlRig/Controls/ControlRig_Star4_solid" 5372
"/ControlRig/Controls/ControlRig_Star4_3mm" 5373
"/ControlRig/Controls/ControlRig_Star4_1mm" 5374
"/ControlRig/Controls/ControlRig_Square_solid" 5375
"/ControlRig/Controls/ControlRig_Square_3mm" 5376
"/ControlRig/Controls/ControlRig_Square_1mm" 5377
"/ControlRig/Controls/ControlRig_Sphere_3mm" 5378
"/ControlRig/Controls/ControlRig_Sphere_1mm" 5379
"/ControlRig/Controls/ControlRig_RoundedTriangle_solid" 5380
"/ControlRig/Controls/ControlRig_RoundedTriangle_3mm" 5381
"/ControlRig/Controls/ControlRig_RoundedTriangle_1mm" 5382
"../../../Engine/Content/EngineMaterials/Substrate/GLints/dict_16_192_64_0p5_0p02_0000_0001.uasset" 5383
"../../../Engine/Content/EditorMaterials/PreviewShadowIndicator.uasset" 5384
"../../../Engine/Content/EngineMaterials/Substrate/GLints/dict_16_192_64_0p5_0p02_0000_0006.uasset" 5385
"../../../Engine/Content/EngineMaterials/Substrate/GLints/dict_16_192_64_0p5_0p02_0000_0008.uasset" 5386
"../../../Engine/Content/EngineMaterials/Substrate/GLints/dict_16_192_64_0p5_0p02_0000_0007.uasset" 5387
"../../../Engine/Content/EngineMaterials/Substrate/GLints/dict_16_192_64_0p5_0p02_0000_0010.uasset" 5388
"../../../Engine/Content/EngineMaterials/Substrate/GLints/dict_16_192_64_0p5_0p02_0000_0012.uasset" 5389
"../../../Engine/Content/EngineMaterials/Substrate/GLints/dict_16_192_64_0p5_0p02_0000_0005.uasset" 5390
"../../../Engine/Content/EditorMaterials/PreviewShadowIndicatorMaterial.uasset" 5391
"../../../Engine/Content/EngineMaterials/Substrate/GLints/dict_16_192_64_0p5_0p02_0000_0002.uasset" 5392
"../../../Engine/Content/EngineMaterials/Substrate/GLints/dict_16_192_64_0p5_0p02_0000_0003.uasset" 5393
"../../../Engine/Content/EngineMaterials/Substrate/GLints/dict_16_192_64_0p5_0p02_0000_0015.uasset" 5394
"../../../Engine/Content/EngineMaterials/Substrate/GLints/dict_16_192_64_0p5_0p02_0000_0013.uasset" 5395
"../../../Engine/Content/EngineMaterials/Substrate/GLints/dict_16_192_64_0p5_0p02_0001_0005.uasset" 5396
"../../../Engine/Content/EngineMaterials/Substrate/GLints/dict_16_192_64_0p5_0p02_0000_0004.uasset" 5397
"../../../Engine/Content/EngineMaterials/Substrate/GLints/dict_16_192_64_0p5_0p02_0001_0003.uasset" 5398
"../../../Engine/Content/EngineMaterials/Substrate/GLints/dict_16_192_64_0p5_0p02_0001_0002.uasset" 5399
"../../../Engine/Content/EngineMaterials/Substrate/GLints/dict_16_192_64_0p5_0p02_0001_0004.uasset" 5400
"../../../Engine/Content/EngineMaterials/Substrate/GLints/dict_16_192_64_0p5_0p02_0000_0000.uasset" 5401
"../../../Engine/Content/EngineMaterials/Substrate/GLints/dict_16_192_64_0p5_0p02_0001_0009.uasset" 5402
"../../../Engine/Content/EngineMaterials/Substrate/GLints/dict_16_192_64_0p5_0p02_0001_0012.uasset" 5403
"../../../Engine/Content/EngineMaterials/Substrate/GLints/dict_16_192_64_0p5_0p02_0001_0011.uasset" 5404
"../../../Engine/Content/EngineMaterials/Substrate/GLints/dict_16_192_64_0p5_0p02_0001_0007.uasset" 5405
"../../../Engine/Content/EngineMaterials/Substrate/GLints/dict_16_192_64_0p5_0p02_0001_0000.uasset" 5406
"../../../Engine/Content/EngineMaterials/Substrate/GLints/dict_16_192_64_0p5_0p02_0001_0013.uasset" 5407
"../../../Engine/Content/EngineMaterials/Substrate/GLints/dict_16_192_64_0p5_0p02_0001_0008.uasset" 5408
"../../../Engine/Content/EngineMaterials/Substrate/GLints/dict_16_192_64_0p5_0p02_0000_0009.uasset" 5409
"../../../Engine/Content/EngineMaterials/Substrate/GLints/dict_16_192_64_0p5_0p02_0000_0014.uasset" 5410
"../../../Engine/Content/EngineMaterials/Substrate/GLints/dict_16_192_64_0p5_0p02_0001_0010.uasset" 5411
"../../../Engine/Content/EngineMaterials/Substrate/GLints/dict_16_192_64_0p5_0p02_0001_0001.uasset" 5412
"../../../Engine/Content/EngineMaterials/Substrate/GLints/dict_16_192_64_0p5_0p02_0001_0006.uasset" 5413
"../../../Engine/Content/EngineMaterials/Substrate/GLints/dict_16_192_64_0p5_0p02_0000_0011.uasset" 5414
"/Engine/EngineMaterials/Substrate/GLints/dict_16_192_64_0p5_0p02_0001_0010" 5415
"/Engine/EngineMaterials/Substrate/GLints/dict_16_192_64_0p5_0p02_0001_0009" 5416
"/Engine/EngineMaterials/Substrate/GLints/dict_16_192_64_0p5_0p02_0001_0008" 5417
"/Engine/EngineMaterials/Substrate/GLints/dict_16_192_64_0p5_0p02_0001_0000" 5418
"/Engine/EngineMaterials/Substrate/GLints/dict_16_192_64_0p5_0p02_0000_0015" 5419
"/Engine/EngineMaterials/Substrate/GLints/dict_16_192_64_0p5_0p02_0000_0014" 5420
"/Engine/EngineMaterials/Substrate/GLints/dict_16_192_64_0p5_0p02_0000_0013" 5421
"/Engine/EngineMaterials/Substrate/GLints/dict_16_192_64_0p5_0p02_0000_0012" 5422
"/Engine/EngineMaterials/Substrate/GLints/dict_16_192_64_0p5_0p02_0000_0011" 5423
"/Engine/EngineMaterials/Substrate/GLints/dict_16_192_64_0p5_0p02_0000_0010" 5424
"/Engine/EngineMaterials/Substrate/GLints/dict_16_192_64_0p5_0p02_0000_0009" 5425
"/Engine/EngineMaterials/Substrate/GLints/dict_16_192_64_0p5_0p02_0000_0008" 5426
"/Engine/EngineMaterials/Substrate/GLints/dict_16_192_64_0p5_0p02_0000_0007" 5427
"/Engine/EngineMaterials/Substrate/GLints/dict_16_192_64_0p5_0p02_0000_0006" 5428
"/Engine/EngineMaterials/Substrate/GLints/dict_16_192_64_0p5_0p02_0001_0013" 5429
"/Engine/EngineMaterials/Substrate/GLints/dict_16_192_64_0p5_0p02_0001_0012" 5430
"/Engine/EngineMaterials/Substrate/GLints/dict_16_192_64_0p5_0p02_0000_0005" 5431
"/Engine/EngineMaterials/Substrate/GLints/dict_16_192_64_0p5_0p02_0001_0011" 5432
"/Engine/EngineMaterials/Substrate/GLints/dict_16_192_64_0p5_0p02_0001_0007" 5433
"/Engine/EngineMaterials/Substrate/GLints/dict_16_192_64_0p5_0p02_0001_0006" 5434
"/Engine/EngineMaterials/Substrate/GLints/dict_16_192_64_0p5_0p02_0001_0005" 5435
"/Engine/EngineMaterials/Substrate/GLints/dict_16_192_64_0p5_0p02_0001_0004" 5436
"/Engine/EngineMaterials/Substrate/GLints/dict_16_192_64_0p5_0p02_0001_0003" 5437
"/Engine/EngineMaterials/Substrate/GLints/dict_16_192_64_0p5_0p02_0001_0002" 5438
"/Engine/EngineMaterials/Substrate/GLints/dict_16_192_64_0p5_0p02_0001_0001" 5439
"/Engine/EngineMaterials/Substrate/GLints/dict_16_192_64_0p5_0p02_0000_0004" 5440
"/Engine/EngineMaterials/Substrate/GLints/dict_16_192_64_0p5_0p02_0000_0003" 5441
"/Engine/EngineMaterials/Substrate/GLints/dict_16_192_64_0p5_0p02_0000_0002" 5442
"/Engine/EngineMaterials/Substrate/GLints/dict_16_192_64_0p5_0p02_0000_0001" 5443
"/Engine/EngineMaterials/Substrate/GLints/dict_16_192_64_0p5_0p02_0000_0000" 5444
"/Engine/EditorMaterials/PreviewShadowIndicatorMaterial" 5445
"../../../Engine/Content/EngineMaterials/Substrate/GLints/dict_16_192_64_0p5_0p02_0001_0014.uasset" 5446
"../../../Engine/Content/EngineMaterials/Substrate/GLints/dict_16_192_64_0p5_0p02_0002_0000.uasset" 5447
"../../../Engine/Content/EngineMaterials/Substrate/GLints/dict_16_192_64_0p5_0p02_0001_0015.uasset" 5448
"../../../Engine/Content/EngineMaterials/Substrate/GLints/dict_16_192_64_0p5_0p02_0002_0002.uasset" 5449
"../../../Engine/Content/EngineMaterials/Substrate/GLints/dict_16_192_64_0p5_0p02_0002_0008.uasset" 5450
"../../../Engine/Content/EngineMaterials/Substrate/GLints/dict_16_192_64_0p5_0p02_0002_0009.uasset" 5451
"/Engine/EngineMaterials/Substrate/GLints/dict_16_192_64_0p5_0p02_0001_0014" 5452
"../../../Engine/Content/EngineMaterials/Substrate/GLints/dict_16_192_64_0p5_0p02_0002_0015.uasset" 5453
"../../../Engine/Content/EngineMaterials/Substrate/GLints/dict_16_192_64_0p5_0p02_0002_0011.uasset" 5454
"../../../Engine/Content/EngineMaterials/Substrate/GLints/dict_16_192_64_0p5_0p02_0002_0007.uasset" 5455
"../../../Engine/Content/EngineMaterials/Substrate/GLints/dict_16_192_64_0p5_0p02_0002_0006.uasset" 5456
"../../../Engine/Content/EngineMaterials/Substrate/GLints/dict_16_192_64_0p5_0p02_0002_0014.uasset" 5457
"../../../Engine/Content/EngineMaterials/Substrate/GLints/dict_16_192_64_0p5_0p02_0003_0004.uasset" 5458
"../../../Engine/Content/EngineMaterials/Substrate/GLints/dict_16_192_64_0p5_0p02_0003_0002.uasset" 5459
"../../../Engine/Content/EngineMaterials/Substrate/GLints/dict_16_192_64_0p5_0p02_0003_0003.uasset" 5460
"../../../Engine/Content/EngineMaterials/Substrate/GLints/dict_16_192_64_0p5_0p02_0003_0000.uasset" 5461
"../../../Engine/Content/EngineMaterials/Substrate/GLints/dict_16_192_64_0p5_0p02_0003_0007.uasset" 5462
"../../../Engine/Content/EngineMaterials/Substrate/GLints/dict_16_192_64_0p5_0p02_0002_0005.uasset" 5463
"../../../Engine/Content/EngineMaterials/Substrate/GLints/dict_16_192_64_0p5_0p02_0002_0012.uasset" 5464
"../../../Engine/Content/EngineMaterials/Substrate/GLints/dict_16_192_64_0p5_0p02_0002_0010.uasset" 5465
"../../../Engine/Content/EngineMaterials/Substrate/GLints/dict_16_192_64_0p5_0p02_0002_0003.uasset" 5466
"../../../Engine/Content/EngineMaterials/Substrate/GLints/dict_16_192_64_0p5_0p02_0003_0009.uasset" 5467
"../../../Engine/Content/EngineMaterials/Substrate/GLints/dict_16_192_64_0p5_0p02_0003_0010.uasset" 5468
"../../../Engine/Content/EngineMaterials/Substrate/GLints/dict_16_192_64_0p5_0p02_0002_0001.uasset" 5469
"../../../Engine/Content/EngineMaterials/Substrate/GLints/dict_16_192_64_0p5_0p02_0003_0012.uasset" 5470
"../../../Engine/Content/EngineMaterials/Substrate/GLints/dict_16_192_64_0p5_0p02_0003_0006.uasset" 5471
"../../../Engine/Content/EngineMaterials/Substrate/GLints/dict_16_192_64_0p5_0p02_0002_0013.uasset" 5472
"../../../Engine/Content/EngineMaterials/Substrate/GLints/dict_16_192_64_0p5_0p02_0003_0001.uasset" 5473
"../../../Engine/Content/EngineMaterials/Substrate/GLints/dict_16_192_64_0p5_0p02_0003_0008.uasset" 5474
"../../../Engine/Content/EngineMaterials/Substrate/GLints/dict_16_192_64_0p5_0p02_0003_0005.uasset" 5475
"../../../Engine/Content/EngineMaterials/Substrate/GLints/dict_16_192_64_0p5_0p02_0003_0011.uasset" 5476
"../../../Engine/Content/EngineMaterials/Substrate/GLints/dict_16_192_64_0p5_0p02_0003_0013.uasset" 5477
"../../../Engine/Content/EngineMaterials/Substrate/GLints/dict_16_192_64_0p5_0p02_0002_0004.uasset" 5478
"/Engine/EngineMaterials/Substrate/GLints/dict_16_192_64_0p5_0p02_0003_0010" 5479
"../../../Engine/Content/EngineMaterials/Substrate/GLints/dict_16_192_64_0p5_0p02_0003_0014.uasset" 5480
"/Engine/EngineMaterials/Substrate/GLints/dict_16_192_64_0p5_0p02_0003_0009" 5481
"/Engine/EngineMaterials/Substrate/GLints/dict_16_192_64_0p5_0p02_0003_0007" 5482
"/Engine/EngineMaterials/Substrate/GLints/dict_16_192_64_0p5_0p02_0003_0004" 5483
"/Engine/EngineMaterials/Substrate/GLints/dict_16_192_64_0p5_0p02_0003_0003" 5484
"/Engine/EngineMaterials/Substrate/GLints/dict_16_192_64_0p5_0p02_0003_0002" 5485
"/Engine/EngineMaterials/Substrate/GLints/dict_16_192_64_0p5_0p02_0003_0000" 5486
"/Engine/EngineMaterials/Substrate/GLints/dict_16_192_64_0p5_0p02_0002_0015" 5487
"/Engine/EngineMaterials/Substrate/GLints/dict_16_192_64_0p5_0p02_0002_0014" 5488
"/Engine/EngineMaterials/Substrate/GLints/dict_16_192_64_0p5_0p02_0002_0012" 5489
"/Engine/EngineMaterials/Substrate/GLints/dict_16_192_64_0p5_0p02_0002_0011" 5490
"/Engine/EngineMaterials/Substrate/GLints/dict_16_192_64_0p5_0p02_0002_0010" 5491
"/Engine/EngineMaterials/Substrate/GLints/dict_16_192_64_0p5_0p02_0002_0009" 5492
"/Engine/EngineMaterials/Substrate/GLints/dict_16_192_64_0p5_0p02_0002_0008" 5493
"/Engine/EngineMaterials/Substrate/GLints/dict_16_192_64_0p5_0p02_0002_0007" 5494
"/Engine/EngineMaterials/Substrate/GLints/dict_16_192_64_0p5_0p02_0002_0006" 5495
"/Engine/EngineMaterials/Substrate/GLints/dict_16_192_64_0p5_0p02_0002_0005" 5496
"/Engine/EngineMaterials/Substrate/GLints/dict_16_192_64_0p5_0p02_0002_0003" 5497
"/Engine/EngineMaterials/Substrate/GLints/dict_16_192_64_0p5_0p02_0002_0002" 5498
"/Engine/EngineMaterials/Substrate/GLints/dict_16_192_64_0p5_0p02_0002_0001" 5499
"/Engine/EngineMaterials/Substrate/GLints/dict_16_192_64_0p5_0p02_0002_0000" 5500
"/Engine/EngineMaterials/Substrate/GLints/dict_16_192_64_0p5_0p02_0001_0015" 5501
"../../../Engine/Content/EngineMaterials/Substrate/GLints/dict_16_192_64_0p5_0p02_0004_0003.uasset" 5502
"../../../Engine/Content/EngineMaterials/Substrate/GLints/dict_16_192_64_0p5_0p02_0004_0000.uasset" 5503
"../../../Engine/Content/EngineMaterials/Substrate/GLints/dict_16_192_64_0p5_0p02_0004_0005.uasset" 5504
"../../../Engine/Content/EngineMaterials/Substrate/GLints/dict_16_192_64_0p5_0p02_0004_0007.uasset" 5505
"../../../Engine/Content/EngineMaterials/Substrate/GLints/dict_16_192_64_0p5_0p02_0003_0015.uasset" 5506
"../../../Engine/Content/EngineMaterials/Substrate/GLints/dict_16_192_64_0p5_0p02_0004_0001.uasset" 5507
"../../../Engine/Content/EngineMaterials/Substrate/GLints/dict_16_192_64_0p5_0p02_0004_0010.uasset" 5508
"../../../Engine/Content/EngineMaterials/Substrate/GLints/dict_16_192_64_0p5_0p02_0004_0014.uasset" 5509
"../../../Engine/Content/EngineMaterials/Substrate/GLints/dict_16_192_64_0p5_0p02_0004_0015.uasset" 5510
"../../../Engine/Content/EngineMaterials/Substrate/GLints/dict_16_192_64_0p5_0p02_0004_0009.uasset" 5511
"../../../Engine/Content/EngineMaterials/Substrate/GLints/dict_16_192_64_0p5_0p02_0005_0003.uasset" 5512
"../../../Engine/Content/EngineMaterials/Substrate/GLints/dict_16_192_64_0p5_0p02_0004_0012.uasset" 5513
"../../../Engine/Content/EngineMaterials/Substrate/GLints/dict_16_192_64_0p5_0p02_0005_0001.uasset" 5514
"../../../Engine/Content/EngineMaterials/Substrate/GLints/dict_16_192_64_0p5_0p02_0005_0004.uasset" 5515
"/Engine/EngineMaterials/Substrate/GLints/dict_16_192_64_0p5_0p02_0003_0013" 5516
"../../../Engine/Content/EngineMaterials/Substrate/GLints/dict_16_192_64_0p5_0p02_0004_0002.uasset" 5517
"../../../Engine/Content/EngineMaterials/Substrate/GLints/dict_16_192_64_0p5_0p02_0004_0013.uasset" 5518
"../../../Engine/Content/EngineMaterials/Substrate/GLints/dict_16_192_64_0p5_0p02_0005_0000.uasset" 5519
"../../../Engine/Content/EngineMaterials/Substrate/GLints/dict_16_192_64_0p5_0p02_0004_0008.uasset" 5520
"../../../Engine/Content/EngineMaterials/Substrate/GLints/dict_16_192_64_0p5_0p02_0004_0011.uasset" 5521
"../../../Engine/Content/EngineMaterials/Substrate/GLints/dict_16_192_64_0p5_0p02_0004_0006.uasset" 5522
"../../../Engine/Content/EngineMaterials/Substrate/GLints/dict_16_192_64_0p5_0p02_0004_0004.uasset" 5523
"../../../Engine/Content/EngineMaterials/Substrate/GLints/dict_16_192_64_0p5_0p02_0005_0002.uasset" 5524
"/Engine/EngineMaterials/Substrate/GLints/dict_16_192_64_0p5_0p02_0003_0012" 5525
"/Engine/EngineMaterials/Substrate/GLints/dict_16_192_64_0p5_0p02_0003_0011" 5526
"/Engine/EngineMaterials/Substrate/GLints/dict_16_192_64_0p5_0p02_0003_0008" 5527
"/Engine/EngineMaterials/Substrate/GLints/dict_16_192_64_0p5_0p02_0003_0006" 5528
"/Engine/EngineMaterials/Substrate/GLints/dict_16_192_64_0p5_0p02_0003_0005" 5529
"/Engine/EngineMaterials/Substrate/GLints/dict_16_192_64_0p5_0p02_0003_0001" 5530
"/Engine/EngineMaterials/Substrate/GLints/dict_16_192_64_0p5_0p02_0002_0013" 5531
"/Engine/EngineMaterials/Substrate/GLints/dict_16_192_64_0p5_0p02_0004_0005" 5532
"/Engine/EngineMaterials/Substrate/GLints/dict_16_192_64_0p5_0p02_0002_0004" 5533
"/Engine/EngineMaterials/Substrate/GLints/dict_16_192_64_0p5_0p02_0004_0000" 5534
"/Engine/EngineMaterials/Substrate/GLints/dict_16_192_64_0p5_0p02_0003_0014" 5535
"../../../Engine/Content/EngineMaterials/Substrate/GLints/dict_16_192_64_0p5_0p02_0005_0006.uasset" 5536
"../../../Engine/Content/EngineMaterials/Substrate/GLints/dict_16_192_64_0p5_0p02_0006_0000.uasset" 5537
"../../../Engine/Content/EngineMaterials/Substrate/GLints/dict_16_192_64_0p5_0p02_0005_0005.uasset" 5538
"../../../Engine/Content/EngineMaterials/Substrate/GLints/dict_16_192_64_0p5_0p02_0005_0015.uasset" 5539
"../../../Engine/Content/EngineMaterials/Substrate/GLints/dict_16_192_64_0p5_0p02_0005_0011.uasset" 5540
"../../../Engine/Content/EngineMaterials/Substrate/GLints/dict_16_192_64_0p5_0p02_0005_0014.uasset" 5541
"../../../Engine/Content/EngineMaterials/Substrate/GLints/dict_16_192_64_0p5_0p02_0005_0012.uasset" 5542
"../../../Engine/Content/EngineMaterials/Substrate/GLints/dict_16_192_64_0p5_0p02_0005_0007.uasset" 5543
"/Engine/EngineMaterials/Substrate/GLints/dict_16_192_64_0p5_0p02_0005_0004" 5544
"../../../Engine/Content/EngineMaterials/Substrate/GLints/dict_16_192_64_0p5_0p02_0005_0008.uasset" 5545
"../../../Engine/Content/EngineMaterials/Substrate/GLints/dict_16_192_64_0p5_0p02_0005_0010.uasset" 5546
"../../../Engine/Content/EngineMaterials/Substrate/GLints/dict_16_192_64_0p5_0p02_0005_0013.uasset" 5547
"../../../Engine/Content/EngineMaterials/Substrate/GLints/dict_16_192_64_0p5_0p02_0005_0009.uasset" 5548
"/Engine/EngineMaterials/Substrate/GLints/dict_16_192_64_0p5_0p02_0005_0003" 5549
"/Engine/EngineMaterials/Substrate/GLints/dict_16_192_64_0p5_0p02_0005_0002" 5550
"/Engine/EngineMaterials/Substrate/GLints/dict_16_192_64_0p5_0p02_0005_0001" 5551
"/Engine/EngineMaterials/Substrate/GLints/dict_16_192_64_0p5_0p02_0005_0000" 5552
"/Engine/EngineMaterials/Substrate/GLints/dict_16_192_64_0p5_0p02_0004_0015" 5553
"/Engine/EngineMaterials/Substrate/GLints/dict_16_192_64_0p5_0p02_0004_0014" 5554
"/Engine/EngineMaterials/Substrate/GLints/dict_16_192_64_0p5_0p02_0004_0013" 5555
"/Engine/EngineMaterials/Substrate/GLints/dict_16_192_64_0p5_0p02_0004_0012" 5556
"/Engine/EngineMaterials/Substrate/GLints/dict_16_192_64_0p5_0p02_0004_0011" 5557
"/Engine/EngineMaterials/Substrate/GLints/dict_16_192_64_0p5_0p02_0004_0010" 5558
"/Engine/EngineMaterials/Substrate/GLints/dict_16_192_64_0p5_0p02_0004_0009" 5559
"/Engine/EngineMaterials/Substrate/GLints/dict_16_192_64_0p5_0p02_0004_0008" 5560
"/Engine/EngineMaterials/Substrate/GLints/dict_16_192_64_0p5_0p02_0004_0007" 5561
"/Engine/EngineMaterials/Substrate/GLints/dict_16_192_64_0p5_0p02_0004_0006" 5562
"/Engine/EngineMaterials/Substrate/GLints/dict_16_192_64_0p5_0p02_0004_0004" 5563
"/Engine/EngineMaterials/Substrate/GLints/dict_16_192_64_0p5_0p02_0004_0003" 5564
"/Engine/EngineMaterials/Substrate/GLints/dict_16_192_64_0p5_0p02_0004_0002" 5565
"/Engine/EngineMaterials/Substrate/GLints/dict_16_192_64_0p5_0p02_0004_0001" 5566
"/Engine/EngineMaterials/Substrate/GLints/dict_16_192_64_0p5_0p02_0003_0015" 5567
"../../../Engine/Content/EngineMaterials/Substrate/GLints/dict_16_192_64_0p5_0p02_0006_0001.uasset" 5568
"../../../Engine/Content/EngineMaterials/Substrate/GLints/dict_16_192_64_0p5_0p02_0006_0002.uasset" 5569
"../../../Engine/Content/EngineMaterials/Substrate/GLints/dict_16_192_64_0p5_0p02_0006_0005.uasset" 5570
"../../../Engine/Content/EngineMaterials/Substrate/GLints/dict_16_192_64_0p5_0p02_0006_0012.uasset" 5571
"../../../Engine/Content/EngineMaterials/Substrate/GLints/dict_16_192_64_0p5_0p02_0006_0010.uasset" 5572
"../../../Engine/Content/EngineMaterials/Substrate/GLints/dict_16_192_64_0p5_0p02_0006_0003.uasset" 5573
"../../../Engine/Content/EngineMaterials/Substrate/GLints/dict_16_192_64_0p5_0p02_0006_0014.uasset" 5574
"../../../Engine/Content/EngineMaterials/Substrate/GLints/dict_16_192_64_0p5_0p02_0006_0009.uasset" 5575
"../../../Engine/Content/EngineMaterials/Substrate/GLints/dict_16_192_64_0p5_0p02_0006_0013.uasset" 5576
"../../../Engine/Content/EngineMaterials/Substrate/GLints/dict_16_192_64_0p5_0p02_0006_0011.uasset" 5577
"../../../Engine/Content/EngineMaterials/Substrate/GLints/dict_16_192_64_0p5_0p02_0007_0002.uasset" 5578
"../../../Engine/Content/EngineMaterials/Substrate/GLints/dict_16_192_64_0p5_0p02_0007_0001.uasset" 5579
"../../../Engine/Content/EngineMaterials/Substrate/GLints/dict_16_192_64_0p5_0p02_0006_0006.uasset" 5580
"../../../Engine/Content/EngineMaterials/Substrate/GLints/dict_16_192_64_0p5_0p02_0007_0004.uasset" 5581
"/Engine/EngineMaterials/Substrate/GLints/dict_16_192_64_0p5_0p02_0006_0000" 5582
"../../../Engine/Content/EngineMaterials/Substrate/GLints/dict_16_192_64_0p5_0p02_0006_0015.uasset" 5583
"../../../Engine/Content/EngineMaterials/Substrate/GLints/dict_16_192_64_0p5_0p02_0006_0007.uasset" 5584
"../../../Engine/Content/EngineMaterials/Substrate/GLints/dict_16_192_64_0p5_0p02_0006_0004.uasset" 5585
"../../../Engine/Content/EngineMaterials/Substrate/GLints/dict_16_192_64_0p5_0p02_0006_0008.uasset" 5586
"../../../Engine/Content/EngineMaterials/Substrate/GLints/dict_16_192_64_0p5_0p02_0007_0000.uasset" 5587
"../../../Engine/Content/EngineMaterials/Substrate/GLints/dict_16_192_64_0p5_0p02_0007_0003.uasset" 5588
"/Engine/EngineMaterials/Substrate/GLints/dict_16_192_64_0p5_0p02_0005_0015" 5589
"/Engine/EngineMaterials/Substrate/GLints/dict_16_192_64_0p5_0p02_0005_0014" 5590
"/Engine/EngineMaterials/Substrate/GLints/dict_16_192_64_0p5_0p02_0005_0013" 5591
"/Engine/EngineMaterials/Substrate/GLints/dict_16_192_64_0p5_0p02_0005_0012" 5592
"/Engine/EngineMaterials/Substrate/GLints/dict_16_192_64_0p5_0p02_0005_0011" 5593
"/Engine/EngineMaterials/Substrate/GLints/dict_16_192_64_0p5_0p02_0005_0010" 5594
"/Engine/EngineMaterials/Substrate/GLints/dict_16_192_64_0p5_0p02_0005_0009" 5595
"/Engine/EngineMaterials/Substrate/GLints/dict_16_192_64_0p5_0p02_0005_0008" 5596
"/Engine/EngineMaterials/Substrate/GLints/dict_16_192_64_0p5_0p02_0005_0007" 5597
"/Engine/EngineMaterials/Substrate/GLints/dict_16_192_64_0p5_0p02_0006_0002" 5598
"/Engine/EngineMaterials/Substrate/GLints/dict_16_192_64_0p5_0p02_0005_0006" 5599
"/Engine/EngineMaterials/Substrate/GLints/dict_16_192_64_0p5_0p02_0006_0001" 5600
"/Engine/EngineMaterials/Substrate/GLints/dict_16_192_64_0p5_0p02_0005_0005" 5601
"../../../Engine/Content/EngineMaterials/Substrate/GLints/dict_16_192_64_0p5_0p02_0007_0008.uasset" 5602
"../../../Engine/Content/EngineMaterials/Substrate/GLints/dict_16_192_64_0p5_0p02_0007_0007.uasset" 5603
"../../../Engine/Content/EngineMaterials/Substrate/GLints/dict_16_192_64_0p5_0p02_0007_0010.uasset" 5604
"../../../Engine/Content/EngineMaterials/Substrate/GLints/dict_16_192_64_0p5_0p02_0007_0005.uasset" 5605
"../../../Engine/Content/EngineMaterials/Substrate/GLints/dict_16_192_64_0p5_0p02_0007_0013.uasset" 5606
"../../../Engine/Content/EngineMaterials/Substrate/GLints/dict_16_192_64_0p5_0p02_0007_0011.uasset" 5607
"../../../Engine/Content/EngineMaterials/Substrate/GLints/dict_16_192_64_0p5_0p02_0007_0015.uasset" 5608
"../../../Engine/Content/EngineMaterials/Substrate/GLints/dict_16_192_64_0p5_0p02_0007_0012.uasset" 5609
"../../../Engine/Content/EngineMaterials/Substrate/GLints/dict_16_192_64_0p5_0p02_0008_0000.uasset" 5610
"/Engine/EngineMaterials/Substrate/GLints/dict_16_192_64_0p5_0p02_0007_0004" 5611
"../../../Engine/Content/EngineMaterials/Substrate/GLints/dict_16_192_64_0p5_0p02_0008_0001.uasset" 5612
"../../../Engine/Content/EngineMaterials/Substrate/GLints/dict_16_192_64_0p5_0p02_0007_0006.uasset" 5613
"../../../Engine/Content/EngineMaterials/Substrate/GLints/dict_16_192_64_0p5_0p02_0007_0009.uasset" 5614
"../../../Engine/Content/EngineMaterials/Substrate/GLints/dict_16_192_64_0p5_0p02_0008_0002.uasset" 5615
"../../../Engine/Content/EngineMaterials/Substrate/GLints/dict_16_192_64_0p5_0p02_0007_0014.uasset" 5616
"/Engine/EngineMaterials/Substrate/GLints/dict_16_192_64_0p5_0p02_0007_0003" 5617
"/Engine/EngineMaterials/Substrate/GLints/dict_16_192_64_0p5_0p02_0007_0002" 5618
"/Engine/EngineMaterials/Substrate/GLints/dict_16_192_64_0p5_0p02_0007_0001" 5619
"/Engine/EngineMaterials/Substrate/GLints/dict_16_192_64_0p5_0p02_0007_0000" 5620
"/Engine/EngineMaterials/Substrate/GLints/dict_16_192_64_0p5_0p02_0006_0015" 5621
"/Engine/EngineMaterials/Substrate/GLints/dict_16_192_64_0p5_0p02_0006_0014" 5622
"/Engine/EngineMaterials/Substrate/GLints/dict_16_192_64_0p5_0p02_0006_0013" 5623
"/Engine/EngineMaterials/Substrate/GLints/dict_16_192_64_0p5_0p02_0006_0012" 5624
"/Engine/EngineMaterials/Substrate/GLints/dict_16_192_64_0p5_0p02_0006_0011" 5625
"/Engine/EngineMaterials/Substrate/GLints/dict_16_192_64_0p5_0p02_0006_0010" 5626
"/Engine/EngineMaterials/Substrate/GLints/dict_16_192_64_0p5_0p02_0006_0009" 5627
"/Engine/EngineMaterials/Substrate/GLints/dict_16_192_64_0p5_0p02_0006_0008" 5628
"/Engine/EngineMaterials/Substrate/GLints/dict_16_192_64_0p5_0p02_0006_0007" 5629
"/Engine/EngineMaterials/Substrate/GLints/dict_16_192_64_0p5_0p02_0006_0006" 5630
"/Engine/EngineMaterials/Substrate/GLints/dict_16_192_64_0p5_0p02_0006_0005" 5631
"/Engine/EngineMaterials/Substrate/GLints/dict_16_192_64_0p5_0p02_0006_0004" 5632
"/Engine/EngineMaterials/Substrate/GLints/dict_16_192_64_0p5_0p02_0006_0003" 5633
"../../../Engine/Content/EngineMaterials/Substrate/GLints/dict_16_192_64_0p5_0p02_0008_0003.uasset" 5634
"../../../Engine/Content/EngineMaterials/Substrate/GLints/dict_16_192_64_0p5_0p02_0008_0006.uasset" 5635
"../../../Engine/Content/EngineMaterials/Substrate/GLints/dict_16_192_64_0p5_0p02_0008_0005.uasset" 5636
"../../../Engine/Content/EngineMaterials/Substrate/GLints/dict_16_192_64_0p5_0p02_0008_0007.uasset" 5637
"../../../Engine/Content/EngineMaterials/Substrate/GLints/dict_16_192_64_0p5_0p02_0008_0010.uasset" 5638
"../../../Engine/Content/EngineMaterials/Substrate/GLints/dict_16_192_64_0p5_0p02_0008_0011.uasset" 5639
"../../../Engine/Content/EngineMaterials/Substrate/GLints/dict_16_192_64_0p5_0p02_0009_0001.uasset" 5640
"../../../Engine/Content/EngineMaterials/Substrate/GLints/dict_16_192_64_0p5_0p02_0009_0000.uasset" 5641
"/Engine/EngineMaterials/Substrate/GLints/dict_16_192_64_0p5_0p02_0008_0002" 5642
"../../../Engine/Content/EngineMaterials/Substrate/GLints/dict_16_192_64_0p5_0p02_0008_0004.uasset" 5643
"../../../Engine/Content/EngineMaterials/Substrate/GLints/dict_16_192_64_0p5_0p02_0009_0002.uasset" 5644
"../../../Engine/Content/EngineMaterials/Substrate/GLints/dict_16_192_64_0p5_0p02_0008_0013.uasset" 5645
"../../../Engine/Content/EngineMaterials/Substrate/GLints/dict_16_192_64_0p5_0p02_0008_0008.uasset" 5646
"../../../Engine/Content/EngineMaterials/Substrate/GLints/dict_16_192_64_0p5_0p02_0008_0012.uasset" 5647
"../../../Engine/Content/EngineMaterials/Substrate/GLints/dict_16_192_64_0p5_0p02_0008_0015.uasset" 5648
"../../../Engine/Content/EngineMaterials/Substrate/GLints/dict_16_192_64_0p5_0p02_0008_0014.uasset" 5649
"../../../Engine/Content/EngineMaterials/Substrate/GLints/dict_16_192_64_0p5_0p02_0009_0004.uasset" 5650
"../../../Engine/Content/EngineMaterials/Substrate/GLints/dict_16_192_64_0p5_0p02_0009_0003.uasset" 5651
"../../../Engine/Content/EngineMaterials/Substrate/GLints/dict_16_192_64_0p5_0p02_0008_0009.uasset" 5652
"/Engine/EngineMaterials/Substrate/GLints/dict_16_192_64_0p5_0p02_0008_0001" 5653
"/Engine/EngineMaterials/Substrate/GLints/dict_16_192_64_0p5_0p02_0008_0000" 5654
"/Engine/EngineMaterials/Substrate/GLints/dict_16_192_64_0p5_0p02_0007_0015" 5655
"/Engine/EngineMaterials/Substrate/GLints/dict_16_192_64_0p5_0p02_0007_0014" 5656
"/Engine/EngineMaterials/Substrate/GLints/dict_16_192_64_0p5_0p02_0007_0013" 5657
"/Engine/EngineMaterials/Substrate/GLints/dict_16_192_64_0p5_0p02_0007_0012" 5658
"/Engine/EngineMaterials/Substrate/GLints/dict_16_192_64_0p5_0p02_0007_0011" 5659
"/Engine/EngineMaterials/Substrate/GLints/dict_16_192_64_0p5_0p02_0007_0010" 5660
"/Engine/EngineMaterials/Substrate/GLints/dict_16_192_64_0p5_0p02_0007_0009" 5661
"/Engine/EngineMaterials/Substrate/GLints/dict_16_192_64_0p5_0p02_0007_0008" 5662
"/Engine/EngineMaterials/Substrate/GLints/dict_16_192_64_0p5_0p02_0007_0007" 5663
"/Engine/EngineMaterials/Substrate/GLints/dict_16_192_64_0p5_0p02_0007_0006" 5664
"/Engine/EngineMaterials/Substrate/GLints/dict_16_192_64_0p5_0p02_0007_0005" 5665
"../../../Engine/Content/EngineMaterials/Substrate/GLints/dict_16_192_64_0p5_0p02_0009_0006.uasset" 5666
"../../../Engine/Content/EngineMaterials/Substrate/GLints/dict_16_192_64_0p5_0p02_0009_0007.uasset" 5667
"../../../Engine/Content/EngineMaterials/Substrate/GLints/dict_16_192_64_0p5_0p02_0009_0005.uasset" 5668
"../../../Engine/Content/EngineMaterials/Substrate/GLints/dict_16_192_64_0p5_0p02_0009_0013.uasset" 5669
"../../../Engine/Content/EngineMaterials/Substrate/GLints/dict_16_192_64_0p5_0p02_0009_0011.uasset" 5670
"../../../Engine/Content/EngineMaterials/Substrate/GLints/dict_16_192_64_0p5_0p02_0009_0012.uasset" 5671
"../../../Engine/Content/EngineMaterials/Substrate/GLints/dict_16_192_64_0p5_0p02_0009_0008.uasset" 5672
"../../../Engine/Content/EngineMaterials/Substrate/GLints/dict_16_192_64_0p5_0p02_0009_0009.uasset" 5673
"../../../Engine/Content/EngineMaterials/Substrate/GLints/dict_16_192_64_0p5_0p02_0009_0014.uasset" 5674
"../../../Engine/Content/EngineMaterials/Substrate/GLints/dict_16_192_64_0p5_0p02_0009_0010.uasset" 5675
"../../../Engine/Content/EngineMaterials/Substrate/GLints/dict_16_192_64_0p5_0p02_0010_0001.uasset" 5676
"../../../Engine/Content/EngineMaterials/Substrate/GLints/dict_16_192_64_0p5_0p02_0009_0015.uasset" 5677
"../../../Engine/Content/EngineMaterials/Substrate/GLints/dict_16_192_64_0p5_0p02_0010_0002.uasset" 5678
"../../../Engine/Content/EngineMaterials/Substrate/GLints/dict_16_192_64_0p5_0p02_0010_0000.uasset" 5679
"/Engine/EngineMaterials/Substrate/GLints/dict_16_192_64_0p5_0p02_0009_0004" 5680
"/Engine/EngineMaterials/Substrate/GLints/dict_16_192_64_0p5_0p02_0009_0003" 5681
"/Engine/EngineMaterials/Substrate/GLints/dict_16_192_64_0p5_0p02_0009_0002" 5682
"/Engine/EngineMaterials/Substrate/GLints/dict_16_192_64_0p5_0p02_0009_0013" 5683
"/Engine/EngineMaterials/Substrate/GLints/dict_16_192_64_0p5_0p02_0009_0001" 5684
"/Engine/EngineMaterials/Substrate/GLints/dict_16_192_64_0p5_0p02_0009_0000" 5685
"/Engine/EngineMaterials/Substrate/GLints/dict_16_192_64_0p5_0p02_0008_0015" 5686
"/Engine/EngineMaterials/Substrate/GLints/dict_16_192_64_0p5_0p02_0009_0012" 5687
"/Engine/EngineMaterials/Substrate/GLints/dict_16_192_64_0p5_0p02_0008_0014" 5688
"/Engine/EngineMaterials/Substrate/GLints/dict_16_192_64_0p5_0p02_0008_0013" 5689
"/Engine/EngineMaterials/Substrate/GLints/dict_16_192_64_0p5_0p02_0008_0012" 5690
"/Engine/EngineMaterials/Substrate/GLints/dict_16_192_64_0p5_0p02_0009_0011" 5691
"/Engine/EngineMaterials/Substrate/GLints/dict_16_192_64_0p5_0p02_0008_0011" 5692
"/Engine/EngineMaterials/Substrate/GLints/dict_16_192_64_0p5_0p02_0008_0010" 5693
"/Engine/EngineMaterials/Substrate/GLints/dict_16_192_64_0p5_0p02_0008_0009" 5694
"/Engine/EngineMaterials/Substrate/GLints/dict_16_192_64_0p5_0p02_0008_0008" 5695
"/Engine/EngineMaterials/Substrate/GLints/dict_16_192_64_0p5_0p02_0008_0007" 5696
"/Engine/EngineMaterials/Substrate/GLints/dict_16_192_64_0p5_0p02_0008_0006" 5697
"/Engine/EngineMaterials/Substrate/GLints/dict_16_192_64_0p5_0p02_0009_0010" 5698
"/Engine/EngineMaterials/Substrate/GLints/dict_16_192_64_0p5_0p02_0008_0005" 5699
"/Engine/EngineMaterials/Substrate/GLints/dict_16_192_64_0p5_0p02_0009_0009" 5700
"/Engine/EngineMaterials/Substrate/GLints/dict_16_192_64_0p5_0p02_0008_0004" 5701
"/Engine/EngineMaterials/Substrate/GLints/dict_16_192_64_0p5_0p02_0008_0003" 5702
"/Engine/EngineMaterials/Substrate/GLints/dict_16_192_64_0p5_0p02_0009_0008" 5703
"/Engine/EngineMaterials/Substrate/GLints/dict_16_192_64_0p5_0p02_0009_0007" 5704
"/Engine/EngineMaterials/Substrate/GLints/dict_16_192_64_0p5_0p02_0009_0006" 5705
"/Engine/EngineMaterials/Substrate/GLints/dict_16_192_64_0p5_0p02_0009_0005" 5706
"../../../Engine/Content/EngineMaterials/Substrate/GLints/dict_16_192_64_0p5_0p02_0010_0004.uasset" 5707
"../../../Engine/Content/EngineMaterials/Substrate/GLints/dict_16_192_64_0p5_0p02_0010_0005.uasset" 5708
"../../../Engine/Content/EngineMaterials/Substrate/GLints/dict_16_192_64_0p5_0p02_0010_0003.uasset" 5709
"../../../Engine/Content/EngineMaterials/Substrate/GLints/dict_16_192_64_0p5_0p02_0010_0007.uasset" 5710
"../../../Engine/Content/EngineMaterials/Substrate/GLints/dict_16_192_64_0p5_0p02_0010_0009.uasset" 5711
"../../../Engine/Content/EngineMaterials/Substrate/GLints/dict_16_192_64_0p5_0p02_0010_0006.uasset" 5712
"../../../Engine/Content/EngineMaterials/Substrate/GLints/dict_16_192_64_0p5_0p02_0010_0013.uasset" 5713
"../../../Engine/Content/EngineMaterials/Substrate/GLints/dict_16_192_64_0p5_0p02_0010_0011.uasset" 5714
"../../../Engine/Content/EngineMaterials/Substrate/GLints/dict_16_192_64_0p5_0p02_0010_0008.uasset" 5715
"../../../Engine/Content/EngineMaterials/Substrate/GLints/dict_16_192_64_0p5_0p02_0011_0000.uasset" 5716
"../../../Engine/Content/EngineMaterials/Substrate/GLints/dict_16_192_64_0p5_0p02_0011_0002.uasset" 5717
"../../../Engine/Content/EngineMaterials/Substrate/GLints/dict_16_192_64_0p5_0p02_0010_0014.uasset" 5718
"../../../Engine/Content/EngineMaterials/Substrate/GLints/dict_16_192_64_0p5_0p02_0011_0003.uasset" 5719
"../../../Engine/Content/EngineMaterials/Substrate/GLints/dict_16_192_64_0p5_0p02_0011_0006.uasset" 5720
"../../../Engine/Content/EngineMaterials/Substrate/GLints/dict_16_192_64_0p5_0p02_0010_0010.uasset" 5721
"../../../Engine/Content/EngineMaterials/Substrate/GLints/dict_16_192_64_0p5_0p02_0011_0005.uasset" 5722
"../../../Engine/Content/EngineMaterials/Substrate/GLints/dict_16_192_64_0p5_0p02_0011_0007.uasset" 5723
"../../../Engine/Content/EngineMaterials/Substrate/GLints/dict_16_192_64_0p5_0p02_0010_0015.uasset" 5724
"../../../Engine/Content/EngineMaterials/Substrate/GLints/dict_16_192_64_0p5_0p02_0011_0008.uasset" 5725
"../../../Engine/Content/EngineMaterials/Substrate/GLints/dict_16_192_64_0p5_0p02_0011_0010.uasset" 5726
"../../../Engine/Content/EngineMaterials/Substrate/GLints/dict_16_192_64_0p5_0p02_0010_0012.uasset" 5727
"../../../Engine/Content/EngineMaterials/Substrate/GLints/dict_16_192_64_0p5_0p02_0011_0009.uasset" 5728
"/Engine/EngineMaterials/Substrate/GLints/dict_16_192_64_0p5_0p02_0010_0002" 5729
"../../../Engine/Content/EngineMaterials/Substrate/GLints/dict_16_192_64_0p5_0p02_0011_0011.uasset" 5730
"../../../Engine/Content/EngineMaterials/Substrate/GLints/dict_16_192_64_0p5_0p02_0011_0004.uasset" 5731
"../../../Engine/Content/EngineMaterials/Substrate/GLints/dict_16_192_64_0p5_0p02_0011_0012.uasset" 5732
"../../../Engine/Content/EngineMaterials/Substrate/GLints/dict_16_192_64_0p5_0p02_0011_0013.uasset" 5733
"../../../Engine/Content/EngineMaterials/Substrate/GLints/dict_16_192_64_0p5_0p02_0011_0001.uasset" 5734
"/Engine/EngineMaterials/Substrate/GLints/dict_16_192_64_0p5_0p02_0010_0001" 5735
"/Engine/EngineMaterials/Substrate/GLints/dict_16_192_64_0p5_0p02_0010_0000" 5736
"/Engine/EngineMaterials/Substrate/GLints/dict_16_192_64_0p5_0p02_0009_0015" 5737
"/Engine/EngineMaterials/Substrate/GLints/dict_16_192_64_0p5_0p02_0009_0014" 5738
"/Engine/EngineMaterials/Substrate/GLints/dict_16_192_64_0p5_0p02_0010_0005" 5739
"/Engine/EngineMaterials/Substrate/GLints/dict_16_192_64_0p5_0p02_0010_0003" 5740
"../../../Engine/Content/EngineMaterials/Substrate/GLints/dict_16_192_64_0p5_0p02_0011_0014.uasset" 5741
"../../../Engine/Content/EngineMaterials/Substrate/GLints/dict_16_192_64_0p5_0p02_0012_0000.uasset" 5742
"../../../Engine/Content/EngineMaterials/Substrate/GLints/dict_16_192_64_0p5_0p02_0011_0015.uasset" 5743
"../../../Engine/Content/EngineMaterials/Substrate/GLints/dict_16_192_64_0p5_0p02_0012_0003.uasset" 5744
"../../../Engine/Content/EngineMaterials/Substrate/GLints/dict_16_192_64_0p5_0p02_0012_0001.uasset" 5745
"../../../Engine/Content/EngineMaterials/Substrate/GLints/dict_16_192_64_0p5_0p02_0012_0004.uasset" 5746
"../../../Engine/Content/EngineMaterials/Substrate/GLints/dict_16_192_64_0p5_0p02_0012_0002.uasset" 5747
"/Engine/EngineMaterials/Substrate/GLints/dict_16_192_64_0p5_0p02_0011_0013" 5748
"/Engine/EngineMaterials/Substrate/GLints/dict_16_192_64_0p5_0p02_0011_0012" 5749
"/Engine/EngineMaterials/Substrate/GLints/dict_16_192_64_0p5_0p02_0011_0011" 5750
"/Engine/EngineMaterials/Substrate/GLints/dict_16_192_64_0p5_0p02_0011_0010" 5751
"/Engine/EngineMaterials/Substrate/GLints/dict_16_192_64_0p5_0p02_0011_0009" 5752
"/Engine/EngineMaterials/Substrate/GLints/dict_16_192_64_0p5_0p02_0011_0008" 5753
"/Engine/EngineMaterials/Substrate/GLints/dict_16_192_64_0p5_0p02_0011_0007" 5754
"/Engine/EngineMaterials/Substrate/GLints/dict_16_192_64_0p5_0p02_0011_0006" 5755
"/Engine/EngineMaterials/Substrate/GLints/dict_16_192_64_0p5_0p02_0011_0005" 5756
"/Engine/EngineMaterials/Substrate/GLints/dict_16_192_64_0p5_0p02_0011_0004" 5757
"/Engine/EngineMaterials/Substrate/GLints/dict_16_192_64_0p5_0p02_0011_0003" 5758
"/Engine/EngineMaterials/Substrate/GLints/dict_16_192_64_0p5_0p02_0011_0002" 5759
"/Engine/EngineMaterials/Substrate/GLints/dict_16_192_64_0p5_0p02_0011_0001" 5760
"/Engine/EngineMaterials/Substrate/GLints/dict_16_192_64_0p5_0p02_0011_0000" 5761
"/Engine/EngineMaterials/Substrate/GLints/dict_16_192_64_0p5_0p02_0010_0015" 5762
"/Engine/EngineMaterials/Substrate/GLints/dict_16_192_64_0p5_0p02_0010_0014" 5763
"/Engine/EngineMaterials/Substrate/GLints/dict_16_192_64_0p5_0p02_0010_0013" 5764
"/Engine/EngineMaterials/Substrate/GLints/dict_16_192_64_0p5_0p02_0010_0012" 5765
"/Engine/EngineMaterials/Substrate/GLints/dict_16_192_64_0p5_0p02_0010_0011" 5766
"/Engine/EngineMaterials/Substrate/GLints/dict_16_192_64_0p5_0p02_0010_0010" 5767
"/Engine/EngineMaterials/Substrate/GLints/dict_16_192_64_0p5_0p02_0010_0009" 5768
"/Engine/EngineMaterials/Substrate/GLints/dict_16_192_64_0p5_0p02_0010_0008" 5769
"/Engine/EngineMaterials/Substrate/GLints/dict_16_192_64_0p5_0p02_0010_0007" 5770
"/Engine/EngineMaterials/Substrate/GLints/dict_16_192_64_0p5_0p02_0010_0006" 5771
"/Engine/EngineMaterials/Substrate/GLints/dict_16_192_64_0p5_0p02_0010_0004" 5772
"/Engine/EngineMaterials/Substrate/GLints/dict_16_192_64_0p5_0p02_0011_0014" 5773
"../../../Engine/Content/EngineMaterials/Substrate/GLints/dict_16_192_64_0p5_0p02_0012_0006.uasset" 5774
"../../../Engine/Content/EngineMaterials/Substrate/GLints/dict_16_192_64_0p5_0p02_0012_0007.uasset" 5775
"../../../Engine/Content/EngineMaterials/Substrate/GLints/dict_16_192_64_0p5_0p02_0012_0009.uasset" 5776
"../../../Engine/Content/EngineMaterials/Substrate/GLints/dict_16_192_64_0p5_0p02_0012_0010.uasset" 5777
"../../../Engine/Content/EngineMaterials/Substrate/GLints/dict_16_192_64_0p5_0p02_0012_0012.uasset" 5778
"../../../Engine/Content/EngineMaterials/Substrate/GLints/dict_16_192_64_0p5_0p02_0012_0013.uasset" 5779
"../../../Engine/Content/EngineMaterials/Substrate/GLints/dict_16_192_64_0p5_0p02_0012_0011.uasset" 5780
"../../../Engine/Content/EngineMaterials/Substrate/GLints/dict_16_192_64_0p5_0p02_0012_0014.uasset" 5781
"../../../Engine/Content/EngineMaterials/Substrate/GLints/dict_16_192_64_0p5_0p02_0013_0008.uasset" 5782
"../../../Engine/Content/EngineMaterials/Substrate/GLints/dict_16_192_64_0p5_0p02_0013_0009.uasset" 5783
"../../../Engine/Content/EngineMaterials/Substrate/GLints/dict_16_192_64_0p5_0p02_0013_0002.uasset" 5784
"../../../Engine/Content/EngineMaterials/Substrate/GLints/dict_16_192_64_0p5_0p02_0013_0005.uasset" 5785
"../../../Engine/Content/EngineMaterials/Substrate/GLints/dict_16_192_64_0p5_0p02_0013_0001.uasset" 5786
"../../../Engine/Content/EngineMaterials/Substrate/GLints/dict_16_192_64_0p5_0p02_0013_0011.uasset" 5787
"../../../Engine/Content/EngineMaterials/Substrate/GLints/dict_16_192_64_0p5_0p02_0013_0012.uasset" 5788
"../../../Engine/Content/EngineMaterials/Substrate/GLints/dict_16_192_64_0p5_0p02_0013_0013.uasset" 5789
"../../../Engine/Content/EngineMaterials/Substrate/GLints/dict_16_192_64_0p5_0p02_0013_0006.uasset" 5790
"../../../Engine/Content/EngineMaterials/Substrate/GLints/dict_16_192_64_0p5_0p02_0013_0014.uasset" 5791
"../../../Engine/Content/EngineMaterials/Substrate/GLints/dict_16_192_64_0p5_0p02_0013_0007.uasset" 5792
"../../../Engine/Content/EngineMaterials/Substrate/GLints/dict_16_192_64_0p5_0p02_0013_0010.uasset" 5793
"../../../Engine/Content/EngineMaterials/Substrate/GLints/dict_16_192_64_0p5_0p02_0013_0000.uasset" 5794
"../../../Engine/Content/EngineMaterials/Substrate/GLints/dict_16_192_64_0p5_0p02_0012_0005.uasset" 5795
"../../../Engine/Content/EngineMaterials/Substrate/GLints/dict_16_192_64_0p5_0p02_0012_0008.uasset" 5796
"/Engine/EngineMaterials/Substrate/GLints/dict_16_192_64_0p5_0p02_0012_0004" 5797
"../../../Engine/Content/EngineMaterials/Substrate/GLints/dict_16_192_64_0p5_0p02_0012_0015.uasset" 5798
"../../../Engine/Content/EngineMaterials/Substrate/GLints/dict_16_192_64_0p5_0p02_0013_0003.uasset" 5799
"../../../Engine/Content/EngineMaterials/Substrate/GLints/dict_16_192_64_0p5_0p02_0013_0004.uasset" 5800
"/Engine/EngineMaterials/Substrate/GLints/dict_16_192_64_0p5_0p02_0012_0003" 5801
"/Engine/EngineMaterials/Substrate/GLints/dict_16_192_64_0p5_0p02_0012_0002" 5802
"/Engine/EngineMaterials/Substrate/GLints/dict_16_192_64_0p5_0p02_0012_0001" 5803
"/Engine/EngineMaterials/Substrate/GLints/dict_16_192_64_0p5_0p02_0012_0000" 5804
"/Engine/EngineMaterials/Substrate/GLints/dict_16_192_64_0p5_0p02_0011_0015" 5805
"../../../Engine/Content/EngineMaterials/Substrate/GLints/dict_16_192_64_0p5_0p02_0013_0015.uasset" 5806
"../../../Engine/Content/EngineMaterials/Substrate/GLints/dict_16_192_64_0p5_0p02_0014_0002.uasset" 5807
"../../../Engine/Content/EngineMaterials/Substrate/GLints/dict_16_192_64_0p5_0p02_0014_0003.uasset" 5808
"../../../Engine/Content/EngineMaterials/Substrate/GLints/dict_16_192_64_0p5_0p02_0014_0001.uasset" 5809
"../../../Engine/Content/EngineMaterials/Substrate/GLints/dict_16_192_64_0p5_0p02_0014_0000.uasset" 5810
"../../../Engine/Content/EngineMaterials/Substrate/GLints/dict_16_192_64_0p5_0p02_0014_0004.uasset" 5811
"/Engine/EngineMaterials/Substrate/GLints/dict_16_192_64_0p5_0p02_0013_0014" 5812
"/Engine/EngineMaterials/Substrate/GLints/dict_16_192_64_0p5_0p02_0013_0013" 5813
"/Engine/EngineMaterials/Substrate/GLints/dict_16_192_64_0p5_0p02_0013_0012" 5814
"/Engine/EngineMaterials/Substrate/GLints/dict_16_192_64_0p5_0p02_0013_0011" 5815
"/Engine/EngineMaterials/Substrate/GLints/dict_16_192_64_0p5_0p02_0013_0010" 5816
"/Engine/EngineMaterials/Substrate/GLints/dict_16_192_64_0p5_0p02_0013_0009" 5817
"/Engine/EngineMaterials/Substrate/GLints/dict_16_192_64_0p5_0p02_0013_0008" 5818
"/Engine/EngineMaterials/Substrate/GLints/dict_16_192_64_0p5_0p02_0013_0007" 5819
"/Engine/EngineMaterials/Substrate/GLints/dict_16_192_64_0p5_0p02_0013_0006" 5820
"/Engine/EngineMaterials/Substrate/GLints/dict_16_192_64_0p5_0p02_0013_0005" 5821
"/Engine/EngineMaterials/Substrate/GLints/dict_16_192_64_0p5_0p02_0013_0004" 5822
"/Engine/EngineMaterials/Substrate/GLints/dict_16_192_64_0p5_0p02_0013_0003" 5823
"/Engine/EngineMaterials/Substrate/GLints/dict_16_192_64_0p5_0p02_0013_0002" 5824
"/Engine/EngineMaterials/Substrate/GLints/dict_16_192_64_0p5_0p02_0013_0001" 5825
"/Engine/EngineMaterials/Substrate/GLints/dict_16_192_64_0p5_0p02_0013_0000" 5826
"/Engine/EngineMaterials/Substrate/GLints/dict_16_192_64_0p5_0p02_0012_0015" 5827
"/Engine/EngineMaterials/Substrate/GLints/dict_16_192_64_0p5_0p02_0012_0014" 5828
"/Engine/EngineMaterials/Substrate/GLints/dict_16_192_64_0p5_0p02_0012_0013" 5829
"/Engine/EngineMaterials/Substrate/GLints/dict_16_192_64_0p5_0p02_0012_0012" 5830
"/Engine/EngineMaterials/Substrate/GLints/dict_16_192_64_0p5_0p02_0012_0011" 5831
"/Engine/EngineMaterials/Substrate/GLints/dict_16_192_64_0p5_0p02_0012_0010" 5832
"/Engine/EngineMaterials/Substrate/GLints/dict_16_192_64_0p5_0p02_0012_0009" 5833
"/Engine/EngineMaterials/Substrate/GLints/dict_16_192_64_0p5_0p02_0012_0008" 5834
"/Engine/EngineMaterials/Substrate/GLints/dict_16_192_64_0p5_0p02_0012_0007" 5835
"/Engine/EngineMaterials/Substrate/GLints/dict_16_192_64_0p5_0p02_0012_0006" 5836
"/Engine/EngineMaterials/Substrate/GLints/dict_16_192_64_0p5_0p02_0012_0005" 5837
"../../../Engine/Content/EngineMaterials/Substrate/GLints/dict_16_192_64_0p5_0p02_0014_0006.uasset" 5838
"../../../Engine/Content/EngineMaterials/Substrate/GLints/dict_16_192_64_0p5_0p02_0014_0010.uasset" 5839
"../../../Engine/Content/EngineMaterials/Substrate/GLints/dict_16_192_64_0p5_0p02_0014_0012.uasset" 5840
"../../../Engine/Content/EngineMaterials/Substrate/GLints/dict_16_192_64_0p5_0p02_0014_0005.uasset" 5841
"../../../Engine/Content/EngineMaterials/Substrate/GLints/dict_16_192_64_0p5_0p02_0015_0002.uasset" 5842
"../../../Engine/Content/EngineMaterials/Substrate/GLints/dict_16_192_64_0p5_0p02_0015_0006.uasset" 5843
"../../../Engine/Content/EngineMaterials/Substrate/GLints/dict_16_192_64_0p5_0p02_0014_0007.uasset" 5844
"../../../Engine/Content/EngineMaterials/Substrate/GLints/dict_16_192_64_0p5_0p02_0015_0005.uasset" 5845
"../../../Engine/Content/EngineMaterials/Substrate/GLints/dict_16_192_64_0p5_0p02_0014_0015.uasset" 5846
"../../../Engine/Content/EngineMaterials/Substrate/GLints/dict_16_192_64_0p5_0p02_0014_0011.uasset" 5847
"../../../Engine/Content/EngineMaterials/Substrate/GLints/dict_16_192_64_0p5_0p02_0014_0008.uasset" 5848
"../../../Engine/Content/EngineMaterials/Substrate/GLints/dict_16_192_64_0p5_0p02_0015_0009.uasset" 5849
"../../../Engine/Content/EngineMaterials/Substrate/GLints/dict_16_192_64_0p5_0p02_0014_0013.uasset" 5850
"../../../Engine/Content/EngineMaterials/Substrate/GLints/dict_16_192_64_0p5_0p02_0015_0013.uasset" 5851
"../../../Engine/Content/EngineMaterials/Substrate/GLints/dict_16_192_64_0p5_0p02_0015_0012.uasset" 5852
"../../../Engine/Content/EngineMaterials/Substrate/GLints/dict_16_192_64_0p5_0p02_0015_0014.uasset" 5853
"/Engine/EngineMaterials/Substrate/GLints/dict_16_192_64_0p5_0p02_0014_0004" 5854
"../../../Engine/Content/EngineMaterials/Substrate/GLints/dict_16_192_64_0p5_0p02_0015_0007.uasset" 5855
"../../../Engine/Content/EngineMaterials/Substrate/GLints/dict_16_192_64_0p5_0p02_0014_0009.uasset" 5856
"../../../Engine/Content/EngineMaterials/Substrate/GLints/dict_16_192_64_0p5_0p02_0015_0010.uasset" 5857
"../../../Engine/Content/EngineMaterials/Substrate/GLints/dict_16_192_64_0p5_0p02_0015_0008.uasset" 5858
"../../../Engine/Content/EngineMaterials/Substrate/GLints/dict_16_192_64_0p5_0p02_0015_0001.uasset" 5859
"../../../Engine/Content/EngineMaterials/Substrate/GLints/dict_16_192_64_0p5_0p02_0015_0004.uasset" 5860
"../../../Engine/Content/EngineMaterials/Substrate/GLints/dict_16_192_64_0p5_0p02_0015_0011.uasset" 5861
"../../../Engine/Content/EngineMaterials/Substrate/GLints/dict_16_192_64_0p5_0p02_0015_0003.uasset" 5862
"../../../Engine/Content/EngineMaterials/Substrate/GLints/dict_16_192_64_0p5_0p02_0014_0014.uasset" 5863
"../../../Engine/Content/EngineMaterials/Substrate/GLints/dict_16_192_64_0p5_0p02_0015_0000.uasset" 5864
"/Engine/EngineMaterials/Substrate/GLints/dict_16_192_64_0p5_0p02_0014_0003" 5865
"/Engine/EngineMaterials/Substrate/GLints/dict_16_192_64_0p5_0p02_0014_0002" 5866
"/Engine/EngineMaterials/Substrate/GLints/dict_16_192_64_0p5_0p02_0014_0001" 5867
"/Engine/EngineMaterials/Substrate/GLints/dict_16_192_64_0p5_0p02_0014_0000" 5868
"/Engine/EngineMaterials/Substrate/GLints/dict_16_192_64_0p5_0p02_0013_0015" 5869
"../../../Engine/Content/EngineMaterials/Substrate/GLints/dict_16_192_64_0p5_0p02_0015_0015.uasset" 5870
"../../../Engine/Content/EngineMaterials/Substrate/GLints/dict_16_192_64_0p5_0p02_0016_0002.uasset" 5871
"../../../Engine/Content/EngineMaterials/Substrate/GLints/dict_16_192_64_0p5_0p02_0016_0000.uasset" 5872
"../../../Engine/Content/EngineMaterials/Substrate/GLints/dict_16_192_64_0p5_0p02_0016_0001.uasset" 5873
"../../../Engine/Content/EngineMaterials/Substrate/GLints/dict_16_192_64_0p5_0p02_0016_0004.uasset" 5874
"/Engine/EngineMaterials/Substrate/GLints/dict_16_192_64_0p5_0p02_0015_0014" 5875
"../../../Engine/Content/EngineMaterials/Substrate/GLints/dict_16_192_64_0p5_0p02_0016_0003.uasset" 5876
"/Engine/EngineMaterials/Substrate/GLints/dict_16_192_64_0p5_0p02_0015_0013" 5877
"/Engine/EngineMaterials/Substrate/GLints/dict_16_192_64_0p5_0p02_0015_0012" 5878
"/Engine/EngineMaterials/Substrate/GLints/dict_16_192_64_0p5_0p02_0015_0011" 5879
"/Engine/EngineMaterials/Substrate/GLints/dict_16_192_64_0p5_0p02_0015_0010" 5880
"/Engine/EngineMaterials/Substrate/GLints/dict_16_192_64_0p5_0p02_0015_0009" 5881
"/Engine/EngineMaterials/Substrate/GLints/dict_16_192_64_0p5_0p02_0015_0008" 5882
"/Engine/EngineMaterials/Substrate/GLints/dict_16_192_64_0p5_0p02_0015_0007" 5883
"/Engine/EngineMaterials/Substrate/GLints/dict_16_192_64_0p5_0p02_0015_0006" 5884
"/Engine/EngineMaterials/Substrate/GLints/dict_16_192_64_0p5_0p02_0015_0005" 5885
"/Engine/EngineMaterials/Substrate/GLints/dict_16_192_64_0p5_0p02_0015_0004" 5886
"/Engine/EngineMaterials/Substrate/GLints/dict_16_192_64_0p5_0p02_0015_0003" 5887
"/Engine/EngineMaterials/Substrate/GLints/dict_16_192_64_0p5_0p02_0015_0002" 5888
"/Engine/EngineMaterials/Substrate/GLints/dict_16_192_64_0p5_0p02_0015_0001" 5889
"/Engine/EngineMaterials/Substrate/GLints/dict_16_192_64_0p5_0p02_0015_0000" 5890
"/Engine/EngineMaterials/Substrate/GLints/dict_16_192_64_0p5_0p02_0014_0015" 5891
"/Engine/EngineMaterials/Substrate/GLints/dict_16_192_64_0p5_0p02_0014_0014" 5892
"/Engine/EngineMaterials/Substrate/GLints/dict_16_192_64_0p5_0p02_0014_0013" 5893
"/Engine/EngineMaterials/Substrate/GLints/dict_16_192_64_0p5_0p02_0014_0012" 5894
"/Engine/EngineMaterials/Substrate/GLints/dict_16_192_64_0p5_0p02_0014_0011" 5895
"/Engine/EngineMaterials/Substrate/GLints/dict_16_192_64_0p5_0p02_0014_0010" 5896
"/Engine/EngineMaterials/Substrate/GLints/dict_16_192_64_0p5_0p02_0014_0009" 5897
"/Engine/EngineMaterials/Substrate/GLints/dict_16_192_64_0p5_0p02_0014_0008" 5898
"/Engine/EngineMaterials/Substrate/GLints/dict_16_192_64_0p5_0p02_0014_0007" 5899
"/Engine/EngineMaterials/Substrate/GLints/dict_16_192_64_0p5_0p02_0014_0006" 5900
"/Engine/EngineMaterials/Substrate/GLints/dict_16_192_64_0p5_0p02_0014_0005" 5901
"../../../Engine/Content/EngineMaterials/Substrate/GLints/dict_16_192_64_0p5_0p02_0016_0006.uasset" 5902
"../../../Engine/Content/EngineMaterials/Substrate/GLints/dict_16_192_64_0p5_0p02_0016_0007.uasset" 5903
"../../../Engine/Content/EngineMaterials/Substrate/GLints/dict_16_192_64_0p5_0p02_0016_0012.uasset" 5904
"../../../Engine/Content/EngineMaterials/Substrate/GLints/dict_16_192_64_0p5_0p02_0016_0009.uasset" 5905
"../../../Engine/Content/EngineMaterials/Substrate/GLints/dict_16_192_64_0p5_0p02_0016_0014.uasset" 5906
"../../../Engine/Content/EngineMaterials/Substrate/GLints/dict_16_192_64_0p5_0p02_0016_0005.uasset" 5907
"../../../Engine/Content/EngineMaterials/Substrate/GLints/dict_16_192_64_0p5_0p02_0017_0003.uasset" 5908
"../../../Engine/Content/EngineMaterials/Substrate/GLints/dict_16_192_64_0p5_0p02_0016_0015.uasset" 5909
"../../../Engine/Content/EngineMaterials/Substrate/GLints/dict_16_192_64_0p5_0p02_0016_0013.uasset" 5910
"../../../Engine/Content/EngineMaterials/Substrate/GLints/dict_16_192_64_0p5_0p02_0017_0005.uasset" 5911
"../../../Engine/Content/EngineMaterials/Substrate/GLints/dict_16_192_64_0p5_0p02_0017_0010.uasset" 5912
"../../../Engine/Content/EngineMaterials/Substrate/GLints/dict_16_192_64_0p5_0p02_0016_0008.uasset" 5913
"../../../Engine/Content/EngineMaterials/Substrate/GLints/dict_16_192_64_0p5_0p02_0016_0010.uasset" 5914
"../../../Engine/Content/EngineMaterials/Substrate/GLints/dict_16_192_64_0p5_0p02_0017_0014.uasset" 5915
"../../../Engine/Content/EngineMaterials/Substrate/GLints/dict_16_192_64_0p5_0p02_0017_0009.uasset" 5916
"../../../Engine/Content/EngineMaterials/Substrate/GLints/dict_16_192_64_0p5_0p02_0017_0012.uasset" 5917
"../../../Engine/Content/EngineMaterials/Substrate/GLints/dict_16_192_64_0p5_0p02_0017_0002.uasset" 5918
"../../../Engine/Content/EngineMaterials/Substrate/GLints/dict_16_192_64_0p5_0p02_0017_0013.uasset" 5919
"../../../Engine/Content/EngineMaterials/Substrate/GLints/dict_16_192_64_0p5_0p02_0017_0004.uasset" 5920
"../../../Engine/Content/EngineMaterials/Substrate/GLints/dict_16_192_64_0p5_0p02_0017_0006.uasset" 5921
"../../../Engine/Content/EngineMaterials/Substrate/GLints/dict_16_192_64_0p5_0p02_0016_0011.uasset" 5922
"../../../Engine/Content/EngineMaterials/Substrate/GLints/dict_16_192_64_0p5_0p02_0017_0000.uasset" 5923
"/Engine/EngineMaterials/Substrate/GLints/dict_16_192_64_0p5_0p02_0016_0004" 5924
"../../../Engine/Content/EngineMaterials/Substrate/GLints/dict_16_192_64_0p5_0p02_0017_0007.uasset" 5925
"../../../Engine/Content/EngineMaterials/Substrate/GLints/dict_16_192_64_0p5_0p02_0017_0001.uasset" 5926
"../../../Engine/Content/EngineMaterials/Substrate/GLints/dict_16_192_64_0p5_0p02_0017_0011.uasset" 5927
"../../../Engine/Content/EngineMaterials/Substrate/GLints/dict_16_192_64_0p5_0p02_0017_0008.uasset" 5928
"/Engine/EngineMaterials/Substrate/GLints/dict_16_192_64_0p5_0p02_0016_0003" 5929
"/Engine/EngineMaterials/Substrate/GLints/dict_16_192_64_0p5_0p02_0016_0002" 5930
"/Engine/EngineMaterials/Substrate/GLints/dict_16_192_64_0p5_0p02_0016_0001" 5931
"/Engine/EngineMaterials/Substrate/GLints/dict_16_192_64_0p5_0p02_0016_0000" 5932
"/Engine/EngineMaterials/Substrate/GLints/dict_16_192_64_0p5_0p02_0015_0015" 5933
"../../../Engine/Content/EngineMaterials/Substrate/GLints/dict_16_192_64_0p5_0p02_0018_0001.uasset" 5934
"../../../Engine/Content/EngineMaterials/Substrate/GLints/dict_16_192_64_0p5_0p02_0018_0000.uasset" 5935
"../../../Engine/Content/EngineMaterials/Substrate/GLints/dict_16_192_64_0p5_0p02_0017_0015.uasset" 5936
"../../../Engine/Content/EngineMaterials/Substrate/GLints/dict_16_192_64_0p5_0p02_0018_0002.uasset" 5937
"../../../Engine/Content/EngineMaterials/Substrate/GLints/dict_16_192_64_0p5_0p02_0018_0004.uasset" 5938
"../../../Engine/Content/EngineMaterials/Substrate/GLints/dict_16_192_64_0p5_0p02_0018_0003.uasset" 5939
"/Engine/EngineMaterials/Substrate/GLints/dict_16_192_64_0p5_0p02_0017_0014" 5940
"/Engine/EngineMaterials/Substrate/GLints/dict_16_192_64_0p5_0p02_0017_0013" 5941
"/Engine/EngineMaterials/Substrate/GLints/dict_16_192_64_0p5_0p02_0017_0012" 5942
"/Engine/EngineMaterials/Substrate/GLints/dict_16_192_64_0p5_0p02_0017_0011" 5943
"/Engine/EngineMaterials/Substrate/GLints/dict_16_192_64_0p5_0p02_0017_0010" 5944
"/Engine/EngineMaterials/Substrate/GLints/dict_16_192_64_0p5_0p02_0017_0009" 5945
"/Engine/EngineMaterials/Substrate/GLints/dict_16_192_64_0p5_0p02_0017_0008" 5946
"/Engine/EngineMaterials/Substrate/GLints/dict_16_192_64_0p5_0p02_0017_0007" 5947
"/Engine/EngineMaterials/Substrate/GLints/dict_16_192_64_0p5_0p02_0017_0006" 5948
"/Engine/EngineMaterials/Substrate/GLints/dict_16_192_64_0p5_0p02_0017_0005" 5949
"/Engine/EngineMaterials/Substrate/GLints/dict_16_192_64_0p5_0p02_0017_0004" 5950
"/Engine/EngineMaterials/Substrate/GLints/dict_16_192_64_0p5_0p02_0017_0003" 5951
"/Engine/EngineMaterials/Substrate/GLints/dict_16_192_64_0p5_0p02_0017_0002" 5952
"/Engine/EngineMaterials/Substrate/GLints/dict_16_192_64_0p5_0p02_0017_0001" 5953
"/Engine/EngineMaterials/Substrate/GLints/dict_16_192_64_0p5_0p02_0017_0000" 5954
"/Engine/EngineMaterials/Substrate/GLints/dict_16_192_64_0p5_0p02_0016_0015" 5955
"/Engine/EngineMaterials/Substrate/GLints/dict_16_192_64_0p5_0p02_0016_0014" 5956
"/Engine/EngineMaterials/Substrate/GLints/dict_16_192_64_0p5_0p02_0016_0013" 5957
"/Engine/EngineMaterials/Substrate/GLints/dict_16_192_64_0p5_0p02_0016_0012" 5958
"/Engine/EngineMaterials/Substrate/GLints/dict_16_192_64_0p5_0p02_0016_0011" 5959
"/Engine/EngineMaterials/Substrate/GLints/dict_16_192_64_0p5_0p02_0016_0010" 5960
"/Engine/EngineMaterials/Substrate/GLints/dict_16_192_64_0p5_0p02_0016_0009" 5961
"/Engine/EngineMaterials/Substrate/GLints/dict_16_192_64_0p5_0p02_0016_0008" 5962
"/Engine/EngineMaterials/Substrate/GLints/dict_16_192_64_0p5_0p02_0016_0007" 5963
"/Engine/EngineMaterials/Substrate/GLints/dict_16_192_64_0p5_0p02_0016_0006" 5964
"/Engine/EngineMaterials/Substrate/GLints/dict_16_192_64_0p5_0p02_0016_0005" 5965
"../../../Engine/Content/EngineMaterials/Substrate/GLints/dict_16_192_64_0p5_0p02_0018_0007.uasset" 5966
"../../../Engine/Content/EngineMaterials/Substrate/GLints/dict_16_192_64_0p5_0p02_0018_0008.uasset" 5967
"../../../Engine/Content/EngineMaterials/Substrate/GLints/dict_16_192_64_0p5_0p02_0018_0011.uasset" 5968
"../../../Engine/Content/EngineMaterials/Substrate/GLints/dict_16_192_64_0p5_0p02_0018_0010.uasset" 5969
"../../../Engine/Content/EngineMaterials/Substrate/GLints/dict_16_192_64_0p5_0p02_0019_0000.uasset" 5970
"../../../Engine/Content/EngineMaterials/Substrate/GLints/dict_16_192_64_0p5_0p02_0019_0004.uasset" 5971
"../../../Engine/Content/EngineMaterials/Substrate/GLints/dict_16_192_64_0p5_0p02_0018_0013.uasset" 5972
"../../../Engine/Content/EngineMaterials/Substrate/GLints/dict_16_192_64_0p5_0p02_0018_0015.uasset" 5973
"../../../Engine/Content/EngineMaterials/Substrate/GLints/dict_16_192_64_0p5_0p02_0018_0012.uasset" 5974
"../../../Engine/Content/EngineMaterials/Substrate/GLints/dict_16_192_64_0p5_0p02_0018_0009.uasset" 5975
"../../../Engine/Content/EngineMaterials/Substrate/GLints/dict_16_192_64_0p5_0p02_0019_0008.uasset" 5976
"../../../Engine/Content/EngineMaterials/Substrate/GLints/dict_16_192_64_0p5_0p02_0019_0003.uasset" 5977
"../../../Engine/Content/EngineMaterials/Substrate/GLints/dict_16_192_64_0p5_0p02_0019_0005.uasset" 5978
"../../../Engine/Content/EngineMaterials/Substrate/GLints/dict_16_192_64_0p5_0p02_0019_0006.uasset" 5979
"../../../Engine/Content/EngineMaterials/Substrate/GLints/dict_16_192_64_0p5_0p02_0019_0010.uasset" 5980
"../../../Engine/Content/EngineMaterials/Substrate/GLints/dict_16_192_64_0p5_0p02_0019_0002.uasset" 5981
"../../../Engine/Content/EngineMaterials/Substrate/GLints/dict_16_192_64_0p5_0p02_0019_0012.uasset" 5982
"../../../Engine/Content/EngineMaterials/Substrate/GLints/dict_16_192_64_0p5_0p02_0019_0013.uasset" 5983
"../../../Engine/Content/EngineMaterials/Substrate/GLints/dict_16_192_64_0p5_0p02_0018_0006.uasset" 5984
"../../../Engine/Content/EngineMaterials/Substrate/GLints/dict_16_192_64_0p5_0p02_0019_0011.uasset" 5985
"/Engine/EngineMaterials/Substrate/GLints/dict_16_192_64_0p5_0p02_0018_0004" 5986
"../../../Engine/Content/EngineMaterials/Substrate/GLints/dict_16_192_64_0p5_0p02_0018_0014.uasset" 5987
"../../../Engine/Content/EngineMaterials/Substrate/GLints/dict_16_192_64_0p5_0p02_0019_0007.uasset" 5988
"../../../Engine/Content/EngineMaterials/Substrate/GLints/dict_16_192_64_0p5_0p02_0019_0001.uasset" 5989
"../../../Engine/Content/EngineMaterials/Substrate/GLints/dict_16_192_64_0p5_0p02_0018_0005.uasset" 5990
"../../../Engine/Content/EngineMaterials/Substrate/GLints/dict_16_192_64_0p5_0p02_0019_0009.uasset" 5991
"../../../Engine/Content/EngineMaterials/Substrate/GLints/dict_16_192_64_0p5_0p02_0019_0014.uasset" 5992
"/Engine/EngineMaterials/Substrate/GLints/dict_16_192_64_0p5_0p02_0018_0003" 5993
"/Engine/EngineMaterials/Substrate/GLints/dict_16_192_64_0p5_0p02_0018_0002" 5994
"/Engine/EngineMaterials/Substrate/GLints/dict_16_192_64_0p5_0p02_0018_0001" 5995
"/Engine/EngineMaterials/Substrate/GLints/dict_16_192_64_0p5_0p02_0018_0000" 5996
"/Engine/EngineMaterials/Substrate/GLints/dict_16_192_64_0p5_0p02_0017_0015" 5997
"../../../Engine/Content/EngineMaterials/Substrate/GLints/dict_16_192_64_0p5_0p02_0019_0015.uasset" 5998
"../../../Engine/Content/EngineMaterials/Substrate/GLints/dict_16_192_64_0p5_0p02_0020_0000.uasset" 5999
"../../../Engine/Content/EngineMaterials/Substrate/GLints/dict_16_192_64_0p5_0p02_0020_0001.uasset" 6000
"../../../Engine/Content/EngineMaterials/Substrate/GLints/dict_16_192_64_0p5_0p02_0020_0004.uasset" 6001
"../../../Engine/Content/EngineMaterials/Substrate/GLints/dict_16_192_64_0p5_0p02_0020_0003.uasset" 6002
"/Engine/EngineMaterials/Substrate/GLints/dict_16_192_64_0p5_0p02_0019_0014" 6003
"../../../Engine/Content/EngineMaterials/Substrate/GLints/dict_16_192_64_0p5_0p02_0020_0002.uasset" 6004
"/Engine/EngineMaterials/Substrate/GLints/dict_16_192_64_0p5_0p02_0019_0013" 6005
"/Engine/EngineMaterials/Substrate/GLints/dict_16_192_64_0p5_0p02_0019_0012" 6006
"/Engine/EngineMaterials/Substrate/GLints/dict_16_192_64_0p5_0p02_0019_0011" 6007
"/Engine/EngineMaterials/Substrate/GLints/dict_16_192_64_0p5_0p02_0019_0010" 6008
"/Engine/EngineMaterials/Substrate/GLints/dict_16_192_64_0p5_0p02_0019_0009" 6009
"/Engine/EngineMaterials/Substrate/GLints/dict_16_192_64_0p5_0p02_0019_0008" 6010
"/Engine/EngineMaterials/Substrate/GLints/dict_16_192_64_0p5_0p02_0019_0007" 6011
"/Engine/EngineMaterials/Substrate/GLints/dict_16_192_64_0p5_0p02_0019_0006" 6012
"/Engine/EngineMaterials/Substrate/GLints/dict_16_192_64_0p5_0p02_0019_0005" 6013
"/Engine/EngineMaterials/Substrate/GLints/dict_16_192_64_0p5_0p02_0019_0004" 6014
"/Engine/EngineMaterials/Substrate/GLints/dict_16_192_64_0p5_0p02_0019_0003" 6015
"/Engine/EngineMaterials/Substrate/GLints/dict_16_192_64_0p5_0p02_0019_0002" 6016
"/Engine/EngineMaterials/Substrate/GLints/dict_16_192_64_0p5_0p02_0019_0001" 6017
"/Engine/EngineMaterials/Substrate/GLints/dict_16_192_64_0p5_0p02_0019_0000" 6018
"/Engine/EngineMaterials/Substrate/GLints/dict_16_192_64_0p5_0p02_0018_0015" 6019
"/Engine/EngineMaterials/Substrate/GLints/dict_16_192_64_0p5_0p02_0018_0014" 6020
"/Engine/EngineMaterials/Substrate/GLints/dict_16_192_64_0p5_0p02_0018_0013" 6021
"/Engine/EngineMaterials/Substrate/GLints/dict_16_192_64_0p5_0p02_0018_0012" 6022
"/Engine/EngineMaterials/Substrate/GLints/dict_16_192_64_0p5_0p02_0018_0011" 6023
"/Engine/EngineMaterials/Substrate/GLints/dict_16_192_64_0p5_0p02_0018_0010" 6024
"/Engine/EngineMaterials/Substrate/GLints/dict_16_192_64_0p5_0p02_0018_0009" 6025
"/Engine/EngineMaterials/Substrate/GLints/dict_16_192_64_0p5_0p02_0018_0008" 6026
"/Engine/EngineMaterials/Substrate/GLints/dict_16_192_64_0p5_0p02_0018_0007" 6027
"/Engine/EngineMaterials/Substrate/GLints/dict_16_192_64_0p5_0p02_0018_0006" 6028
"/Engine/EngineMaterials/Substrate/GLints/dict_16_192_64_0p5_0p02_0018_0005" 6029
"../../../Engine/Content/EngineMaterials/Substrate/GLints/dict_16_192_64_0p5_0p02_0020_0008.uasset" 6030
"../../../Engine/Content/EngineMaterials/Substrate/GLints/dict_16_192_64_0p5_0p02_0020_0006.uasset" 6031
"../../../Engine/Content/EngineMaterials/Substrate/GLints/dict_16_192_64_0p5_0p02_0021_0000.uasset" 6032
"../../../Engine/Content/EngineMaterials/Substrate/GLints/dict_16_192_64_0p5_0p02_0020_0014.uasset" 6033
"../../../Engine/Content/EngineMaterials/Substrate/GLints/dict_16_192_64_0p5_0p02_0020_0005.uasset" 6034
"../../../Engine/Content/EngineMaterials/Substrate/GLints/dict_16_192_64_0p5_0p02_0020_0013.uasset" 6035
"../../../Engine/Content/EngineMaterials/Substrate/GLints/dict_16_192_64_0p5_0p02_0021_0004.uasset" 6036
"../../../Engine/Content/EngineMaterials/Substrate/GLints/dict_16_192_64_0p5_0p02_0021_0001.uasset" 6037
"../../../Engine/Content/EngineMaterials/Substrate/GLints/dict_16_192_64_0p5_0p02_0021_0003.uasset" 6038
"../../../Engine/Content/EngineMaterials/Substrate/GLints/dict_16_192_64_0p5_0p02_0020_0012.uasset" 6039
"../../../Engine/Content/EngineMaterials/Substrate/GLints/dict_16_192_64_0p5_0p02_0021_0008.uasset" 6040
"../../../Engine/Content/EngineMaterials/Substrate/GLints/dict_16_192_64_0p5_0p02_0021_0002.uasset" 6041
"../../../Engine/Content/EngineMaterials/Substrate/GLints/dict_16_192_64_0p5_0p02_0020_0009.uasset" 6042
"../../../Engine/Content/EngineMaterials/Substrate/GLints/dict_16_192_64_0p5_0p02_0020_0010.uasset" 6043
"../../../Engine/Content/EngineMaterials/Substrate/GLints/dict_16_192_64_0p5_0p02_0021_0006.uasset" 6044
"../../../Engine/Content/EngineMaterials/Substrate/GLints/dict_16_192_64_0p5_0p02_0020_0011.uasset" 6045
"../../../Engine/Content/EngineMaterials/Substrate/GLints/dict_16_192_64_0p5_0p02_0021_0009.uasset" 6046
"/Engine/EngineMaterials/Substrate/GLints/dict_16_192_64_0p5_0p02_0020_0004" 6047
"../../../Engine/Content/EngineMaterials/Substrate/GLints/dict_16_192_64_0p5_0p02_0021_0010.uasset" 6048
"../../../Engine/Content/EngineMaterials/Substrate/GLints/dict_16_192_64_0p5_0p02_0021_0005.uasset" 6049
"../../../Engine/Content/EngineMaterials/Substrate/GLints/dict_16_192_64_0p5_0p02_0021_0012.uasset" 6050
"../../../Engine/Content/EngineMaterials/Substrate/GLints/dict_16_192_64_0p5_0p02_0021_0011.uasset" 6051
"../../../Engine/Content/EngineMaterials/Substrate/GLints/dict_16_192_64_0p5_0p02_0021_0014.uasset" 6052
"../../../Engine/Content/EngineMaterials/Substrate/GLints/dict_16_192_64_0p5_0p02_0021_0013.uasset" 6053
"../../../Engine/Content/EngineMaterials/Substrate/GLints/dict_16_192_64_0p5_0p02_0020_0007.uasset" 6054
"../../../Engine/Content/EngineMaterials/Substrate/GLints/dict_16_192_64_0p5_0p02_0020_0015.uasset" 6055
"../../../Engine/Content/EngineMaterials/Substrate/GLints/dict_16_192_64_0p5_0p02_0021_0007.uasset" 6056
"/Engine/EngineMaterials/Substrate/GLints/dict_16_192_64_0p5_0p02_0020_0003" 6057
"/Engine/EngineMaterials/Substrate/GLints/dict_16_192_64_0p5_0p02_0020_0002" 6058
"/Engine/EngineMaterials/Substrate/GLints/dict_16_192_64_0p5_0p02_0020_0001" 6059
"/Engine/EngineMaterials/Substrate/GLints/dict_16_192_64_0p5_0p02_0020_0000" 6060
"/Engine/EngineMaterials/Substrate/GLints/dict_16_192_64_0p5_0p02_0019_0015" 6061
"../../../Engine/Content/EngineMaterials/Substrate/GLints/dict_16_192_64_0p5_0p02_0022_0000.uasset" 6062
"../../../Engine/Content/EngineMaterials/Substrate/GLints/dict_16_192_64_0p5_0p02_0022_0003.uasset" 6063
"../../../Engine/Content/EngineMaterials/Substrate/GLints/dict_16_192_64_0p5_0p02_0022_0001.uasset" 6064
"../../../Engine/Content/EngineMaterials/Substrate/GLints/dict_16_192_64_0p5_0p02_0021_0015.uasset" 6065
"/Engine/EngineMaterials/Substrate/GLints/dict_16_192_64_0p5_0p02_0021_0014" 6066
"../../../Engine/Content/EngineMaterials/Substrate/GLints/dict_16_192_64_0p5_0p02_0022_0004.uasset" 6067
"../../../Engine/Content/EngineMaterials/Substrate/GLints/dict_16_192_64_0p5_0p02_0022_0002.uasset" 6068
"/Engine/EngineMaterials/Substrate/GLints/dict_16_192_64_0p5_0p02_0021_0013" 6069
"/Engine/EngineMaterials/Substrate/GLints/dict_16_192_64_0p5_0p02_0021_0012" 6070
"/Engine/EngineMaterials/Substrate/GLints/dict_16_192_64_0p5_0p02_0021_0011" 6071
"/Engine/EngineMaterials/Substrate/GLints/dict_16_192_64_0p5_0p02_0021_0010" 6072
"/Engine/EngineMaterials/Substrate/GLints/dict_16_192_64_0p5_0p02_0021_0009" 6073
"/Engine/EngineMaterials/Substrate/GLints/dict_16_192_64_0p5_0p02_0021_0008" 6074
"/Engine/EngineMaterials/Substrate/GLints/dict_16_192_64_0p5_0p02_0021_0007" 6075
"/Engine/EngineMaterials/Substrate/GLints/dict_16_192_64_0p5_0p02_0021_0006" 6076
"/Engine/EngineMaterials/Substrate/GLints/dict_16_192_64_0p5_0p02_0021_0005" 6077
"/Engine/EngineMaterials/Substrate/GLints/dict_16_192_64_0p5_0p02_0021_0004" 6078
"/Engine/EngineMaterials/Substrate/GLints/dict_16_192_64_0p5_0p02_0021_0003" 6079
"/Engine/EngineMaterials/Substrate/GLints/dict_16_192_64_0p5_0p02_0021_0002" 6080
"/Engine/EngineMaterials/Substrate/GLints/dict_16_192_64_0p5_0p02_0021_0001" 6081
"/Engine/EngineMaterials/Substrate/GLints/dict_16_192_64_0p5_0p02_0021_0000" 6082
"/Engine/EngineMaterials/Substrate/GLints/dict_16_192_64_0p5_0p02_0020_0015" 6083
"/Engine/EngineMaterials/Substrate/GLints/dict_16_192_64_0p5_0p02_0020_0014" 6084
"/Engine/EngineMaterials/Substrate/GLints/dict_16_192_64_0p5_0p02_0020_0013" 6085
"/Engine/EngineMaterials/Substrate/GLints/dict_16_192_64_0p5_0p02_0020_0012" 6086
"/Engine/EngineMaterials/Substrate/GLints/dict_16_192_64_0p5_0p02_0020_0011" 6087
"/Engine/EngineMaterials/Substrate/GLints/dict_16_192_64_0p5_0p02_0020_0010" 6088
"/Engine/EngineMaterials/Substrate/GLints/dict_16_192_64_0p5_0p02_0020_0009" 6089
"/Engine/EngineMaterials/Substrate/GLints/dict_16_192_64_0p5_0p02_0020_0008" 6090
"/Engine/EngineMaterials/Substrate/GLints/dict_16_192_64_0p5_0p02_0020_0007" 6091
"/Engine/EngineMaterials/Substrate/GLints/dict_16_192_64_0p5_0p02_0020_0006" 6092
"/Engine/EngineMaterials/Substrate/GLints/dict_16_192_64_0p5_0p02_0020_0005" 6093
"../../../Engine/Content/EngineMaterials/Substrate/GLints/dict_16_192_64_0p5_0p02_0022_0005.uasset" 6094
"../../../Engine/Content/EngineMaterials/Substrate/GLints/dict_16_192_64_0p5_0p02_0022_0008.uasset" 6095
"../../../Engine/Content/EngineMaterials/Substrate/GLints/dict_16_192_64_0p5_0p02_0022_0007.uasset" 6096
"../../../Engine/Content/EngineMaterials/Substrate/GLints/dict_16_192_64_0p5_0p02_0022_0006.uasset" 6097
"../../../Engine/Content/EngineMaterials/Substrate/GLints/dict_16_192_64_0p5_0p02_0022_0012.uasset" 6098
"../../../Engine/Content/EngineMaterials/Substrate/GLints/dict_16_192_64_0p5_0p02_0022_0011.uasset" 6099
"../../../Engine/Content/EngineMaterials/Substrate/GLints/dict_16_192_64_0p5_0p02_0023_0002.uasset" 6100
"../../../Engine/Content/EngineMaterials/Substrate/GLints/dict_16_192_64_0p5_0p02_0023_0000.uasset" 6101
"../../../Engine/Content/EngineMaterials/Substrate/GLints/dict_16_192_64_0p5_0p02_0023_0004.uasset" 6102
"../../../Engine/Content/EngineMaterials/Substrate/GLints/dict_16_192_64_0p5_0p02_0022_0014.uasset" 6103
"/Engine/EngineMaterials/Substrate/GLints/dict_16_192_64_0p5_0p02_0022_0004" 6104
"../../../Engine/Content/EngineMaterials/Substrate/GLints/dict_16_192_64_0p5_0p02_0023_0006.uasset" 6105
"../../../Engine/Content/EngineMaterials/Substrate/GLints/dict_16_192_64_0p5_0p02_0022_0009.uasset" 6106
"../../../Engine/Content/EngineMaterials/Substrate/GLints/dict_16_192_64_0p5_0p02_0023_0008.uasset" 6107
"../../../Engine/Content/EngineMaterials/Substrate/GLints/dict_16_192_64_0p5_0p02_0023_0005.uasset" 6108
"../../../Engine/Content/EngineMaterials/Substrate/GLints/dict_16_192_64_0p5_0p02_0023_0013.uasset" 6109
"../../../Engine/Content/EngineMaterials/Substrate/GLints/dict_16_192_64_0p5_0p02_0022_0013.uasset" 6110
"../../../Engine/Content/EngineMaterials/Substrate/GLints/dict_16_192_64_0p5_0p02_0023_0014.uasset" 6111
"../../../Engine/Content/EngineMaterials/Substrate/GLints/dict_16_192_64_0p5_0p02_0023_0012.uasset" 6112
"../../../Engine/Content/EngineMaterials/Substrate/GLints/dict_16_192_64_0p5_0p02_0023_0011.uasset" 6113
"../../../Engine/Content/EngineMaterials/Substrate/GLints/dict_16_192_64_0p5_0p02_0023_0010.uasset" 6114
"../../../Engine/Content/EngineMaterials/Substrate/GLints/dict_16_192_64_0p5_0p02_0023_0007.uasset" 6115
"../../../Engine/Content/EngineMaterials/Substrate/GLints/dict_16_192_64_0p5_0p02_0023_0001.uasset" 6116
"../../../Engine/Content/EngineMaterials/Substrate/GLints/dict_16_192_64_0p5_0p02_0022_0010.uasset" 6117
"../../../Engine/Content/EngineMaterials/Substrate/GLints/dict_16_192_64_0p5_0p02_0023_0003.uasset" 6118
"../../../Engine/Content/EngineMaterials/Substrate/GLints/dict_16_192_64_0p5_0p02_0022_0015.uasset" 6119
"../../../Engine/Content/EngineMaterials/Substrate/GLints/dict_16_192_64_0p5_0p02_0023_0009.uasset" 6120
"/Engine/EngineMaterials/Substrate/GLints/dict_16_192_64_0p5_0p02_0022_0003" 6121
"/Engine/EngineMaterials/Substrate/GLints/dict_16_192_64_0p5_0p02_0022_0002" 6122
"/Engine/EngineMaterials/Substrate/GLints/dict_16_192_64_0p5_0p02_0022_0001" 6123
"/Engine/EngineMaterials/Substrate/GLints/dict_16_192_64_0p5_0p02_0022_0000" 6124
"/Engine/EngineMaterials/Substrate/GLints/dict_16_192_64_0p5_0p02_0021_0015" 6125
"../../../Engine/Content/EngineMaterials/Substrate/GLints/dict_16_192_64_0p5_0p02_0023_0015.uasset" 6126
"../../../Engine/Content/EngineMaterials/Substrate/GLints/dict_16_192_64_0p5_0p02_0024_0002.uasset" 6127
"../../../Engine/Content/EngineMaterials/Substrate/GLints/dict_16_192_64_0p5_0p02_0024_0000.uasset" 6128
"../../../Engine/Content/EngineMaterials/Substrate/GLints/dict_16_192_64_0p5_0p02_0024_0001.uasset" 6129
"../../../Engine/Content/EngineMaterials/Substrate/GLints/dict_16_192_64_0p5_0p02_0024_0003.uasset" 6130
"../../../Engine/Content/EngineMaterials/Substrate/GLints/dict_16_192_64_0p5_0p02_0024_0004.uasset" 6131
"/Engine/EngineMaterials/Substrate/GLints/dict_16_192_64_0p5_0p02_0023_0014" 6132
"/Engine/EngineMaterials/Substrate/GLints/dict_16_192_64_0p5_0p02_0023_0013" 6133
"/Engine/EngineMaterials/Substrate/GLints/dict_16_192_64_0p5_0p02_0023_0012" 6134
"/Engine/EngineMaterials/Substrate/GLints/dict_16_192_64_0p5_0p02_0023_0011" 6135
"/Engine/EngineMaterials/Substrate/GLints/dict_16_192_64_0p5_0p02_0023_0010" 6136
"/Engine/EngineMaterials/Substrate/GLints/dict_16_192_64_0p5_0p02_0023_0009" 6137
"/Engine/EngineMaterials/Substrate/GLints/dict_16_192_64_0p5_0p02_0023_0008" 6138
"/Engine/EngineMaterials/Substrate/GLints/dict_16_192_64_0p5_0p02_0023_0007" 6139
"/Engine/EngineMaterials/Substrate/GLints/dict_16_192_64_0p5_0p02_0023_0006" 6140
"/Engine/EngineMaterials/Substrate/GLints/dict_16_192_64_0p5_0p02_0023_0005" 6141
"/Engine/EngineMaterials/Substrate/GLints/dict_16_192_64_0p5_0p02_0023_0004" 6142
"/Engine/EngineMaterials/Substrate/GLints/dict_16_192_64_0p5_0p02_0023_0003" 6143
"/Engine/EngineMaterials/Substrate/GLints/dict_16_192_64_0p5_0p02_0023_0002" 6144
"/Engine/EngineMaterials/Substrate/GLints/dict_16_192_64_0p5_0p02_0023_0001" 6145
"/Engine/EngineMaterials/Substrate/GLints/dict_16_192_64_0p5_0p02_0023_0000" 6146
"/Engine/EngineMaterials/Substrate/GLints/dict_16_192_64_0p5_0p02_0022_0015" 6147
"/Engine/EngineMaterials/Substrate/GLints/dict_16_192_64_0p5_0p02_0022_0014" 6148
"/Engine/EngineMaterials/Substrate/GLints/dict_16_192_64_0p5_0p02_0022_0013" 6149
"/Engine/EngineMaterials/Substrate/GLints/dict_16_192_64_0p5_0p02_0022_0012" 6150
"/Engine/EngineMaterials/Substrate/GLints/dict_16_192_64_0p5_0p02_0022_0011" 6151
"/Engine/EngineMaterials/Substrate/GLints/dict_16_192_64_0p5_0p02_0022_0010" 6152
"/Engine/EngineMaterials/Substrate/GLints/dict_16_192_64_0p5_0p02_0022_0009" 6153
"/Engine/EngineMaterials/Substrate/GLints/dict_16_192_64_0p5_0p02_0022_0008" 6154
"/Engine/EngineMaterials/Substrate/GLints/dict_16_192_64_0p5_0p02_0022_0007" 6155
"/Engine/EngineMaterials/Substrate/GLints/dict_16_192_64_0p5_0p02_0022_0006" 6156
"/Engine/EngineMaterials/Substrate/GLints/dict_16_192_64_0p5_0p02_0022_0005" 6157
"../../../Engine/Content/EngineMaterials/Substrate/GLints/dict_16_192_64_0p5_0p02_0024_0005.uasset" 6158
"../../../Engine/Content/EngineMaterials/Substrate/GLints/dict_16_192_64_0p5_0p02_0024_0006.uasset" 6159
"../../../Engine/Content/EngineMaterials/Substrate/GLints/dict_16_192_64_0p5_0p02_0024_0011.uasset" 6160
"../../../Engine/Content/EngineMaterials/Substrate/GLints/dict_16_192_64_0p5_0p02_0024_0013.uasset" 6161
"../../../Engine/Content/EngineMaterials/Substrate/GLints/dict_16_192_64_0p5_0p02_0024_0007.uasset" 6162
"../../../Engine/Content/EngineMaterials/Substrate/GLints/dict_16_192_64_0p5_0p02_0025_0002.uasset" 6163
"../../../Engine/Content/EngineMaterials/Substrate/GLints/dict_16_192_64_0p5_0p02_0024_0009.uasset" 6164
"../../../Engine/Content/EngineMaterials/Substrate/GLints/dict_16_192_64_0p5_0p02_0024_0015.uasset" 6165
"../../../Engine/Content/EngineMaterials/Substrate/GLints/dict_16_192_64_0p5_0p02_0024_0012.uasset" 6166
"../../../Engine/Content/EngineMaterials/Substrate/GLints/dict_16_192_64_0p5_0p02_0025_0008.uasset" 6167
"../../../Engine/Content/EngineMaterials/Substrate/GLints/dict_16_192_64_0p5_0p02_0025_0006.uasset" 6168
"../../../Engine/Content/EngineMaterials/Substrate/GLints/dict_16_192_64_0p5_0p02_0025_0007.uasset" 6169
"../../../Engine/Content/EngineMaterials/Substrate/GLints/dict_16_192_64_0p5_0p02_0025_0001.uasset" 6170
"../../../Engine/Content/EngineMaterials/Substrate/GLints/dict_16_192_64_0p5_0p02_0025_0005.uasset" 6171
"../../../Engine/Content/EngineMaterials/Substrate/GLints/dict_16_192_64_0p5_0p02_0025_0011.uasset" 6172
"../../../Engine/Content/EngineMaterials/Substrate/GLints/dict_16_192_64_0p5_0p02_0024_0008.uasset" 6173
"../../../Engine/Content/EngineMaterials/Substrate/GLints/dict_16_192_64_0p5_0p02_0025_0004.uasset" 6174
"../../../Engine/Content/EngineMaterials/Substrate/GLints/dict_16_192_64_0p5_0p02_0025_0003.uasset" 6175
"../../../Engine/Content/EngineMaterials/Substrate/GLints/dict_16_192_64_0p5_0p02_0025_0013.uasset" 6176
"../../../Engine/Content/EngineMaterials/Substrate/GLints/dict_16_192_64_0p5_0p02_0025_0014.uasset" 6177
"../../../Engine/Content/EngineMaterials/Substrate/GLints/dict_16_192_64_0p5_0p02_0025_0009.uasset" 6178
"../../../Engine/Content/EngineMaterials/Substrate/GLints/dict_16_192_64_0p5_0p02_0024_0010.uasset" 6179
"../../../Engine/Content/EngineMaterials/Substrate/GLints/dict_16_192_64_0p5_0p02_0025_0012.uasset" 6180
"../../../Engine/Content/EngineMaterials/Substrate/GLints/dict_16_192_64_0p5_0p02_0025_0000.uasset" 6181
"../../../Engine/Content/EngineMaterials/Substrate/GLints/dict_16_192_64_0p5_0p02_0024_0014.uasset" 6182
"../../../Engine/Content/EngineMaterials/Substrate/GLints/dict_16_192_64_0p5_0p02_0025_0010.uasset" 6183
"/Engine/EngineMaterials/Substrate/GLints/dict_16_192_64_0p5_0p02_0024_0004" 6184
"/Engine/EngineMaterials/Substrate/GLints/dict_16_192_64_0p5_0p02_0024_0003" 6185
"/Engine/EngineMaterials/Substrate/GLints/dict_16_192_64_0p5_0p02_0024_0002" 6186
"/Engine/EngineMaterials/Substrate/GLints/dict_16_192_64_0p5_0p02_0024_0001" 6187
"/Engine/EngineMaterials/Substrate/GLints/dict_16_192_64_0p5_0p02_0024_0000" 6188
"/Engine/EngineMaterials/Substrate/GLints/dict_16_192_64_0p5_0p02_0023_0015" 6189
"/Engine/EngineMaterials/Substrate/GLints/dict_16_192_64_0p5_0p02_0024_0005" 6190
"../../../Engine/Content/EngineMaterials/Substrate/GLints/dict_16_192_64_0p5_0p02_0025_0015.uasset" 6191
"../../../Engine/Content/EngineMaterials/Substrate/GLints/dict_16_192_64_0p5_0p02_0026_0004.uasset" 6192
"../../../Engine/Content/EngineMaterials/Substrate/GLints/dict_16_192_64_0p5_0p02_0026_0002.uasset" 6193
"../../../Engine/Content/EngineMaterials/Substrate/GLints/dict_16_192_64_0p5_0p02_0026_0000.uasset" 6194
"../../../Engine/Content/EngineMaterials/Substrate/GLints/dict_16_192_64_0p5_0p02_0026_0001.uasset" 6195
"../../../Engine/Content/EngineMaterials/Substrate/GLints/dict_16_192_64_0p5_0p02_0026_0003.uasset" 6196
"/Engine/EngineMaterials/Substrate/GLints/dict_16_192_64_0p5_0p02_0025_0014" 6197
"../../../Engine/Content/EngineMaterials/Substrate/GLints/dict_16_192_64_0p5_0p02_0026_0005.uasset" 6198
"/Engine/EngineMaterials/Substrate/GLints/dict_16_192_64_0p5_0p02_0025_0013" 6199
"/Engine/EngineMaterials/Substrate/GLints/dict_16_192_64_0p5_0p02_0025_0012" 6200
"/Engine/EngineMaterials/Substrate/GLints/dict_16_192_64_0p5_0p02_0025_0011" 6201
"/Engine/EngineMaterials/Substrate/GLints/dict_16_192_64_0p5_0p02_0025_0010" 6202
"/Engine/EngineMaterials/Substrate/GLints/dict_16_192_64_0p5_0p02_0025_0009" 6203
"/Engine/EngineMaterials/Substrate/GLints/dict_16_192_64_0p5_0p02_0025_0008" 6204
"/Engine/EngineMaterials/Substrate/GLints/dict_16_192_64_0p5_0p02_0025_0007" 6205
"/Engine/EngineMaterials/Substrate/GLints/dict_16_192_64_0p5_0p02_0025_0006" 6206
"/Engine/EngineMaterials/Substrate/GLints/dict_16_192_64_0p5_0p02_0025_0005" 6207
"/Engine/EngineMaterials/Substrate/GLints/dict_16_192_64_0p5_0p02_0025_0004" 6208
"/Engine/EngineMaterials/Substrate/GLints/dict_16_192_64_0p5_0p02_0025_0003" 6209
"/Engine/EngineMaterials/Substrate/GLints/dict_16_192_64_0p5_0p02_0025_0002" 6210
"/Engine/EngineMaterials/Substrate/GLints/dict_16_192_64_0p5_0p02_0025_0001" 6211
"/Engine/EngineMaterials/Substrate/GLints/dict_16_192_64_0p5_0p02_0025_0000" 6212
"/Engine/EngineMaterials/Substrate/GLints/dict_16_192_64_0p5_0p02_0024_0015" 6213
"/Engine/EngineMaterials/Substrate/GLints/dict_16_192_64_0p5_0p02_0024_0014" 6214
"/Engine/EngineMaterials/Substrate/GLints/dict_16_192_64_0p5_0p02_0024_0013" 6215
"/Engine/EngineMaterials/Substrate/GLints/dict_16_192_64_0p5_0p02_0024_0012" 6216
"/Engine/EngineMaterials/Substrate/GLints/dict_16_192_64_0p5_0p02_0024_0011" 6217
"/Engine/EngineMaterials/Substrate/GLints/dict_16_192_64_0p5_0p02_0024_0010" 6218
"/Engine/EngineMaterials/Substrate/GLints/dict_16_192_64_0p5_0p02_0024_0009" 6219
"/Engine/EngineMaterials/Substrate/GLints/dict_16_192_64_0p5_0p02_0024_0008" 6220
"/Engine/EngineMaterials/Substrate/GLints/dict_16_192_64_0p5_0p02_0024_0007" 6221
"/Engine/EngineMaterials/Substrate/GLints/dict_16_192_64_0p5_0p02_0024_0006" 6222
"../../../Engine/Content/EngineMaterials/Substrate/GLints/dict_16_192_64_0p5_0p02_0026_0008.uasset" 6223
"../../../Engine/Content/EngineMaterials/Substrate/GLints/dict_16_192_64_0p5_0p02_0026_0007.uasset" 6224
"../../../Engine/Content/EngineMaterials/Substrate/GLints/dict_16_192_64_0p5_0p02_0026_0013.uasset" 6225
"../../../Engine/Content/EngineMaterials/Substrate/GLints/dict_16_192_64_0p5_0p02_0027_0001.uasset" 6226
"/Engine/EngineMaterials/Substrate/GLints/dict_16_192_64_0p5_0p02_0026_0005" 6227
"../../../Engine/Content/EngineMaterials/Substrate/GLints/dict_16_192_64_0p5_0p02_0027_0005.uasset" 6228
"../../../Engine/Content/EngineMaterials/Substrate/GLints/dict_16_192_64_0p5_0p02_0027_0008.uasset" 6229
"../../../Engine/Content/EngineMaterials/Substrate/GLints/dict_16_192_64_0p5_0p02_0027_0000.uasset" 6230
"../../../Engine/Content/EngineMaterials/Substrate/GLints/dict_16_192_64_0p5_0p02_0027_0002.uasset" 6231
"../../../Engine/Content/EngineMaterials/Substrate/GLints/dict_16_192_64_0p5_0p02_0026_0014.uasset" 6232
"../../../Engine/Content/EngineMaterials/Substrate/GLints/dict_16_192_64_0p5_0p02_0027_0004.uasset" 6233
"../../../Engine/Content/EngineMaterials/Substrate/GLints/dict_16_192_64_0p5_0p02_0027_0007.uasset" 6234
"../../../Engine/Content/EngineMaterials/Substrate/GLints/dict_16_192_64_0p5_0p02_0026_0010.uasset" 6235
"../../../Engine/Content/EngineMaterials/Substrate/GLints/dict_16_192_64_0p5_0p02_0027_0010.uasset" 6236
"../../../Engine/Content/EngineMaterials/Substrate/GLints/dict_16_192_64_0p5_0p02_0027_0011.uasset" 6237
"../../../Engine/Content/EngineMaterials/Substrate/GLints/dict_16_192_64_0p5_0p02_0026_0015.uasset" 6238
"../../../Engine/Content/EngineMaterials/Substrate/GLints/dict_16_192_64_0p5_0p02_0026_0012.uasset" 6239
"../../../Engine/Content/EngineMaterials/Substrate/GLints/dict_16_192_64_0p5_0p02_0027_0013.uasset" 6240
"../../../Engine/Content/EngineMaterials/Substrate/GLints/dict_16_192_64_0p5_0p02_0027_0009.uasset" 6241
"../../../Engine/Content/EngineMaterials/Substrate/GLints/dict_16_192_64_0p5_0p02_0026_0006.uasset" 6242
"../../../Engine/Content/EngineMaterials/Substrate/GLints/dict_16_192_64_0p5_0p02_0027_0006.uasset" 6243
"../../../Engine/Content/EngineMaterials/Substrate/GLints/dict_16_192_64_0p5_0p02_0027_0012.uasset" 6244
"/Engine/EngineMaterials/Substrate/GLints/dict_16_192_64_0p5_0p02_0026_0004" 6245
"/Engine/EngineMaterials/Substrate/GLints/dict_16_192_64_0p5_0p02_0026_0003" 6246
"/Engine/EngineMaterials/Substrate/GLints/dict_16_192_64_0p5_0p02_0026_0002" 6247
"../../../Engine/Content/EngineMaterials/Substrate/GLints/dict_16_192_64_0p5_0p02_0026_0009.uasset" 6248
"../../../Engine/Content/EngineMaterials/Substrate/GLints/dict_16_192_64_0p5_0p02_0026_0011.uasset" 6249
"../../../Engine/Content/EngineMaterials/Substrate/GLints/dict_16_192_64_0p5_0p02_0027_0014.uasset" 6250
"../../../Engine/Content/EngineMaterials/Substrate/GLints/dict_16_192_64_0p5_0p02_0027_0003.uasset" 6251
"/Engine/EngineMaterials/Substrate/GLints/dict_16_192_64_0p5_0p02_0026_0001" 6252
"/Engine/EngineMaterials/Substrate/GLints/dict_16_192_64_0p5_0p02_0026_0000" 6253
"/Engine/EngineMaterials/Substrate/GLints/dict_16_192_64_0p5_0p02_0025_0015" 6254
"../../../Engine/Content/EngineMaterials/Substrate/GLints/dict_16_192_64_0p5_0p02_0027_0015.uasset" 6255
"../../../Engine/Content/EngineMaterials/Substrate/GLints/dict_16_192_64_0p5_0p02_0028_0000.uasset" 6256
"../../../Engine/Content/EngineMaterials/Substrate/GLints/dict_16_192_64_0p5_0p02_0028_0003.uasset" 6257
"../../../Engine/Content/EngineMaterials/Substrate/GLints/dict_16_192_64_0p5_0p02_0028_0002.uasset" 6258
"../../../Engine/Content/EngineMaterials/Substrate/GLints/dict_16_192_64_0p5_0p02_0028_0004.uasset" 6259
"../../../Engine/Content/EngineMaterials/Substrate/GLints/dict_16_192_64_0p5_0p02_0028_0005.uasset" 6260
"../../../Engine/Content/EngineMaterials/Substrate/GLints/dict_16_192_64_0p5_0p02_0028_0001.uasset" 6261
"/Engine/EngineMaterials/Substrate/GLints/dict_16_192_64_0p5_0p02_0027_0014" 6262
"/Engine/EngineMaterials/Substrate/GLints/dict_16_192_64_0p5_0p02_0027_0013" 6263
"/Engine/EngineMaterials/Substrate/GLints/dict_16_192_64_0p5_0p02_0027_0012" 6264
"/Engine/EngineMaterials/Substrate/GLints/dict_16_192_64_0p5_0p02_0027_0011" 6265
"/Engine/EngineMaterials/Substrate/GLints/dict_16_192_64_0p5_0p02_0027_0010" 6266
"/Engine/EngineMaterials/Substrate/GLints/dict_16_192_64_0p5_0p02_0027_0009" 6267
"/Engine/EngineMaterials/Substrate/GLints/dict_16_192_64_0p5_0p02_0027_0008" 6268
"/Engine/EngineMaterials/Substrate/GLints/dict_16_192_64_0p5_0p02_0027_0007" 6269
"/Engine/EngineMaterials/Substrate/GLints/dict_16_192_64_0p5_0p02_0027_0006" 6270
"/Engine/EngineMaterials/Substrate/GLints/dict_16_192_64_0p5_0p02_0027_0005" 6271
"/Engine/EngineMaterials/Substrate/GLints/dict_16_192_64_0p5_0p02_0027_0004" 6272
"/Engine/EngineMaterials/Substrate/GLints/dict_16_192_64_0p5_0p02_0027_0003" 6273
"/Engine/EngineMaterials/Substrate/GLints/dict_16_192_64_0p5_0p02_0027_0002" 6274
"/Engine/EngineMaterials/Substrate/GLints/dict_16_192_64_0p5_0p02_0027_0001" 6275
"/Engine/EngineMaterials/Substrate/GLints/dict_16_192_64_0p5_0p02_0027_0000" 6276
"/Engine/EngineMaterials/Substrate/GLints/dict_16_192_64_0p5_0p02_0026_0015" 6277
"/Engine/EngineMaterials/Substrate/GLints/dict_16_192_64_0p5_0p02_0026_0014" 6278
"/Engine/EngineMaterials/Substrate/GLints/dict_16_192_64_0p5_0p02_0026_0013" 6279
"/Engine/EngineMaterials/Substrate/GLints/dict_16_192_64_0p5_0p02_0026_0012" 6280
"/Engine/EngineMaterials/Substrate/GLints/dict_16_192_64_0p5_0p02_0026_0011" 6281
"/Engine/EngineMaterials/Substrate/GLints/dict_16_192_64_0p5_0p02_0026_0010" 6282
"/Engine/EngineMaterials/Substrate/GLints/dict_16_192_64_0p5_0p02_0026_0009" 6283
"/Engine/EngineMaterials/Substrate/GLints/dict_16_192_64_0p5_0p02_0026_0008" 6284
"/Engine/EngineMaterials/Substrate/GLints/dict_16_192_64_0p5_0p02_0026_0007" 6285
"/Engine/EngineMaterials/Substrate/GLints/dict_16_192_64_0p5_0p02_0026_0006" 6286
"../../../Engine/Content/EngineMaterials/Substrate/GLints/dict_16_192_64_0p5_0p02_0028_0006.uasset" 6287
"../../../Engine/Content/EngineMaterials/Substrate/GLints/dict_16_192_64_0p5_0p02_0028_0013.uasset" 6288
"../../../Engine/Content/EngineMaterials/Substrate/GLints/dict_16_192_64_0p5_0p02_0028_0008.uasset" 6289
"../../../Engine/Content/EngineMaterials/Substrate/GLints/dict_16_192_64_0p5_0p02_0028_0011.uasset" 6290
"../../../Engine/Content/EngineMaterials/Substrate/GLints/dict_16_192_64_0p5_0p02_0028_0009.uasset" 6291
"../../../Engine/Content/EngineMaterials/Substrate/GLints/dict_16_192_64_0p5_0p02_0028_0015.uasset" 6292
"../../../Engine/Content/EngineMaterials/Substrate/GLints/dict_16_192_64_0p5_0p02_0028_0014.uasset" 6293
"../../../Engine/Content/EngineMaterials/Substrate/GLints/dict_16_192_64_0p5_0p02_0029_0000.uasset" 6294
"../../../Engine/Content/EngineMaterials/Substrate/GLints/dict_16_192_64_0p5_0p02_0028_0010.uasset" 6295
"../../../Engine/Content/EngineMaterials/Substrate/GLints/dict_16_192_64_0p5_0p02_0029_0004.uasset" 6296
"../../../Engine/Content/EngineMaterials/Substrate/GLints/dict_16_192_64_0p5_0p02_0029_0005.uasset" 6297
"../../../Engine/Content/EngineMaterials/Substrate/GLints/dict_16_192_64_0p5_0p02_0029_0006.uasset" 6298
"../../../Engine/Content/EngineMaterials/Substrate/GLints/dict_16_192_64_0p5_0p02_0029_0003.uasset" 6299
"../../../Engine/Content/EngineMaterials/Substrate/GLints/dict_16_192_64_0p5_0p02_0029_0007.uasset" 6300
"../../../Engine/Content/EngineMaterials/Substrate/GLints/dict_16_192_64_0p5_0p02_0029_0002.uasset" 6301
"../../../Engine/Content/EngineMaterials/Substrate/GLints/dict_16_192_64_0p5_0p02_0028_0012.uasset" 6302
"../../../Engine/Content/EngineMaterials/Substrate/GLints/dict_16_192_64_0p5_0p02_0029_0009.uasset" 6303
"../../../Engine/Content/EngineMaterials/Substrate/GLints/dict_16_192_64_0p5_0p02_0029_0008.uasset" 6304
"../../../Engine/Content/EngineMaterials/Substrate/GLints/dict_16_192_64_0p5_0p02_0028_0007.uasset" 6305
"../../../Engine/Content/EngineMaterials/Substrate/GLints/dict_16_192_64_0p5_0p02_0029_0012.uasset" 6306
"../../../Engine/Content/EngineMaterials/Substrate/GLints/dict_16_192_64_0p5_0p02_0029_0014.uasset" 6307
"/Engine/EngineMaterials/Substrate/GLints/dict_16_192_64_0p5_0p02_0028_0005" 6308
"../../../Engine/Content/EngineMaterials/Substrate/GLints/dict_16_192_64_0p5_0p02_0029_0010.uasset" 6309
"../../../Engine/Content/EngineMaterials/Substrate/GLints/dict_16_192_64_0p5_0p02_0029_0001.uasset" 6310
"../../../Engine/Content/EngineMaterials/Substrate/GLints/dict_16_192_64_0p5_0p02_0029_0013.uasset" 6311
"../../../Engine/Content/EngineMaterials/Substrate/GLints/dict_16_192_64_0p5_0p02_0029_0011.uasset" 6312
"/Engine/EngineMaterials/Substrate/GLints/dict_16_192_64_0p5_0p02_0028_0004" 6313
"/Engine/EngineMaterials/Substrate/GLints/dict_16_192_64_0p5_0p02_0028_0003" 6314
"/Engine/EngineMaterials/Substrate/GLints/dict_16_192_64_0p5_0p02_0028_0002" 6315
"/Engine/EngineMaterials/Substrate/GLints/dict_16_192_64_0p5_0p02_0028_0001" 6316
"/Engine/EngineMaterials/Substrate/GLints/dict_16_192_64_0p5_0p02_0028_0013" 6317
"/Engine/EngineMaterials/Substrate/GLints/dict_16_192_64_0p5_0p02_0028_0011" 6318
"/Engine/EngineMaterials/Substrate/GLints/dict_16_192_64_0p5_0p02_0028_0000" 6319
"/Engine/EngineMaterials/Substrate/GLints/dict_16_192_64_0p5_0p02_0028_0006" 6320
"/Engine/EngineMaterials/Substrate/GLints/dict_16_192_64_0p5_0p02_0027_0015" 6321
"../../../Engine/Content/EngineMaterials/Substrate/GLints/dict_16_192_64_0p5_0p02_0030_0003.uasset" 6322
"../../../Engine/Content/EngineMaterials/Substrate/GLints/dict_16_192_64_0p5_0p02_0030_0004.uasset" 6323
"../../../Engine/Content/EngineMaterials/Substrate/GLints/dict_16_192_64_0p5_0p02_0030_0000.uasset" 6324
"../../../Engine/Content/EngineMaterials/Substrate/GLints/dict_16_192_64_0p5_0p02_0029_0015.uasset" 6325
"../../../Engine/Content/EngineMaterials/Substrate/GLints/dict_16_192_64_0p5_0p02_0030_0001.uasset" 6326
"../../../Engine/Content/EngineMaterials/Substrate/GLints/dict_16_192_64_0p5_0p02_0030_0005.uasset" 6327
"/Engine/EngineMaterials/Substrate/GLints/dict_16_192_64_0p5_0p02_0029_0014" 6328
"../../../Engine/Content/EngineMaterials/Substrate/GLints/dict_16_192_64_0p5_0p02_0030_0008.uasset" 6329
"../../../Engine/Content/EngineMaterials/Substrate/GLints/dict_16_192_64_0p5_0p02_0030_0006.uasset" 6330
"../../../Engine/Content/EngineMaterials/Substrate/GLints/dict_16_192_64_0p5_0p02_0030_0007.uasset" 6331
"../../../Engine/Content/EngineMaterials/Substrate/GLints/dict_16_192_64_0p5_0p02_0030_0002.uasset" 6332
"/Engine/EngineMaterials/Substrate/GLints/dict_16_192_64_0p5_0p02_0029_0013" 6333
"/Engine/EngineMaterials/Substrate/GLints/dict_16_192_64_0p5_0p02_0029_0012" 6334
"/Engine/EngineMaterials/Substrate/GLints/dict_16_192_64_0p5_0p02_0029_0011" 6335
"/Engine/EngineMaterials/Substrate/GLints/dict_16_192_64_0p5_0p02_0029_0010" 6336
"/Engine/EngineMaterials/Substrate/GLints/dict_16_192_64_0p5_0p02_0029_0009" 6337
"/Engine/EngineMaterials/Substrate/GLints/dict_16_192_64_0p5_0p02_0029_0008" 6338
"/Engine/EngineMaterials/Substrate/GLints/dict_16_192_64_0p5_0p02_0029_0007" 6339
"/Engine/EngineMaterials/Substrate/GLints/dict_16_192_64_0p5_0p02_0029_0006" 6340
"/Engine/EngineMaterials/Substrate/GLints/dict_16_192_64_0p5_0p02_0029_0005" 6341
"/Engine/EngineMaterials/Substrate/GLints/dict_16_192_64_0p5_0p02_0029_0004" 6342
"/Engine/EngineMaterials/Substrate/GLints/dict_16_192_64_0p5_0p02_0029_0003" 6343
"/Engine/EngineMaterials/Substrate/GLints/dict_16_192_64_0p5_0p02_0029_0002" 6344
"/Engine/EngineMaterials/Substrate/GLints/dict_16_192_64_0p5_0p02_0029_0001" 6345
"/Engine/EngineMaterials/Substrate/GLints/dict_16_192_64_0p5_0p02_0029_0000" 6346
"/Engine/EngineMaterials/Substrate/GLints/dict_16_192_64_0p5_0p02_0028_0015" 6347
"/Engine/EngineMaterials/Substrate/GLints/dict_16_192_64_0p5_0p02_0028_0014" 6348
"/Engine/EngineMaterials/Substrate/GLints/dict_16_192_64_0p5_0p02_0028_0012" 6349
"/Engine/EngineMaterials/Substrate/GLints/dict_16_192_64_0p5_0p02_0028_0010" 6350
"/Engine/EngineMaterials/Substrate/GLints/dict_16_192_64_0p5_0p02_0028_0009" 6351
"/Engine/EngineMaterials/Substrate/GLints/dict_16_192_64_0p5_0p02_0028_0008" 6352
"/Engine/EngineMaterials/Substrate/GLints/dict_16_192_64_0p5_0p02_0028_0007" 6353
"../../../Engine/Content/EngineMaterials/Substrate/GLints/dict_16_192_64_0p5_0p02_0030_0010.uasset" 6354
"../../../Engine/Content/EngineMaterials/Substrate/GLints/dict_16_192_64_0p5_0p02_0030_0009.uasset" 6355
"../../../Engine/Content/EngineMaterials/Substrate/GLints/dict_16_192_64_0p5_0p02_0031_0003.uasset" 6356
"../../../Engine/Content/EngineMaterials/Substrate/GLints/dict_16_192_64_0p5_0p02_0030_0011.uasset" 6357
"../../../Engine/Content/EngineMaterials/Substrate/GLints/dict_16_192_64_0p5_0p02_0031_0000.uasset" 6358
"../../../Engine/Content/EngineMaterials/Substrate/GLints/dict_16_192_64_0p5_0p02_0030_0013.uasset" 6359
"../../../Engine/Content/EngineMaterials/Substrate/GLints/dict_16_192_64_0p5_0p02_0031_0001.uasset" 6360
"../../../Engine/Content/EngineMaterials/Substrate/GLints/dict_16_192_64_0p5_0p02_0030_0014.uasset" 6361
"../../../Engine/Content/EngineMaterials/Substrate/GLints/dict_16_192_64_0p5_0p02_0031_0006.uasset" 6362
"../../../Engine/Content/EngineMaterials/Substrate/GLints/dict_16_192_64_0p5_0p02_0031_0012.uasset" 6363
"../../../Engine/Content/EngineMaterials/Substrate/GLints/dict_16_192_64_0p5_0p02_0031_0010.uasset" 6364
"/Engine/EngineMaterials/Substrate/GLints/dict_16_192_64_0p5_0p02_0030_0008" 6365
"../../../Engine/Content/EngineMaterials/Substrate/GLints/dict_16_192_64_0p5_0p02_0031_0005.uasset" 6366
"../../../Engine/Content/EngineMaterials/Substrate/GLints/dict_16_192_64_0p5_0p02_0031_0011.uasset" 6367
"../../../Engine/Content/EngineMaterials/Substrate/GLints/dict_16_192_64_0p5_0p02_0030_0015.uasset" 6368
"../../../Engine/Content/EngineMaterials/Substrate/GLints/dict_16_192_64_0p5_0p02_0031_0009.uasset" 6369
"../../../Engine/Content/EngineMaterials/Substrate/GLints/dict_16_192_64_0p5_0p02_0030_0012.uasset" 6370
"../../../Engine/Content/EngineMaterials/Substrate/GLints/dict_16_192_64_0p5_0p02_0031_0013.uasset" 6371
"../../../Engine/Content/EngineMaterials/Substrate/GLints/dict_16_192_64_0p5_0p02_0031_0008.uasset" 6372
"../../../Engine/Content/EngineMaterials/Substrate/GLints/dict_16_192_64_0p5_0p02_0031_0014.uasset" 6373
"../../../Engine/Content/EngineMaterials/Substrate/GLints/dict_16_192_64_0p5_0p02_0031_0004.uasset" 6374
"../../../Engine/Content/EngineMaterials/Substrate/GLints/dict_16_192_64_0p5_0p02_0031_0002.uasset" 6375
"../../../Engine/Content/EngineMaterials/Substrate/GLints/dict_16_192_64_0p5_0p02_0031_0007.uasset" 6376
"/Engine/EngineMaterials/Substrate/GLints/dict_16_192_64_0p5_0p02_0030_0007" 6377
"/Engine/EngineMaterials/Substrate/GLints/dict_16_192_64_0p5_0p02_0030_0006" 6378
"/Engine/EngineMaterials/Substrate/GLints/dict_16_192_64_0p5_0p02_0030_0005" 6379
"/Engine/EngineMaterials/Substrate/GLints/dict_16_192_64_0p5_0p02_0030_0004" 6380
"/Engine/EngineMaterials/Substrate/GLints/dict_16_192_64_0p5_0p02_0030_0003" 6381
"/Engine/EngineMaterials/Substrate/GLints/dict_16_192_64_0p5_0p02_0030_0002" 6382
"/Engine/EngineMaterials/Substrate/GLints/dict_16_192_64_0p5_0p02_0030_0001" 6383
"/Engine/EngineMaterials/Substrate/GLints/dict_16_192_64_0p5_0p02_0030_0000" 6384
"/Engine/EngineMaterials/Substrate/GLints/dict_16_192_64_0p5_0p02_0029_0015" 6385
"../../../Engine/Content/EngineMaterials/Substrate/GLints/dict_16_192_64_0p5_0p02_0031_0015.uasset" 6386
"../../../Engine/Content/EngineMaterials/Substrate/GLints/dict_16_192_64_0p5_0p02_0032_0004.uasset" 6387
"../../../Engine/Content/EngineMaterials/Substrate/GLints/dict_16_192_64_0p5_0p02_0032_0002.uasset" 6388
"../../../Engine/Content/EngineMaterials/Substrate/GLints/dict_16_192_64_0p5_0p02_0032_0001.uasset" 6389
"/Engine/EngineMaterials/Substrate/GLints/dict_16_192_64_0p5_0p02_0031_0014" 6390
"../../../Engine/Content/EngineMaterials/Substrate/GLints/dict_16_192_64_0p5_0p02_0032_0000.uasset" 6391
"../../../Engine/Content/EngineMaterials/Substrate/GLints/dict_16_192_64_0p5_0p02_0032_0008.uasset" 6392
"../../../Engine/Content/EngineMaterials/Substrate/GLints/dict_16_192_64_0p5_0p02_0032_0003.uasset" 6393
"../../../Engine/Content/EngineMaterials/Substrate/GLints/dict_16_192_64_0p5_0p02_0032_0007.uasset" 6394
"../../../Engine/Content/EngineMaterials/Substrate/GLints/dict_16_192_64_0p5_0p02_0032_0005.uasset" 6395
"../../../Engine/Content/EngineMaterials/Substrate/GLints/dict_16_192_64_0p5_0p02_0032_0006.uasset" 6396
"/Engine/EngineMaterials/Substrate/GLints/dict_16_192_64_0p5_0p02_0031_0013" 6397
"/Engine/EngineMaterials/Substrate/GLints/dict_16_192_64_0p5_0p02_0031_0012" 6398
"/Engine/EngineMaterials/Substrate/GLints/dict_16_192_64_0p5_0p02_0031_0011" 6399
"/Engine/EngineMaterials/Substrate/GLints/dict_16_192_64_0p5_0p02_0031_0010" 6400
"/Engine/EngineMaterials/Substrate/GLints/dict_16_192_64_0p5_0p02_0031_0009" 6401
"/Engine/EngineMaterials/Substrate/GLints/dict_16_192_64_0p5_0p02_0031_0008" 6402
"/Engine/EngineMaterials/Substrate/GLints/dict_16_192_64_0p5_0p02_0031_0007" 6403
"/Engine/EngineMaterials/Substrate/GLints/dict_16_192_64_0p5_0p02_0031_0006" 6404
"/Engine/EngineMaterials/Substrate/GLints/dict_16_192_64_0p5_0p02_0031_0005" 6405
"/Engine/EngineMaterials/Substrate/GLints/dict_16_192_64_0p5_0p02_0031_0004" 6406
"/Engine/EngineMaterials/Substrate/GLints/dict_16_192_64_0p5_0p02_0031_0003" 6407
"/Engine/EngineMaterials/Substrate/GLints/dict_16_192_64_0p5_0p02_0031_0002" 6408
"/Engine/EngineMaterials/Substrate/GLints/dict_16_192_64_0p5_0p02_0031_0001" 6409
"/Engine/EngineMaterials/Substrate/GLints/dict_16_192_64_0p5_0p02_0031_0000" 6410
"/Engine/EngineMaterials/Substrate/GLints/dict_16_192_64_0p5_0p02_0030_0015" 6411
"/Engine/EngineMaterials/Substrate/GLints/dict_16_192_64_0p5_0p02_0030_0014" 6412
"/Engine/EngineMaterials/Substrate/GLints/dict_16_192_64_0p5_0p02_0030_0013" 6413
"/Engine/EngineMaterials/Substrate/GLints/dict_16_192_64_0p5_0p02_0030_0012" 6414
"/Engine/EngineMaterials/Substrate/GLints/dict_16_192_64_0p5_0p02_0030_0011" 6415
"/Engine/EngineMaterials/Substrate/GLints/dict_16_192_64_0p5_0p02_0030_0010" 6416
"/Engine/EngineMaterials/Substrate/GLints/dict_16_192_64_0p5_0p02_0030_0009" 6417
"../../../Engine/Content/EngineMaterials/Substrate/GLints/dict_16_192_64_0p5_0p02_0032_0009.uasset" 6418
"../../../Engine/Content/EngineMaterials/Substrate/GLints/dict_16_192_64_0p5_0p02_0032_0013.uasset" 6419
"../../../Engine/Content/EngineMaterials/Substrate/GLints/dict_16_192_64_0p5_0p02_0032_0014.uasset" 6420
"../../../Engine/Content/EngineMaterials/Substrate/GLints/dict_16_192_64_0p5_0p02_0032_0011.uasset" 6421
"../../../Engine/Content/EngineMaterials/Substrate/GLints/dict_16_192_64_0p5_0p02_0032_0012.uasset" 6422
"../../../Engine/Content/EngineMaterials/Substrate/GLints/dict_16_192_64_0p5_0p02_0033_0000.uasset" 6423
"../../../Engine/Content/EngineMaterials/Substrate/GLints/dict_16_192_64_0p5_0p02_0032_0015.uasset" 6424
"../../../Engine/Content/EngineMaterials/Substrate/GLints/dict_16_192_64_0p5_0p02_0033_0004.uasset" 6425
"../../../Engine/Content/EngineMaterials/Substrate/GLints/dict_16_192_64_0p5_0p02_0033_0005.uasset" 6426
"../../../Engine/Content/EngineMaterials/Substrate/GLints/dict_16_192_64_0p5_0p02_0033_0006.uasset" 6427
"../../../Engine/Content/EngineMaterials/Substrate/GLints/dict_16_192_64_0p5_0p02_0033_0001.uasset" 6428
"../../../Engine/Content/EngineMaterials/Substrate/GLints/dict_16_192_64_0p5_0p02_0033_0008.uasset" 6429
"/Engine/EngineMaterials/Substrate/GLints/dict_16_192_64_0p5_0p02_0032_0008" 6430
"../../../Engine/Content/EngineMaterials/Substrate/GLints/dict_16_192_64_0p5_0p02_0033_0012.uasset" 6431
"../../../Engine/Content/EngineMaterials/Substrate/GLints/dict_16_192_64_0p5_0p02_0033_0003.uasset" 6432
"../../../Engine/Content/EngineMaterials/Substrate/GLints/dict_16_192_64_0p5_0p02_0033_0007.uasset" 6433
"../../../Engine/Content/EngineMaterials/Substrate/GLints/dict_16_192_64_0p5_0p02_0033_0002.uasset" 6434
"../../../Engine/Content/EngineMaterials/Substrate/GLints/dict_16_192_64_0p5_0p02_0033_0013.uasset" 6435
"../../../Engine/Content/EngineMaterials/Substrate/GLints/dict_16_192_64_0p5_0p02_0033_0011.uasset" 6436
"../../../Engine/Content/EngineMaterials/Substrate/GLints/dict_16_192_64_0p5_0p02_0033_0014.uasset" 6437
"../../../Engine/Content/EngineMaterials/Substrate/GLints/dict_16_192_64_0p5_0p02_0033_0009.uasset" 6438
"../../../Engine/Content/EngineMaterials/Substrate/GLints/dict_16_192_64_0p5_0p02_0032_0010.uasset" 6439
"../../../Engine/Content/EngineMaterials/Substrate/GLints/dict_16_192_64_0p5_0p02_0033_0010.uasset" 6440
"/Engine/EngineMaterials/Substrate/GLints/dict_16_192_64_0p5_0p02_0032_0007" 6441
"/Engine/EngineMaterials/Substrate/GLints/dict_16_192_64_0p5_0p02_0032_0006" 6442
"/Engine/EngineMaterials/Substrate/GLints/dict_16_192_64_0p5_0p02_0032_0005" 6443
"/Engine/EngineMaterials/Substrate/GLints/dict_16_192_64_0p5_0p02_0032_0004" 6444
"/Engine/EngineMaterials/Substrate/GLints/dict_16_192_64_0p5_0p02_0032_0003" 6445
"/Engine/EngineMaterials/Substrate/GLints/dict_16_192_64_0p5_0p02_0032_0002" 6446
"/Engine/EngineMaterials/Substrate/GLints/dict_16_192_64_0p5_0p02_0032_0009" 6447
"/Engine/EngineMaterials/Substrate/GLints/dict_16_192_64_0p5_0p02_0032_0001" 6448
"/Engine/EngineMaterials/Substrate/GLints/dict_16_192_64_0p5_0p02_0032_0000" 6449
"/Engine/EngineMaterials/Substrate/GLints/dict_16_192_64_0p5_0p02_0031_0015" 6450
"../../../Engine/Content/EngineMaterials/Substrate/GLints/dict_16_192_64_0p5_0p02_0034_0001.uasset" 6451
"../../../Engine/Content/EngineMaterials/Substrate/GLints/dict_16_192_64_0p5_0p02_0034_0002.uasset" 6452
"../../../Engine/Content/EngineMaterials/Substrate/GLints/dict_16_192_64_0p5_0p02_0033_0015.uasset" 6453
"../../../Engine/Content/EngineMaterials/Substrate/GLints/dict_16_192_64_0p5_0p02_0034_0000.uasset" 6454
"../../../Engine/Content/EngineMaterials/Substrate/GLints/dict_16_192_64_0p5_0p02_0034_0005.uasset" 6455
"../../../Engine/Content/EngineMaterials/Substrate/GLints/dict_16_192_64_0p5_0p02_0034_0007.uasset" 6456
"../../../Engine/Content/EngineMaterials/Substrate/GLints/dict_16_192_64_0p5_0p02_0034_0003.uasset" 6457
"../../../Engine/Content/EngineMaterials/Substrate/GLints/dict_16_192_64_0p5_0p02_0034_0004.uasset" 6458
"../../../Engine/Content/EngineMaterials/Substrate/GLints/dict_16_192_64_0p5_0p02_0034_0009.uasset" 6459
"../../../Engine/Content/EngineMaterials/Substrate/GLints/dict_16_192_64_0p5_0p02_0034_0008.uasset" 6460
"/Engine/EngineMaterials/Substrate/GLints/dict_16_192_64_0p5_0p02_0033_0014" 6461
"../../../Engine/Content/EngineMaterials/Substrate/GLints/dict_16_192_64_0p5_0p02_0034_0006.uasset" 6462
"/Engine/EngineMaterials/Substrate/GLints/dict_16_192_64_0p5_0p02_0033_0013" 6463
"/Engine/EngineMaterials/Substrate/GLints/dict_16_192_64_0p5_0p02_0033_0012" 6464
"/Engine/EngineMaterials/Substrate/GLints/dict_16_192_64_0p5_0p02_0033_0011" 6465
"/Engine/EngineMaterials/Substrate/GLints/dict_16_192_64_0p5_0p02_0033_0010" 6466
"/Engine/EngineMaterials/Substrate/GLints/dict_16_192_64_0p5_0p02_0033_0009" 6467
"/Engine/EngineMaterials/Substrate/GLints/dict_16_192_64_0p5_0p02_0033_0008" 6468
"/Engine/EngineMaterials/Substrate/GLints/dict_16_192_64_0p5_0p02_0033_0007" 6469
"/Engine/EngineMaterials/Substrate/GLints/dict_16_192_64_0p5_0p02_0033_0006" 6470
"/Engine/EngineMaterials/Substrate/GLints/dict_16_192_64_0p5_0p02_0033_0005" 6471
"/Engine/EngineMaterials/Substrate/GLints/dict_16_192_64_0p5_0p02_0033_0004" 6472
"/Engine/EngineMaterials/Substrate/GLints/dict_16_192_64_0p5_0p02_0033_0003" 6473
"/Engine/EngineMaterials/Substrate/GLints/dict_16_192_64_0p5_0p02_0033_0002" 6474
"/Engine/EngineMaterials/Substrate/GLints/dict_16_192_64_0p5_0p02_0033_0001" 6475
"/Engine/EngineMaterials/Substrate/GLints/dict_16_192_64_0p5_0p02_0033_0000" 6476
"/Engine/EngineMaterials/Substrate/GLints/dict_16_192_64_0p5_0p02_0032_0015" 6477
"/Engine/EngineMaterials/Substrate/GLints/dict_16_192_64_0p5_0p02_0032_0014" 6478
"/Engine/EngineMaterials/Substrate/GLints/dict_16_192_64_0p5_0p02_0032_0013" 6479
"/Engine/EngineMaterials/Substrate/GLints/dict_16_192_64_0p5_0p02_0032_0012" 6480
"/Engine/EngineMaterials/Substrate/GLints/dict_16_192_64_0p5_0p02_0032_0011" 6481
"/Engine/EngineMaterials/Substrate/GLints/dict_16_192_64_0p5_0p02_0032_0010" 6482
"/Engine/EngineMaterials/Substrate/GLints/dict_16_192_64_0p5_0p02_0034_0002" 6483
"/Engine/EngineMaterials/Substrate/GLints/dict_16_192_64_0p5_0p02_0033_0015" 6484
"../../../Engine/Content/EngineMaterials/Substrate/GLints/dict_16_192_64_0p5_0p02_0034_0010.uasset" 6485
"../../../Engine/Content/EngineMaterials/Substrate/GLints/dict_16_192_64_0p5_0p02_0034_0011.uasset" 6486
"../../../Engine/Content/EngineMaterials/Substrate/GLints/dict_16_192_64_0p5_0p02_0035_0002.uasset" 6487
"../../../Engine/Content/EngineMaterials/Substrate/GLints/dict_16_192_64_0p5_0p02_0035_0000.uasset" 6488
"../../../Engine/Content/EngineMaterials/Substrate/GLints/dict_16_192_64_0p5_0p02_0035_0003.uasset" 6489
"../../../Engine/Content/EngineMaterials/Substrate/GLints/dict_16_192_64_0p5_0p02_0034_0013.uasset" 6490
"../../../Engine/Content/EngineMaterials/Substrate/GLints/dict_16_192_64_0p5_0p02_0035_0008.uasset" 6491
"../../../Engine/Content/EngineMaterials/Substrate/GLints/dict_16_192_64_0p5_0p02_0035_0014.uasset" 6492
"../../../Engine/Content/EngineMaterials/Substrate/GLints/dict_16_192_64_0p5_0p02_0034_0012.uasset" 6493
"../../../Engine/Content/EngineMaterials/Substrate/GLints/dict_16_192_64_0p5_0p02_0035_0015.uasset" 6494
"/Engine/EngineMaterials/Substrate/GLints/dict_16_192_64_0p5_0p02_0034_0009" 6495
"../../../Engine/Content/EngineMaterials/Substrate/GLints/dict_16_192_64_0p5_0p02_0035_0005.uasset" 6496
"../../../Engine/Content/EngineMaterials/Substrate/GLints/dict_16_192_64_0p5_0p02_0035_0013.uasset" 6497
"../../../Engine/Content/EngineMaterials/Substrate/GLints/dict_16_192_64_0p5_0p02_0035_0006.uasset" 6498
"../../../Engine/Content/EngineMaterials/Substrate/GLints/dict_16_192_64_0p5_0p02_0035_0007.uasset" 6499
"../../../Engine/Content/EngineMaterials/Substrate/GLints/dict_16_192_64_0p5_0p02_0034_0015.uasset" 6500
"../../../Engine/Content/EngineMaterials/Substrate/GLints/dict_16_192_64_0p5_0p02_0035_0010.uasset" 6501
"../../../Engine/Content/EngineMaterials/Substrate/GLints/dict_16_192_64_0p5_0p02_0036_0000.uasset" 6502
"../../../Engine/Content/EngineMaterials/Substrate/GLints/dict_16_192_64_0p5_0p02_0035_0001.uasset" 6503
"../../../Engine/Content/EngineMaterials/Substrate/GLints/dict_16_192_64_0p5_0p02_0035_0004.uasset" 6504
"../../../Engine/Content/EngineMaterials/Substrate/GLints/dict_16_192_64_0p5_0p02_0035_0009.uasset" 6505
"../../../Engine/Content/EngineMaterials/Substrate/GLints/dict_16_192_64_0p5_0p02_0035_0012.uasset" 6506
"../../../Engine/Content/EngineMaterials/Substrate/GLints/dict_16_192_64_0p5_0p02_0035_0011.uasset" 6507
"../../../Engine/Content/EngineMaterials/Substrate/GLints/dict_16_192_64_0p5_0p02_0034_0014.uasset" 6508
"/Engine/EngineMaterials/Substrate/GLints/dict_16_192_64_0p5_0p02_0034_0008" 6509
"/Engine/EngineMaterials/Substrate/GLints/dict_16_192_64_0p5_0p02_0034_0007" 6510
"/Engine/EngineMaterials/Substrate/GLints/dict_16_192_64_0p5_0p02_0034_0006" 6511
"/Engine/EngineMaterials/Substrate/GLints/dict_16_192_64_0p5_0p02_0034_0005" 6512
"/Engine/EngineMaterials/Substrate/GLints/dict_16_192_64_0p5_0p02_0034_0004" 6513
"/Engine/EngineMaterials/Substrate/GLints/dict_16_192_64_0p5_0p02_0034_0003" 6514
"/Engine/EngineMaterials/Substrate/GLints/dict_16_192_64_0p5_0p02_0034_0001" 6515
"/Engine/EngineMaterials/Substrate/GLints/dict_16_192_64_0p5_0p02_0034_0000" 6516
"/Engine/EngineMaterials/Substrate/GLints/dict_16_192_64_0p5_0p02_0034_0010" 6517
"../../../Engine/Content/EngineMaterials/Substrate/GLints/dict_16_192_64_0p5_0p02_0036_0003.uasset" 6518
"../../../Engine/Content/EngineMaterials/Substrate/GLints/dict_16_192_64_0p5_0p02_0036_0001.uasset" 6519
"../../../Engine/Content/EngineMaterials/Substrate/GLints/dict_16_192_64_0p5_0p02_0036_0002.uasset" 6520
"../../../Engine/Content/EngineMaterials/Substrate/GLints/dict_16_192_64_0p5_0p02_0036_0006.uasset" 6521
"../../../Engine/Content/EngineMaterials/Substrate/GLints/dict_16_192_64_0p5_0p02_0036_0004.uasset" 6522
"../../../Engine/Content/EngineMaterials/Substrate/GLints/dict_16_192_64_0p5_0p02_0036_0007.uasset" 6523
"../../../Engine/Content/EngineMaterials/Substrate/GLints/dict_16_192_64_0p5_0p02_0036_0005.uasset" 6524
"../../../Engine/Content/EngineMaterials/Substrate/GLints/dict_16_192_64_0p5_0p02_0036_0010.uasset" 6525
"/Engine/EngineMaterials/Substrate/GLints/dict_16_192_64_0p5_0p02_0036_0000" 6526
"../../../Engine/Content/EngineMaterials/Substrate/GLints/dict_16_192_64_0p5_0p02_0036_0008.uasset" 6527
"../../../Engine/Content/EngineMaterials/Substrate/GLints/dict_16_192_64_0p5_0p02_0036_0009.uasset" 6528
"/Engine/EngineMaterials/Substrate/GLints/dict_16_192_64_0p5_0p02_0035_0015" 6529
"/Engine/EngineMaterials/Substrate/GLints/dict_16_192_64_0p5_0p02_0035_0014" 6530
"/Engine/EngineMaterials/Substrate/GLints/dict_16_192_64_0p5_0p02_0035_0013" 6531
"/Engine/EngineMaterials/Substrate/GLints/dict_16_192_64_0p5_0p02_0035_0012" 6532
"/Engine/EngineMaterials/Substrate/GLints/dict_16_192_64_0p5_0p02_0035_0011" 6533
"/Engine/EngineMaterials/Substrate/GLints/dict_16_192_64_0p5_0p02_0035_0010" 6534
"/Engine/EngineMaterials/Substrate/GLints/dict_16_192_64_0p5_0p02_0035_0009" 6535
"/Engine/EngineMaterials/Substrate/GLints/dict_16_192_64_0p5_0p02_0035_0008" 6536
"/Engine/EngineMaterials/Substrate/GLints/dict_16_192_64_0p5_0p02_0035_0007" 6537
"/Engine/EngineMaterials/Substrate/GLints/dict_16_192_64_0p5_0p02_0035_0006" 6538
"/Engine/EngineMaterials/Substrate/GLints/dict_16_192_64_0p5_0p02_0035_0005" 6539
"/Engine/EngineMaterials/Substrate/GLints/dict_16_192_64_0p5_0p02_0035_0004" 6540
"/Engine/EngineMaterials/Substrate/GLints/dict_16_192_64_0p5_0p02_0035_0003" 6541
"/Engine/EngineMaterials/Substrate/GLints/dict_16_192_64_0p5_0p02_0035_0002" 6542
"/Engine/EngineMaterials/Substrate/GLints/dict_16_192_64_0p5_0p02_0035_0001" 6543
"/Engine/EngineMaterials/Substrate/GLints/dict_16_192_64_0p5_0p02_0035_0000" 6544
"/Engine/EngineMaterials/Substrate/GLints/dict_16_192_64_0p5_0p02_0034_0015" 6545
"/Engine/EngineMaterials/Substrate/GLints/dict_16_192_64_0p5_0p02_0034_0014" 6546
"/Engine/EngineMaterials/Substrate/GLints/dict_16_192_64_0p5_0p02_0034_0013" 6547
"/Engine/EngineMaterials/Substrate/GLints/dict_16_192_64_0p5_0p02_0034_0012" 6548
"/Engine/EngineMaterials/Substrate/GLints/dict_16_192_64_0p5_0p02_0034_0011" 6549
"../../../Engine/Content/EngineMaterials/Substrate/GLints/dict_16_192_64_0p5_0p02_0036_0012.uasset" 6550
"../../../Engine/Content/EngineMaterials/Substrate/GLints/dict_16_192_64_0p5_0p02_0036_0014.uasset" 6551
"../../../Engine/Content/EngineMaterials/Substrate/GLints/dict_16_192_64_0p5_0p02_0037_0001.uasset" 6552
"../../../Engine/Content/EngineMaterials/Substrate/GLints/dict_16_192_64_0p5_0p02_0036_0011.uasset" 6553
"../../../Engine/Content/EngineMaterials/Substrate/GLints/dict_16_192_64_0p5_0p02_0037_0005.uasset" 6554
"../../../Engine/Content/EngineMaterials/Substrate/GLints/dict_16_192_64_0p5_0p02_0037_0002.uasset" 6555
"../../../Engine/Content/EngineMaterials/Substrate/GLints/dict_16_192_64_0p5_0p02_0037_0012.uasset" 6556
"/Engine/EngineMaterials/Substrate/GLints/dict_16_192_64_0p5_0p02_0036_0010" 6557
"../../../Engine/Content/EngineMaterials/Substrate/GLints/dict_16_192_64_0p5_0p02_0037_0008.uasset" 6558
"../../../Engine/Content/EngineMaterials/Substrate/GLints/dict_16_192_64_0p5_0p02_0037_0009.uasset" 6559
"../../../Engine/Content/EngineMaterials/Substrate/GLints/dict_16_192_64_0p5_0p02_0037_0006.uasset" 6560
"../../../Engine/Content/EngineMaterials/Substrate/GLints/dict_16_192_64_0p5_0p02_0037_0013.uasset" 6561
"../../../Engine/Content/EngineMaterials/Substrate/GLints/dict_16_192_64_0p5_0p02_0036_0015.uasset" 6562
"../../../Engine/Content/EngineMaterials/Substrate/GLints/dict_16_192_64_0p5_0p02_0037_0000.uasset" 6563
"../../../Engine/Content/EngineMaterials/Substrate/GLints/dict_16_192_64_0p5_0p02_0037_0003.uasset" 6564
"../../../Engine/Content/EngineMaterials/Substrate/GLints/dict_16_192_64_0p5_0p02_0037_0015.uasset" 6565
"../../../Engine/Content/EngineMaterials/Substrate/GLints/dict_16_192_64_0p5_0p02_0037_0010.uasset" 6566
"../../../Engine/Content/EngineMaterials/Substrate/GLints/dict_16_192_64_0p5_0p02_0037_0011.uasset" 6567
"../../../Engine/Content/EngineMaterials/Substrate/GLints/dict_16_192_64_0p5_0p02_0036_0013.uasset" 6568
"../../../Engine/Content/EngineMaterials/Substrate/GLints/dict_16_192_64_0p5_0p02_0037_0014.uasset" 6569
"../../../Engine/Content/EngineMaterials/Substrate/GLints/dict_16_192_64_0p5_0p02_0038_0000.uasset" 6570
"../../../Engine/Content/EngineMaterials/Substrate/GLints/dict_16_192_64_0p5_0p02_0037_0004.uasset" 6571
"../../../Engine/Content/EngineMaterials/Substrate/GLints/dict_16_192_64_0p5_0p02_0037_0007.uasset" 6572
"/Engine/EngineMaterials/Substrate/GLints/dict_16_192_64_0p5_0p02_0036_0009" 6573
"/Engine/EngineMaterials/Substrate/GLints/dict_16_192_64_0p5_0p02_0036_0008" 6574
"/Engine/EngineMaterials/Substrate/GLints/dict_16_192_64_0p5_0p02_0036_0007" 6575
"/Engine/EngineMaterials/Substrate/GLints/dict_16_192_64_0p5_0p02_0036_0006" 6576
"/Engine/EngineMaterials/Substrate/GLints/dict_16_192_64_0p5_0p02_0036_0005" 6577
"/Engine/EngineMaterials/Substrate/GLints/dict_16_192_64_0p5_0p02_0036_0004" 6578
"/Engine/EngineMaterials/Substrate/GLints/dict_16_192_64_0p5_0p02_0036_0003" 6579
"/Engine/EngineMaterials/Substrate/GLints/dict_16_192_64_0p5_0p02_0036_0002" 6580
"/Engine/EngineMaterials/Substrate/GLints/dict_16_192_64_0p5_0p02_0036_0001" 6581
"../../../Engine/Content/EngineMaterials/Substrate/GLints/dict_16_192_64_0p5_0p02_0038_0002.uasset" 6582
"../../../Engine/Content/EngineMaterials/Substrate/GLints/dict_16_192_64_0p5_0p02_0038_0001.uasset" 6583
"../../../Engine/Content/EngineMaterials/Substrate/GLints/dict_16_192_64_0p5_0p02_0038_0005.uasset" 6584
"../../../Engine/Content/EngineMaterials/Substrate/GLints/dict_16_192_64_0p5_0p02_0038_0009.uasset" 6585
"../../../Engine/Content/EngineMaterials/Substrate/GLints/dict_16_192_64_0p5_0p02_0038_0008.uasset" 6586
"../../../Engine/Content/EngineMaterials/Substrate/GLints/dict_16_192_64_0p5_0p02_0038_0004.uasset" 6587
"/Engine/EngineMaterials/Substrate/GLints/dict_16_192_64_0p5_0p02_0038_0000" 6588
"../../../Engine/Content/EngineMaterials/Substrate/GLints/dict_16_192_64_0p5_0p02_0038_0007.uasset" 6589
"../../../Engine/Content/EngineMaterials/Substrate/GLints/dict_16_192_64_0p5_0p02_0038_0010.uasset" 6590
"../../../Engine/Content/EngineMaterials/Substrate/GLints/dict_16_192_64_0p5_0p02_0038_0006.uasset" 6591
"../../../Engine/Content/EngineMaterials/Substrate/GLints/dict_16_192_64_0p5_0p02_0038_0003.uasset" 6592
"/Engine/EngineMaterials/Substrate/GLints/dict_16_192_64_0p5_0p02_0037_0015" 6593
"/Engine/EngineMaterials/Substrate/GLints/dict_16_192_64_0p5_0p02_0037_0014" 6594
"/Engine/EngineMaterials/Substrate/GLints/dict_16_192_64_0p5_0p02_0037_0013" 6595
"/Engine/EngineMaterials/Substrate/GLints/dict_16_192_64_0p5_0p02_0037_0012" 6596
"/Engine/EngineMaterials/Substrate/GLints/dict_16_192_64_0p5_0p02_0037_0011" 6597
"/Engine/EngineMaterials/Substrate/GLints/dict_16_192_64_0p5_0p02_0037_0010" 6598
"/Engine/EngineMaterials/Substrate/GLints/dict_16_192_64_0p5_0p02_0037_0009" 6599
"/Engine/EngineMaterials/Substrate/GLints/dict_16_192_64_0p5_0p02_0037_0008" 6600
"/Engine/EngineMaterials/Substrate/GLints/dict_16_192_64_0p5_0p02_0037_0007" 6601
"/Engine/EngineMaterials/Substrate/GLints/dict_16_192_64_0p5_0p02_0037_0006" 6602
"/Engine/EngineMaterials/Substrate/GLints/dict_16_192_64_0p5_0p02_0037_0005" 6603
"/Engine/EngineMaterials/Substrate/GLints/dict_16_192_64_0p5_0p02_0037_0004" 6604
"/Engine/EngineMaterials/Substrate/GLints/dict_16_192_64_0p5_0p02_0037_0003" 6605
"/Engine/EngineMaterials/Substrate/GLints/dict_16_192_64_0p5_0p02_0037_0002" 6606
"/Engine/EngineMaterials/Substrate/GLints/dict_16_192_64_0p5_0p02_0037_0001" 6607
"/Engine/EngineMaterials/Substrate/GLints/dict_16_192_64_0p5_0p02_0037_0000" 6608
"/Engine/EngineMaterials/Substrate/GLints/dict_16_192_64_0p5_0p02_0036_0015" 6609
"/Engine/EngineMaterials/Substrate/GLints/dict_16_192_64_0p5_0p02_0036_0014" 6610
"/Engine/EngineMaterials/Substrate/GLints/dict_16_192_64_0p5_0p02_0036_0013" 6611
"/Engine/EngineMaterials/Substrate/GLints/dict_16_192_64_0p5_0p02_0036_0012" 6612
"/Engine/EngineMaterials/Substrate/GLints/dict_16_192_64_0p5_0p02_0036_0011" 6613
"../../../Engine/Content/EngineMaterials/Substrate/GLints/dict_16_192_64_0p5_0p02_0038_0011.uasset" 6614
"../../../Engine/Content/EngineMaterials/Substrate/GLints/dict_16_192_64_0p5_0p02_0038_0012.uasset" 6615
"../../../Engine/Content/EngineMaterials/Substrate/GLints/dict_16_192_64_0p5_0p02_0038_0013.uasset" 6616
"../../../Engine/Content/EngineMaterials/Substrate/GLints/dict_16_192_64_0p5_0p02_0038_0015.uasset" 6617
"../../../Engine/Content/EngineMaterials/Substrate/GLints/dict_16_192_64_0p5_0p02_0039_0007.uasset" 6618
"../../../Engine/Content/EngineMaterials/Substrate/GLints/dict_16_192_64_0p5_0p02_0039_0003.uasset" 6619
"../../../Engine/Content/EngineMaterials/Substrate/GLints/dict_16_192_64_0p5_0p02_0039_0009.uasset" 6620
"../../../Engine/Content/EngineMaterials/Substrate/GLints/dict_16_192_64_0p5_0p02_0039_0002.uasset" 6621
"../../../Engine/Content/EngineMaterials/Substrate/GLints/dict_16_192_64_0p5_0p02_0039_0000.uasset" 6622
"../../../Engine/Content/EngineMaterials/Substrate/GLints/dict_16_192_64_0p5_0p02_0038_0014.uasset" 6623
"../../../Engine/Content/EngineMaterials/Substrate/GLints/dict_16_192_64_0p5_0p02_0039_0015.uasset" 6624
"../../../Engine/Content/EngineMaterials/Substrate/GLints/dict_16_192_64_0p5_0p02_0039_0012.uasset" 6625
"/Engine/EngineMaterials/Substrate/GLints/dict_16_192_64_0p5_0p02_0038_0010" 6626
"../../../Engine/Content/EngineMaterials/Substrate/GLints/dict_16_192_64_0p5_0p02_0039_0011.uasset" 6627
"../../../Engine/Content/EngineMaterials/Substrate/GLints/dict_16_192_64_0p5_0p02_0040_0000.uasset" 6628
"../../../Engine/Content/EngineMaterials/Substrate/GLints/dict_16_192_64_0p5_0p02_0039_0014.uasset" 6629
"../../../Engine/Content/EngineMaterials/Substrate/GLints/dict_16_192_64_0p5_0p02_0039_0010.uasset" 6630
"../../../Engine/Content/EngineMaterials/Substrate/GLints/dict_16_192_64_0p5_0p02_0039_0001.uasset" 6631
"../../../Engine/Content/EngineMaterials/Substrate/GLints/dict_16_192_64_0p5_0p02_0039_0006.uasset" 6632
"../../../Engine/Content/EngineMaterials/Substrate/GLints/dict_16_192_64_0p5_0p02_0039_0013.uasset" 6633
"../../../Engine/Content/EngineMaterials/Substrate/GLints/dict_16_192_64_0p5_0p02_0039_0004.uasset" 6634
"../../../Engine/Content/EngineMaterials/Substrate/GLints/dict_16_192_64_0p5_0p02_0039_0005.uasset" 6635
"../../../Engine/Content/EngineMaterials/Substrate/GLints/dict_16_192_64_0p5_0p02_0039_0008.uasset" 6636
"/Engine/EngineMaterials/Substrate/GLints/dict_16_192_64_0p5_0p02_0038_0009" 6637
"/Engine/EngineMaterials/Substrate/GLints/dict_16_192_64_0p5_0p02_0038_0008" 6638
"/Engine/EngineMaterials/Substrate/GLints/dict_16_192_64_0p5_0p02_0038_0007" 6639
"/Engine/EngineMaterials/Substrate/GLints/dict_16_192_64_0p5_0p02_0038_0006" 6640
"/Engine/EngineMaterials/Substrate/GLints/dict_16_192_64_0p5_0p02_0038_0005" 6641
"/Engine/EngineMaterials/Substrate/GLints/dict_16_192_64_0p5_0p02_0038_0004" 6642
"/Engine/EngineMaterials/Substrate/GLints/dict_16_192_64_0p5_0p02_0038_0012" 6643
"/Engine/EngineMaterials/Substrate/GLints/dict_16_192_64_0p5_0p02_0038_0003" 6644
"/Engine/EngineMaterials/Substrate/GLints/dict_16_192_64_0p5_0p02_0038_0002" 6645
"/Engine/EngineMaterials/Substrate/GLints/dict_16_192_64_0p5_0p02_0038_0001" 6646
"../../../Engine/Content/EngineMaterials/Substrate/GLints/dict_16_192_64_0p5_0p02_0040_0001.uasset" 6647
"../../../Engine/Content/EngineMaterials/Substrate/GLints/dict_16_192_64_0p5_0p02_0040_0002.uasset" 6648
"../../../Engine/Content/EngineMaterials/Substrate/GLints/dict_16_192_64_0p5_0p02_0040_0003.uasset" 6649
"../../../Engine/Content/EngineMaterials/Substrate/GLints/dict_16_192_64_0p5_0p02_0040_0004.uasset" 6650
"../../../Engine/Content/EngineMaterials/Substrate/GLints/dict_16_192_64_0p5_0p02_0040_0009.uasset" 6651
"../../../Engine/Content/EngineMaterials/Substrate/GLints/dict_16_192_64_0p5_0p02_0040_0010.uasset" 6652
"../../../Engine/Content/EngineMaterials/Substrate/GLints/dict_16_192_64_0p5_0p02_0040_0008.uasset" 6653
"../../../Engine/Content/EngineMaterials/Substrate/GLints/dict_16_192_64_0p5_0p02_0040_0005.uasset" 6654
"/Engine/EngineMaterials/Substrate/GLints/dict_16_192_64_0p5_0p02_0040_0000" 6655
"../../../Engine/Content/EngineMaterials/Substrate/GLints/dict_16_192_64_0p5_0p02_0040_0006.uasset" 6656
"../../../Engine/Content/EngineMaterials/Substrate/GLints/dict_16_192_64_0p5_0p02_0040_0011.uasset" 6657
"../../../Engine/Content/EngineMaterials/Substrate/GLints/dict_16_192_64_0p5_0p02_0040_0007.uasset" 6658
"/Engine/EngineMaterials/Substrate/GLints/dict_16_192_64_0p5_0p02_0039_0015" 6659
"/Engine/EngineMaterials/Substrate/GLints/dict_16_192_64_0p5_0p02_0039_0014" 6660
"/Engine/EngineMaterials/Substrate/GLints/dict_16_192_64_0p5_0p02_0039_0013" 6661
"/Engine/EngineMaterials/Substrate/GLints/dict_16_192_64_0p5_0p02_0039_0012" 6662
"/Engine/EngineMaterials/Substrate/GLints/dict_16_192_64_0p5_0p02_0039_0011" 6663
"/Engine/EngineMaterials/Substrate/GLints/dict_16_192_64_0p5_0p02_0039_0010" 6664
"/Engine/EngineMaterials/Substrate/GLints/dict_16_192_64_0p5_0p02_0039_0009" 6665
"/Engine/EngineMaterials/Substrate/GLints/dict_16_192_64_0p5_0p02_0039_0008" 6666
"/Engine/EngineMaterials/Substrate/GLints/dict_16_192_64_0p5_0p02_0039_0007" 6667
"/Engine/EngineMaterials/Substrate/GLints/dict_16_192_64_0p5_0p02_0039_0006" 6668
"/Engine/EngineMaterials/Substrate/GLints/dict_16_192_64_0p5_0p02_0039_0005" 6669
"/Engine/EngineMaterials/Substrate/GLints/dict_16_192_64_0p5_0p02_0039_0004" 6670
"/Engine/EngineMaterials/Substrate/GLints/dict_16_192_64_0p5_0p02_0039_0003" 6671
"/Engine/EngineMaterials/Substrate/GLints/dict_16_192_64_0p5_0p02_0039_0002" 6672
"/Engine/EngineMaterials/Substrate/GLints/dict_16_192_64_0p5_0p02_0039_0001" 6673
"/Engine/EngineMaterials/Substrate/GLints/dict_16_192_64_0p5_0p02_0039_0000" 6674
"/Engine/EngineMaterials/Substrate/GLints/dict_16_192_64_0p5_0p02_0038_0015" 6675
"/Engine/EngineMaterials/Substrate/GLints/dict_16_192_64_0p5_0p02_0038_0014" 6676
"/Engine/EngineMaterials/Substrate/GLints/dict_16_192_64_0p5_0p02_0038_0013" 6677
"/Engine/EngineMaterials/Substrate/GLints/dict_16_192_64_0p5_0p02_0038_0011" 6678
"../../../Engine/Content/EngineMaterials/Substrate/GLints/dict_16_192_64_0p5_0p02_0040_0013.uasset" 6679
"../../../Engine/Content/EngineMaterials/Substrate/GLints/dict_16_192_64_0p5_0p02_0040_0014.uasset" 6680
"../../../Engine/Content/EngineMaterials/Substrate/GLints/dict_16_192_64_0p5_0p02_0041_0004.uasset" 6681
"../../../Engine/Content/EngineMaterials/Substrate/GLints/dict_16_192_64_0p5_0p02_0041_0002.uasset" 6682
"../../../Engine/Content/EngineMaterials/Substrate/GLints/dict_16_192_64_0p5_0p02_0041_0006.uasset" 6683
"../../../Engine/Content/EngineMaterials/Substrate/GLints/dict_16_192_64_0p5_0p02_0041_0001.uasset" 6684
"../../../Engine/Content/EngineMaterials/Substrate/GLints/dict_16_192_64_0p5_0p02_0041_0011.uasset" 6685
"../../../Engine/Content/EngineMaterials/Substrate/GLints/dict_16_192_64_0p5_0p02_0041_0007.uasset" 6686
"../../../Engine/Content/EngineMaterials/Substrate/GLints/dict_16_192_64_0p5_0p02_0041_0012.uasset" 6687
"../../../Engine/Content/EngineMaterials/Substrate/GLints/dict_16_192_64_0p5_0p02_0041_0014.uasset" 6688
"../../../Engine/Content/EngineMaterials/Substrate/GLints/dict_16_192_64_0p5_0p02_0040_0015.uasset" 6689
"../../../Engine/Content/EngineMaterials/Substrate/GLints/dict_16_192_64_0p5_0p02_0041_0013.uasset" 6690
"../../../Engine/Content/EngineMaterials/Substrate/GLints/dict_16_192_64_0p5_0p02_0041_0015.uasset" 6691
"../../../Engine/Content/EngineMaterials/Substrate/GLints/dict_16_192_64_0p5_0p02_0041_0009.uasset" 6692
"../../../Engine/Content/EngineMaterials/Substrate/GLints/dict_16_192_64_0p5_0p02_0040_0012.uasset" 6693
"/Engine/EngineMaterials/Substrate/GLints/dict_16_192_64_0p5_0p02_0040_0011" 6694
"../../../Engine/Content/EngineMaterials/Substrate/GLints/dict_16_192_64_0p5_0p02_0041_0000.uasset" 6695
"../../../Engine/Content/EngineMaterials/Substrate/GLints/dict_16_192_64_0p5_0p02_0041_0003.uasset" 6696
"../../../Engine/Content/EngineMaterials/Substrate/GLints/dict_16_192_64_0p5_0p02_0041_0008.uasset" 6697
"../../../Engine/Content/EngineMaterials/Substrate/GLints/dict_16_192_64_0p5_0p02_0041_0005.uasset" 6698
"../../../Engine/Content/EngineMaterials/Substrate/GLints/dict_16_192_64_0p5_0p02_0042_0000.uasset" 6699
"../../../Engine/Content/EngineMaterials/Substrate/GLints/dict_16_192_64_0p5_0p02_0041_0010.uasset" 6700
"/Engine/EngineMaterials/Substrate/GLints/dict_16_192_64_0p5_0p02_0040_0010" 6701
"/Engine/EngineMaterials/Substrate/GLints/dict_16_192_64_0p5_0p02_0040_0009" 6702
"/Engine/EngineMaterials/Substrate/GLints/dict_16_192_64_0p5_0p02_0040_0008" 6703
"/Engine/EngineMaterials/Substrate/GLints/dict_16_192_64_0p5_0p02_0040_0007" 6704
"/Engine/EngineMaterials/Substrate/GLints/dict_16_192_64_0p5_0p02_0040_0006" 6705
"/Engine/EngineMaterials/Substrate/GLints/dict_16_192_64_0p5_0p02_0040_0005" 6706
"/Engine/EngineMaterials/Substrate/GLints/dict_16_192_64_0p5_0p02_0040_0004" 6707
"/Engine/EngineMaterials/Substrate/GLints/dict_16_192_64_0p5_0p02_0040_0003" 6708
"/Engine/EngineMaterials/Substrate/GLints/dict_16_192_64_0p5_0p02_0040_0002" 6709
"/Engine/EngineMaterials/Substrate/GLints/dict_16_192_64_0p5_0p02_0040_0001" 6710
"../../../Engine/Content/EngineMaterials/Substrate/GLints/dict_16_192_64_0p5_0p02_0042_0001.uasset" 6711
"../../../Engine/Content/EngineMaterials/Substrate/GLints/dict_16_192_64_0p5_0p02_0042_0006.uasset" 6712
"../../../Engine/Content/EngineMaterials/Substrate/GLints/dict_16_192_64_0p5_0p02_0042_0002.uasset" 6713
"../../../Engine/Content/EngineMaterials/Substrate/GLints/dict_16_192_64_0p5_0p02_0042_0004.uasset" 6714
"../../../Engine/Content/EngineMaterials/Substrate/GLints/dict_16_192_64_0p5_0p02_0042_0011.uasset" 6715
"../../../Engine/Content/EngineMaterials/Substrate/GLints/dict_16_192_64_0p5_0p02_0042_0008.uasset" 6716
"../../../Engine/Content/EngineMaterials/Substrate/GLints/dict_16_192_64_0p5_0p02_0042_0009.uasset" 6717
"../../../Engine/Content/EngineMaterials/Substrate/GLints/dict_16_192_64_0p5_0p02_0042_0010.uasset" 6718
"../../../Engine/Content/EngineMaterials/Substrate/GLints/dict_16_192_64_0p5_0p02_0042_0003.uasset" 6719
"../../../Engine/Content/EngineMaterials/Substrate/GLints/dict_16_192_64_0p5_0p02_0042_0005.uasset" 6720
"/Engine/EngineMaterials/Substrate/GLints/dict_16_192_64_0p5_0p02_0042_0000" 6721
"../../../Engine/Content/EngineMaterials/Substrate/GLints/dict_16_192_64_0p5_0p02_0042_0007.uasset" 6722
"/Engine/EngineMaterials/Substrate/GLints/dict_16_192_64_0p5_0p02_0041_0015" 6723
"/Engine/EngineMaterials/Substrate/GLints/dict_16_192_64_0p5_0p02_0041_0014" 6724
"/Engine/EngineMaterials/Substrate/GLints/dict_16_192_64_0p5_0p02_0041_0013" 6725
"/Engine/EngineMaterials/Substrate/GLints/dict_16_192_64_0p5_0p02_0041_0012" 6726
"/Engine/EngineMaterials/Substrate/GLints/dict_16_192_64_0p5_0p02_0041_0011" 6727
"/Engine/EngineMaterials/Substrate/GLints/dict_16_192_64_0p5_0p02_0041_0010" 6728
"/Engine/EngineMaterials/Substrate/GLints/dict_16_192_64_0p5_0p02_0041_0009" 6729
"/Engine/EngineMaterials/Substrate/GLints/dict_16_192_64_0p5_0p02_0041_0008" 6730
"/Engine/EngineMaterials/Substrate/GLints/dict_16_192_64_0p5_0p02_0041_0007" 6731
"/Engine/EngineMaterials/Substrate/GLints/dict_16_192_64_0p5_0p02_0041_0006" 6732
"/Engine/EngineMaterials/Substrate/GLints/dict_16_192_64_0p5_0p02_0041_0005" 6733
"/Engine/EngineMaterials/Substrate/GLints/dict_16_192_64_0p5_0p02_0041_0004" 6734
"/Engine/EngineMaterials/Substrate/GLints/dict_16_192_64_0p5_0p02_0041_0003" 6735
"/Engine/EngineMaterials/Substrate/GLints/dict_16_192_64_0p5_0p02_0041_0002" 6736
"/Engine/EngineMaterials/Substrate/GLints/dict_16_192_64_0p5_0p02_0041_0001" 6737
"/Engine/EngineMaterials/Substrate/GLints/dict_16_192_64_0p5_0p02_0041_0000" 6738
"/Engine/EngineMaterials/Substrate/GLints/dict_16_192_64_0p5_0p02_0040_0015" 6739
"/Engine/EngineMaterials/Substrate/GLints/dict_16_192_64_0p5_0p02_0040_0014" 6740
"/Engine/EngineMaterials/Substrate/GLints/dict_16_192_64_0p5_0p02_0040_0013" 6741
"/Engine/EngineMaterials/Substrate/GLints/dict_16_192_64_0p5_0p02_0040_0012" 6742
"../../../Engine/Content/EngineMaterials/Substrate/GLints/dict_16_192_64_0p5_0p02_0042_0014.uasset" 6743
"../../../Engine/Content/EngineMaterials/Substrate/GLints/dict_16_192_64_0p5_0p02_0042_0013.uasset" 6744
"../../../Engine/Content/EngineMaterials/Substrate/GLints/dict_16_192_64_0p5_0p02_0042_0012.uasset" 6745
"../../../Engine/Content/EngineMaterials/Substrate/GLints/dict_16_192_64_0p5_0p02_0042_0015.uasset" 6746
"../../../Engine/Content/EngineMaterials/Substrate/GLints/dict_16_192_64_0p5_0p02_0043_0001.uasset" 6747
"../../../Engine/Content/EngineMaterials/Substrate/GLints/dict_16_192_64_0p5_0p02_0043_0009.uasset" 6748
"../../../Engine/Content/EngineMaterials/Substrate/GLints/dict_16_192_64_0p5_0p02_0043_0010.uasset" 6749
"../../../Engine/Content/EngineMaterials/Substrate/GLints/dict_16_192_64_0p5_0p02_0043_0013.uasset" 6750
"../../../Engine/Content/EngineMaterials/Substrate/GLints/dict_16_192_64_0p5_0p02_0043_0012.uasset" 6751
"../../../Engine/Content/EngineMaterials/Substrate/GLints/dict_16_192_64_0p5_0p02_0043_0005.uasset" 6752
"../../../Engine/Content/EngineMaterials/Substrate/GLints/dict_16_192_64_0p5_0p02_0043_0004.uasset" 6753
"../../../Engine/Content/EngineMaterials/Substrate/GLints/dict_16_192_64_0p5_0p02_0044_0000.uasset" 6754
"../../../Engine/Content/EngineMaterials/Substrate/GLints/dict_16_192_64_0p5_0p02_0043_0014.uasset" 6755
"../../../Engine/Content/EngineMaterials/Substrate/GLints/dict_16_192_64_0p5_0p02_0043_0003.uasset" 6756
"../../../Engine/Content/EngineMaterials/Substrate/GLints/dict_16_192_64_0p5_0p02_0043_0015.uasset" 6757
"../../../Engine/Content/EngineMaterials/Substrate/GLints/dict_16_192_64_0p5_0p02_0043_0000.uasset" 6758
"../../../Engine/Content/EngineMaterials/Substrate/GLints/dict_16_192_64_0p5_0p02_0043_0006.uasset" 6759
"../../../Engine/Content/EngineMaterials/Substrate/GLints/dict_16_192_64_0p5_0p02_0043_0007.uasset" 6760
"../../../Engine/Content/EngineMaterials/Substrate/GLints/dict_16_192_64_0p5_0p02_0043_0008.uasset" 6761
"/Engine/EngineMaterials/Substrate/GLints/dict_16_192_64_0p5_0p02_0042_0011" 6762
"../../../Engine/Content/EngineMaterials/Substrate/GLints/dict_16_192_64_0p5_0p02_0043_0011.uasset" 6763
"../../../Engine/Content/EngineMaterials/Substrate/GLints/dict_16_192_64_0p5_0p02_0043_0002.uasset" 6764
"/Engine/EngineMaterials/Substrate/GLints/dict_16_192_64_0p5_0p02_0042_0010" 6765
"/Engine/EngineMaterials/Substrate/GLints/dict_16_192_64_0p5_0p02_0042_0009" 6766
"/Engine/EngineMaterials/Substrate/GLints/dict_16_192_64_0p5_0p02_0042_0008" 6767
"/Engine/EngineMaterials/Substrate/GLints/dict_16_192_64_0p5_0p02_0042_0007" 6768
"/Engine/EngineMaterials/Substrate/GLints/dict_16_192_64_0p5_0p02_0042_0006" 6769
"/Engine/EngineMaterials/Substrate/GLints/dict_16_192_64_0p5_0p02_0042_0005" 6770
"/Engine/EngineMaterials/Substrate/GLints/dict_16_192_64_0p5_0p02_0042_0014" 6771
"/Engine/EngineMaterials/Substrate/GLints/dict_16_192_64_0p5_0p02_0042_0013" 6772
"/Engine/EngineMaterials/Substrate/GLints/dict_16_192_64_0p5_0p02_0042_0004" 6773
"/Engine/EngineMaterials/Substrate/GLints/dict_16_192_64_0p5_0p02_0042_0012" 6774
"/Engine/EngineMaterials/Substrate/GLints/dict_16_192_64_0p5_0p02_0042_0003" 6775
"/Engine/EngineMaterials/Substrate/GLints/dict_16_192_64_0p5_0p02_0042_0002" 6776
"/Engine/EngineMaterials/Substrate/GLints/dict_16_192_64_0p5_0p02_0042_0001" 6777
"../../../Engine/Content/EngineMaterials/Substrate/GLints/dict_16_192_64_0p5_0p02_0044_0003.uasset" 6778
"../../../Engine/Content/EngineMaterials/Substrate/GLints/dict_16_192_64_0p5_0p02_0044_0008.uasset" 6779
"../../../Engine/Content/EngineMaterials/Substrate/GLints/dict_16_192_64_0p5_0p02_0044_0011.uasset" 6780
"../../../Engine/Content/EngineMaterials/Substrate/GLints/dict_16_192_64_0p5_0p02_0044_0014.uasset" 6781
"../../../Engine/Content/EngineMaterials/Substrate/GLints/dict_16_192_64_0p5_0p02_0044_0012.uasset" 6782
"/Engine/EngineMaterials/Substrate/GLints/dict_16_192_64_0p5_0p02_0044_0000" 6783
"../../../Engine/Content/EngineMaterials/Substrate/GLints/dict_16_192_64_0p5_0p02_0044_0006.uasset" 6784
"../../../Engine/Content/EngineMaterials/Substrate/GLints/dict_16_192_64_0p5_0p02_0044_0005.uasset" 6785
"../../../Engine/Content/EngineMaterials/Substrate/GLints/dict_16_192_64_0p5_0p02_0044_0004.uasset" 6786
"../../../Engine/Content/EngineMaterials/Substrate/GLints/dict_16_192_64_0p5_0p02_0044_0010.uasset" 6787
"../../../Engine/Content/EngineMaterials/Substrate/GLints/dict_16_192_64_0p5_0p02_0044_0009.uasset" 6788
"../../../Engine/Content/EngineMaterials/Substrate/GLints/dict_16_192_64_0p5_0p02_0044_0013.uasset" 6789
"../../../Engine/Content/EngineMaterials/Substrate/GLints/dict_16_192_64_0p5_0p02_0044_0002.uasset" 6790
"../../../Engine/Content/EngineMaterials/Substrate/GLints/dict_16_192_64_0p5_0p02_0044_0001.uasset" 6791
"../../../Engine/Content/EngineMaterials/Substrate/GLints/dict_16_192_64_0p5_0p02_0044_0007.uasset" 6792
"/Engine/EngineMaterials/Substrate/GLints/dict_16_192_64_0p5_0p02_0043_0015" 6793
"/Engine/EngineMaterials/Substrate/GLints/dict_16_192_64_0p5_0p02_0043_0014" 6794
"/Engine/EngineMaterials/Substrate/GLints/dict_16_192_64_0p5_0p02_0043_0013" 6795
"/Engine/EngineMaterials/Substrate/GLints/dict_16_192_64_0p5_0p02_0043_0012" 6796
"/Engine/EngineMaterials/Substrate/GLints/dict_16_192_64_0p5_0p02_0043_0011" 6797
"/Engine/EngineMaterials/Substrate/GLints/dict_16_192_64_0p5_0p02_0043_0010" 6798
"/Engine/EngineMaterials/Substrate/GLints/dict_16_192_64_0p5_0p02_0043_0009" 6799
"/Engine/EngineMaterials/Substrate/GLints/dict_16_192_64_0p5_0p02_0043_0008" 6800
"/Engine/EngineMaterials/Substrate/GLints/dict_16_192_64_0p5_0p02_0043_0007" 6801
"/Engine/EngineMaterials/Substrate/GLints/dict_16_192_64_0p5_0p02_0043_0006" 6802
"/Engine/EngineMaterials/Substrate/GLints/dict_16_192_64_0p5_0p02_0043_0005" 6803
"/Engine/EngineMaterials/Substrate/GLints/dict_16_192_64_0p5_0p02_0043_0004" 6804
"/Engine/EngineMaterials/Substrate/GLints/dict_16_192_64_0p5_0p02_0043_0003" 6805
"/Engine/EngineMaterials/Substrate/GLints/dict_16_192_64_0p5_0p02_0043_0002" 6806
"/Engine/EngineMaterials/Substrate/GLints/dict_16_192_64_0p5_0p02_0043_0001" 6807
"/Engine/EngineMaterials/Substrate/GLints/dict_16_192_64_0p5_0p02_0043_0000" 6808
"/Engine/EngineMaterials/Substrate/GLints/dict_16_192_64_0p5_0p02_0042_0015" 6809
"../../../Engine/Content/EngineMaterials/Substrate/GLints/dict_16_192_64_0p5_0p02_0044_0015.uasset" 6810
"../../../Engine/Content/EngineMaterials/Substrate/GLints/dict_16_192_64_0p5_0p02_0045_0003.uasset" 6811
"../../../Engine/Content/EngineMaterials/Substrate/GLints/dict_16_192_64_0p5_0p02_0045_0004.uasset" 6812
"../../../Engine/Content/EngineMaterials/Substrate/GLints/dict_16_192_64_0p5_0p02_0045_0013.uasset" 6813
"../../../Engine/Content/EngineMaterials/Substrate/GLints/dict_16_192_64_0p5_0p02_0045_0007.uasset" 6814
"../../../Engine/Content/EngineMaterials/Substrate/GLints/dict_16_192_64_0p5_0p02_0045_0002.uasset" 6815
"../../../Engine/Content/EngineMaterials/Substrate/GLints/dict_16_192_64_0p5_0p02_0045_0001.uasset" 6816
"../../../Engine/Content/EngineMaterials/Substrate/GLints/dict_16_192_64_0p5_0p02_0045_0005.uasset" 6817
"/Engine/EngineMaterials/Substrate/GLints/dict_16_192_64_0p5_0p02_0044_0014" 6818
"../../../Engine/Content/EngineMaterials/Substrate/GLints/dict_16_192_64_0p5_0p02_0045_0009.uasset" 6819
"../../../Engine/Content/EngineMaterials/Substrate/GLints/dict_16_192_64_0p5_0p02_0045_0014.uasset" 6820
"../../../Engine/Content/EngineMaterials/Substrate/GLints/dict_16_192_64_0p5_0p02_0045_0008.uasset" 6821
"../../../Engine/Content/EngineMaterials/Substrate/GLints/dict_16_192_64_0p5_0p02_0045_0012.uasset" 6822
"../../../Engine/Content/EngineMaterials/Substrate/GLints/dict_16_192_64_0p5_0p02_0045_0006.uasset" 6823
"../../../Engine/Content/EngineMaterials/Substrate/GLints/dict_16_192_64_0p5_0p02_0045_0010.uasset" 6824
"../../../Engine/Content/EngineMaterials/Substrate/GLints/dict_16_192_64_0p5_0p02_0046_0000.uasset" 6825
"../../../Engine/Content/EngineMaterials/Substrate/GLints/dict_16_192_64_0p5_0p02_0045_0011.uasset" 6826
"../../../Engine/Content/EngineMaterials/Substrate/GLints/dict_16_192_64_0p5_0p02_0045_0015.uasset" 6827
"../../../Engine/Content/EngineMaterials/Substrate/GLints/dict_16_192_64_0p5_0p02_0045_0000.uasset" 6828
"/Engine/EngineMaterials/Substrate/GLints/dict_16_192_64_0p5_0p02_0044_0013" 6829
"/Engine/EngineMaterials/Substrate/GLints/dict_16_192_64_0p5_0p02_0044_0012" 6830
"/Engine/EngineMaterials/Substrate/GLints/dict_16_192_64_0p5_0p02_0044_0011" 6831
"/Engine/EngineMaterials/Substrate/GLints/dict_16_192_64_0p5_0p02_0044_0010" 6832
"/Engine/EngineMaterials/Substrate/GLints/dict_16_192_64_0p5_0p02_0044_0009" 6833
"/Engine/EngineMaterials/Substrate/GLints/dict_16_192_64_0p5_0p02_0044_0008" 6834
"/Engine/EngineMaterials/Substrate/GLints/dict_16_192_64_0p5_0p02_0044_0007" 6835
"/Engine/EngineMaterials/Substrate/GLints/dict_16_192_64_0p5_0p02_0044_0006" 6836
"/Engine/EngineMaterials/Substrate/GLints/dict_16_192_64_0p5_0p02_0044_0005" 6837
"/Engine/EngineMaterials/Substrate/GLints/dict_16_192_64_0p5_0p02_0044_0004" 6838
"/Engine/EngineMaterials/Substrate/GLints/dict_16_192_64_0p5_0p02_0044_0003" 6839
"/Engine/EngineMaterials/Substrate/GLints/dict_16_192_64_0p5_0p02_0044_0002" 6840
"/Engine/EngineMaterials/Substrate/GLints/dict_16_192_64_0p5_0p02_0044_0001" 6841
"../../../Engine/Content/EngineMaterials/Substrate/GLints/dict_16_192_64_0p5_0p02_0046_0001.uasset" 6842
"../../../Engine/Content/EngineMaterials/Substrate/GLints/dict_16_192_64_0p5_0p02_0046_0003.uasset" 6843
"../../../Engine/Content/EngineMaterials/Substrate/GLints/dict_16_192_64_0p5_0p02_0046_0002.uasset" 6844
"../../../Engine/Content/EngineMaterials/Substrate/GLints/dict_16_192_64_0p5_0p02_0046_0004.uasset" 6845
"../../../Engine/Content/EngineMaterials/Substrate/GLints/dict_16_192_64_0p5_0p02_0046_0014.uasset" 6846
"../../../Engine/Content/EngineMaterials/Substrate/GLints/dict_16_192_64_0p5_0p02_0046_0008.uasset" 6847
"../../../Engine/Content/EngineMaterials/Substrate/GLints/dict_16_192_64_0p5_0p02_0046_0009.uasset" 6848
"../../../Engine/Content/EngineMaterials/Substrate/GLints/dict_16_192_64_0p5_0p02_0046_0007.uasset" 6849
"../../../Engine/Content/EngineMaterials/Substrate/GLints/dict_16_192_64_0p5_0p02_0046_0006.uasset" 6850
"../../../Engine/Content/EngineMaterials/Substrate/GLints/dict_16_192_64_0p5_0p02_0046_0005.uasset" 6851
"../../../Engine/Content/EngineMaterials/Substrate/GLints/dict_16_192_64_0p5_0p02_0046_0011.uasset" 6852
"../../../Engine/Content/EngineMaterials/Substrate/GLints/dict_16_192_64_0p5_0p02_0046_0010.uasset" 6853
"../../../Engine/Content/EngineMaterials/Substrate/GLints/dict_16_192_64_0p5_0p02_0046_0012.uasset" 6854
"/Engine/EngineMaterials/Substrate/GLints/dict_16_192_64_0p5_0p02_0046_0000" 6855
"../../../Engine/Content/EngineMaterials/Substrate/GLints/dict_16_192_64_0p5_0p02_0046_0013.uasset" 6856
"/Engine/EngineMaterials/Substrate/GLints/dict_16_192_64_0p5_0p02_0045_0015" 6857
"/Engine/EngineMaterials/Substrate/GLints/dict_16_192_64_0p5_0p02_0045_0014" 6858
"/Engine/EngineMaterials/Substrate/GLints/dict_16_192_64_0p5_0p02_0045_0013" 6859
"/Engine/EngineMaterials/Substrate/GLints/dict_16_192_64_0p5_0p02_0045_0012" 6860
"/Engine/EngineMaterials/Substrate/GLints/dict_16_192_64_0p5_0p02_0045_0011" 6861
"/Engine/EngineMaterials/Substrate/GLints/dict_16_192_64_0p5_0p02_0045_0010" 6862
"/Engine/EngineMaterials/Substrate/GLints/dict_16_192_64_0p5_0p02_0045_0009" 6863
"/Engine/EngineMaterials/Substrate/GLints/dict_16_192_64_0p5_0p02_0045_0008" 6864
"/Engine/EngineMaterials/Substrate/GLints/dict_16_192_64_0p5_0p02_0045_0007" 6865
"/Engine/EngineMaterials/Substrate/GLints/dict_16_192_64_0p5_0p02_0045_0006" 6866
"/Engine/EngineMaterials/Substrate/GLints/dict_16_192_64_0p5_0p02_0045_0005" 6867
"/Engine/EngineMaterials/Substrate/GLints/dict_16_192_64_0p5_0p02_0045_0004" 6868
"/Engine/EngineMaterials/Substrate/GLints/dict_16_192_64_0p5_0p02_0045_0003" 6869
"/Engine/EngineMaterials/Substrate/GLints/dict_16_192_64_0p5_0p02_0045_0002" 6870
"/Engine/EngineMaterials/Substrate/GLints/dict_16_192_64_0p5_0p02_0045_0001" 6871
"/Engine/EngineMaterials/Substrate/GLints/dict_16_192_64_0p5_0p02_0045_0000" 6872
"/Engine/EngineMaterials/Substrate/GLints/dict_16_192_64_0p5_0p02_0044_0015" 6873
"../../../Engine/Content/EngineMaterials/Substrate/GLints/dict_16_192_64_0p5_0p02_0047_0001.uasset" 6874
"../../../Engine/Content/EngineMaterials/Substrate/GLints/dict_16_192_64_0p5_0p02_0047_0000.uasset" 6875
"../../../Engine/Content/EngineMaterials/Substrate/GLints/dict_16_192_64_0p5_0p02_0047_0003.uasset" 6876
"../../../Engine/Content/EngineMaterials/Substrate/GLints/dict_16_192_64_0p5_0p02_0047_0008.uasset" 6877
"../../../Engine/Content/EngineMaterials/Substrate/GLints/dict_16_192_64_0p5_0p02_0047_0009.uasset" 6878
"../../../Engine/Content/EngineMaterials/Substrate/GLints/dict_16_192_64_0p5_0p02_0046_0015.uasset" 6879
"../../../Engine/Content/EngineMaterials/Substrate/GLints/dict_16_192_64_0p5_0p02_0047_0014.uasset" 6880
"../../../Engine/Content/EngineMaterials/Substrate/GLints/dict_16_192_64_0p5_0p02_0047_0005.uasset" 6881
"../../../Engine/Content/EngineMaterials/Substrate/GLints/dict_16_192_64_0p5_0p02_0047_0006.uasset" 6882
"../../../Engine/Content/EngineMaterials/Substrate/GLints/dict_16_192_64_0p5_0p02_0047_0015.uasset" 6883
"../../../Engine/Content/EngineMaterials/Substrate/GLints/dict_16_192_64_0p5_0p02_0048_0000.uasset" 6884
"/Engine/EngineMaterials/Substrate/GLints/dict_16_192_64_0p5_0p02_0046_0014" 6885
"../../../Engine/Content/EngineMaterials/Substrate/GLints/dict_16_192_64_0p5_0p02_0047_0013.uasset" 6886
"../../../Engine/Content/EngineMaterials/Substrate/GLints/dict_16_192_64_0p5_0p02_0047_0012.uasset" 6887
"../../../Engine/Content/EngineMaterials/Substrate/GLints/dict_16_192_64_0p5_0p02_0047_0004.uasset" 6888
"../../../Engine/Content/EngineMaterials/Substrate/GLints/dict_16_192_64_0p5_0p02_0047_0010.uasset" 6889
"../../../Engine/Content/EngineMaterials/Substrate/GLints/dict_16_192_64_0p5_0p02_0047_0007.uasset" 6890
"../../../Engine/Content/EngineMaterials/Substrate/GLints/dict_16_192_64_0p5_0p02_0047_0002.uasset" 6891
"../../../Engine/Content/EngineMaterials/Substrate/GLints/dict_16_192_64_0p5_0p02_0047_0011.uasset" 6892
"/Engine/EngineMaterials/Substrate/GLints/dict_16_192_64_0p5_0p02_0046_0013" 6893
"/Engine/EngineMaterials/Substrate/GLints/dict_16_192_64_0p5_0p02_0046_0012" 6894
"/Engine/EngineMaterials/Substrate/GLints/dict_16_192_64_0p5_0p02_0046_0011" 6895
"/Engine/EngineMaterials/Substrate/GLints/dict_16_192_64_0p5_0p02_0046_0010" 6896
"/Engine/EngineMaterials/Substrate/GLints/dict_16_192_64_0p5_0p02_0046_0009" 6897
"/Engine/EngineMaterials/Substrate/GLints/dict_16_192_64_0p5_0p02_0046_0008" 6898
"/Engine/EngineMaterials/Substrate/GLints/dict_16_192_64_0p5_0p02_0046_0007" 6899
"/Engine/EngineMaterials/Substrate/GLints/dict_16_192_64_0p5_0p02_0046_0006" 6900
"/Engine/EngineMaterials/Substrate/GLints/dict_16_192_64_0p5_0p02_0046_0005" 6901
"/Engine/EngineMaterials/Substrate/GLints/dict_16_192_64_0p5_0p02_0046_0004" 6902
"/Engine/EngineMaterials/Substrate/GLints/dict_16_192_64_0p5_0p02_0046_0003" 6903
"/Engine/EngineMaterials/Substrate/GLints/dict_16_192_64_0p5_0p02_0046_0002" 6904
"/Engine/EngineMaterials/Substrate/GLints/dict_16_192_64_0p5_0p02_0046_0001" 6905
"../../../Engine/Content/EngineMaterials/Substrate/GLints/dict_16_192_64_0p5_0p02_0048_0001.uasset" 6906
"../../../Engine/Content/EngineMaterials/Substrate/GLints/dict_16_192_64_0p5_0p02_0048_0002.uasset" 6907
"../../../Engine/Content/EngineMaterials/Substrate/GLints/dict_16_192_64_0p5_0p02_0048_0003.uasset" 6908
"../../../Engine/Content/EngineMaterials/Substrate/GLints/dict_16_192_64_0p5_0p02_0048_0007.uasset" 6909
"../../../Engine/Content/EngineMaterials/Substrate/GLints/dict_16_192_64_0p5_0p02_0048_0010.uasset" 6910
"../../../Engine/Content/EngineMaterials/Substrate/GLints/dict_16_192_64_0p5_0p02_0048_0006.uasset" 6911
"../../../Engine/Content/EngineMaterials/Substrate/GLints/dict_16_192_64_0p5_0p02_0048_0011.uasset" 6912
"../../../Engine/Content/EngineMaterials/Substrate/GLints/dict_16_192_64_0p5_0p02_0048_0013.uasset" 6913
"../../../Engine/Content/EngineMaterials/Substrate/GLints/dict_16_192_64_0p5_0p02_0048_0009.uasset" 6914
"../../../Engine/Content/EngineMaterials/Substrate/GLints/dict_16_192_64_0p5_0p02_0048_0012.uasset" 6915
"../../../Engine/Content/EngineMaterials/Substrate/GLints/dict_16_192_64_0p5_0p02_0048_0014.uasset" 6916
"../../../Engine/Content/EngineMaterials/Substrate/GLints/dict_16_192_64_0p5_0p02_0048_0004.uasset" 6917
"../../../Engine/Content/EngineMaterials/Substrate/GLints/dict_16_192_64_0p5_0p02_0048_0008.uasset" 6918
"../../../Engine/Content/EngineMaterials/Substrate/GLints/dict_16_192_64_0p5_0p02_0048_0005.uasset" 6919
"/Engine/EngineMaterials/Substrate/GLints/dict_16_192_64_0p5_0p02_0048_0000" 6920
"/Engine/EngineMaterials/Substrate/GLints/dict_16_192_64_0p5_0p02_0047_0015" 6921
"/Engine/EngineMaterials/Substrate/GLints/dict_16_192_64_0p5_0p02_0047_0014" 6922
"/Engine/EngineMaterials/Substrate/GLints/dict_16_192_64_0p5_0p02_0047_0013" 6923
"/Engine/EngineMaterials/Substrate/GLints/dict_16_192_64_0p5_0p02_0047_0012" 6924
"/Engine/EngineMaterials/Substrate/GLints/dict_16_192_64_0p5_0p02_0047_0011" 6925
"/Engine/EngineMaterials/Substrate/GLints/dict_16_192_64_0p5_0p02_0047_0010" 6926
"/Engine/EngineMaterials/Substrate/GLints/dict_16_192_64_0p5_0p02_0047_0009" 6927
"/Engine/EngineMaterials/Substrate/GLints/dict_16_192_64_0p5_0p02_0047_0008" 6928
"/Engine/EngineMaterials/Substrate/GLints/dict_16_192_64_0p5_0p02_0047_0007" 6929
"/Engine/EngineMaterials/Substrate/GLints/dict_16_192_64_0p5_0p02_0047_0006" 6930
"/Engine/EngineMaterials/Substrate/GLints/dict_16_192_64_0p5_0p02_0047_0005" 6931
"/Engine/EngineMaterials/Substrate/GLints/dict_16_192_64_0p5_0p02_0047_0004" 6932
"/Engine/EngineMaterials/Substrate/GLints/dict_16_192_64_0p5_0p02_0047_0003" 6933
"/Engine/EngineMaterials/Substrate/GLints/dict_16_192_64_0p5_0p02_0047_0002" 6934
"/Engine/EngineMaterials/Substrate/GLints/dict_16_192_64_0p5_0p02_0047_0001" 6935
"/Engine/EngineMaterials/Substrate/GLints/dict_16_192_64_0p5_0p02_0047_0000" 6936
"/Engine/EngineMaterials/Substrate/GLints/dict_16_192_64_0p5_0p02_0046_0015" 6937
"../../../Engine/Content/EngineMaterials/Substrate/GLints/dict_16_192_64_0p5_0p02_0048_0015.uasset" 6938
"../../../Engine/Content/EngineMaterials/Substrate/GLints/dict_16_192_64_0p5_0p02_0049_0001.uasset" 6939
"../../../Engine/Content/EngineMaterials/Substrate/GLints/dict_16_192_64_0p5_0p02_0049_0002.uasset" 6940
"../../../Engine/Content/EngineMaterials/Substrate/GLints/dict_16_192_64_0p5_0p02_0049_0000.uasset" 6941
"../../../Engine/Content/EngineMaterials/Substrate/GLints/dict_16_192_64_0p5_0p02_0049_0004.uasset" 6942
"../../../Engine/Content/EngineMaterials/Substrate/GLints/dict_16_192_64_0p5_0p02_0049_0007.uasset" 6943
"../../../Engine/Content/EngineMaterials/Substrate/GLints/dict_16_192_64_0p5_0p02_0049_0006.uasset" 6944
"../../../Engine/Content/EngineMaterials/Substrate/GLints/dict_16_192_64_0p5_0p02_0049_0012.uasset" 6945
"../../../Engine/Content/EngineMaterials/Substrate/GLints/dict_16_192_64_0p5_0p02_0049_0005.uasset" 6946
"../../../Engine/Content/EngineMaterials/Substrate/GLints/dict_16_192_64_0p5_0p02_0049_0013.uasset" 6947
"../../../Engine/Content/EngineMaterials/Substrate/GLints/dict_16_192_64_0p5_0p02_0049_0011.uasset" 6948
"../../../Engine/Content/EngineMaterials/Substrate/GLints/dict_16_192_64_0p5_0p02_0049_0008.uasset" 6949
"../../../Engine/Content/EngineMaterials/Substrate/GLints/dict_16_192_64_0p5_0p02_0050_0000.uasset" 6950
"../../../Engine/Content/EngineMaterials/Substrate/GLints/dict_16_192_64_0p5_0p02_0049_0003.uasset" 6951
"../../../Engine/Content/EngineMaterials/Substrate/GLints/dict_16_192_64_0p5_0p02_0049_0010.uasset" 6952
"../../../Engine/Content/EngineMaterials/Substrate/GLints/dict_16_192_64_0p5_0p02_0049_0014.uasset" 6953
"/Engine/EngineMaterials/Substrate/GLints/dict_16_192_64_0p5_0p02_0048_0014" 6954
"../../../Engine/Content/EngineMaterials/Substrate/GLints/dict_16_192_64_0p5_0p02_0049_0015.uasset" 6955
"../../../Engine/Content/EngineMaterials/Substrate/GLints/dict_16_192_64_0p5_0p02_0049_0009.uasset" 6956
"/Engine/EngineMaterials/Substrate/GLints/dict_16_192_64_0p5_0p02_0048_0013" 6957
"/Engine/EngineMaterials/Substrate/GLints/dict_16_192_64_0p5_0p02_0048_0012" 6958
"/Engine/EngineMaterials/Substrate/GLints/dict_16_192_64_0p5_0p02_0048_0011" 6959
"/Engine/EngineMaterials/Substrate/GLints/dict_16_192_64_0p5_0p02_0048_0010" 6960
"/Engine/EngineMaterials/Substrate/GLints/dict_16_192_64_0p5_0p02_0048_0009" 6961
"/Engine/EngineMaterials/Substrate/GLints/dict_16_192_64_0p5_0p02_0048_0008" 6962
"/Engine/EngineMaterials/Substrate/GLints/dict_16_192_64_0p5_0p02_0048_0007" 6963
"/Engine/EngineMaterials/Substrate/GLints/dict_16_192_64_0p5_0p02_0048_0006" 6964
"/Engine/EngineMaterials/Substrate/GLints/dict_16_192_64_0p5_0p02_0048_0005" 6965
"/Engine/EngineMaterials/Substrate/GLints/dict_16_192_64_0p5_0p02_0048_0004" 6966
"/Engine/EngineMaterials/Substrate/GLints/dict_16_192_64_0p5_0p02_0048_0003" 6967
"/Engine/EngineMaterials/Substrate/GLints/dict_16_192_64_0p5_0p02_0048_0002" 6968
"/Engine/EngineMaterials/Substrate/GLints/dict_16_192_64_0p5_0p02_0048_0001" 6969
"../../../Engine/Content/EngineMaterials/Substrate/GLints/dict_16_192_64_0p5_0p02_0050_0001.uasset" 6970
"../../../Engine/Content/EngineMaterials/Substrate/GLints/dict_16_192_64_0p5_0p02_0050_0002.uasset" 6971
"../../../Engine/Content/EngineMaterials/Substrate/GLints/dict_16_192_64_0p5_0p02_0050_0003.uasset" 6972
"../../../Engine/Content/EngineMaterials/Substrate/GLints/dict_16_192_64_0p5_0p02_0050_0006.uasset" 6973
"../../../Engine/Content/EngineMaterials/Substrate/GLints/dict_16_192_64_0p5_0p02_0050_0014.uasset" 6974
"../../../Engine/Content/EngineMaterials/Substrate/GLints/dict_16_192_64_0p5_0p02_0050_0013.uasset" 6975
"../../../Engine/Content/EngineMaterials/Substrate/GLints/dict_16_192_64_0p5_0p02_0050_0005.uasset" 6976
"../../../Engine/Content/EngineMaterials/Substrate/GLints/dict_16_192_64_0p5_0p02_0050_0004.uasset" 6977
"../../../Engine/Content/EngineMaterials/Substrate/GLints/dict_16_192_64_0p5_0p02_0050_0008.uasset" 6978
"../../../Engine/Content/EngineMaterials/Substrate/GLints/dict_16_192_64_0p5_0p02_0050_0007.uasset" 6979
"../../../Engine/Content/EngineMaterials/Substrate/GLints/dict_16_192_64_0p5_0p02_0050_0009.uasset" 6980
"/Engine/EngineMaterials/Substrate/GLints/dict_16_192_64_0p5_0p02_0050_0000" 6981
"../../../Engine/Content/EngineMaterials/Substrate/GLints/dict_16_192_64_0p5_0p02_0050_0011.uasset" 6982
"../../../Engine/Content/EngineMaterials/Substrate/GLints/dict_16_192_64_0p5_0p02_0050_0010.uasset" 6983
"../../../Engine/Content/EngineMaterials/Substrate/GLints/dict_16_192_64_0p5_0p02_0050_0012.uasset" 6984
"/Engine/EngineMaterials/Substrate/GLints/dict_16_192_64_0p5_0p02_0049_0015" 6985
"/Engine/EngineMaterials/Substrate/GLints/dict_16_192_64_0p5_0p02_0049_0014" 6986
"/Engine/EngineMaterials/Substrate/GLints/dict_16_192_64_0p5_0p02_0049_0013" 6987
"/Engine/EngineMaterials/Substrate/GLints/dict_16_192_64_0p5_0p02_0049_0012" 6988
"/Engine/EngineMaterials/Substrate/GLints/dict_16_192_64_0p5_0p02_0049_0011" 6989
"/Engine/EngineMaterials/Substrate/GLints/dict_16_192_64_0p5_0p02_0049_0010" 6990
"/Engine/EngineMaterials/Substrate/GLints/dict_16_192_64_0p5_0p02_0049_0009" 6991
"/Engine/EngineMaterials/Substrate/GLints/dict_16_192_64_0p5_0p02_0049_0008" 6992
"/Engine/EngineMaterials/Substrate/GLints/dict_16_192_64_0p5_0p02_0049_0007" 6993
"/Engine/EngineMaterials/Substrate/GLints/dict_16_192_64_0p5_0p02_0049_0006" 6994
"/Engine/EngineMaterials/Substrate/GLints/dict_16_192_64_0p5_0p02_0049_0005" 6995
"/Engine/EngineMaterials/Substrate/GLints/dict_16_192_64_0p5_0p02_0049_0004" 6996
"/Engine/EngineMaterials/Substrate/GLints/dict_16_192_64_0p5_0p02_0049_0003" 6997
"/Engine/EngineMaterials/Substrate/GLints/dict_16_192_64_0p5_0p02_0049_0002" 6998
"/Engine/EngineMaterials/Substrate/GLints/dict_16_192_64_0p5_0p02_0049_0001" 6999
"/Engine/EngineMaterials/Substrate/GLints/dict_16_192_64_0p5_0p02_0049_0000" 7000
"/Engine/EngineMaterials/Substrate/GLints/dict_16_192_64_0p5_0p02_0048_0015" 7001
"../../../Engine/Content/EngineMaterials/Substrate/GLints/dict_16_192_64_0p5_0p02_0051_0001.uasset" 7002
"../../../Engine/Content/EngineMaterials/Substrate/GLints/dict_16_192_64_0p5_0p02_0051_0003.uasset" 7003
"../../../Engine/Content/EngineMaterials/Substrate/GLints/dict_16_192_64_0p5_0p02_0051_0002.uasset" 7004
"../../../Engine/Content/EngineMaterials/Substrate/GLints/dict_16_192_64_0p5_0p02_0050_0015.uasset" 7005
"../../../Engine/Content/EngineMaterials/Substrate/GLints/dict_16_192_64_0p5_0p02_0051_0009.uasset" 7006
"../../../Engine/Content/EngineMaterials/Substrate/GLints/dict_16_192_64_0p5_0p02_0051_0004.uasset" 7007
"../../../Engine/Content/EngineMaterials/Substrate/GLints/dict_16_192_64_0p5_0p02_0051_0010.uasset" 7008
"../../../Engine/Content/EngineMaterials/Substrate/GLints/dict_16_192_64_0p5_0p02_0051_0006.uasset" 7009
"../../../Engine/Content/EngineMaterials/Substrate/GLints/dict_16_192_64_0p5_0p02_0051_0011.uasset" 7010
"../../../Engine/Content/EngineMaterials/Substrate/GLints/dict_16_192_64_0p5_0p02_0052_0000.uasset" 7011
"../../../Engine/Content/EngineMaterials/Substrate/GLints/dict_16_192_64_0p5_0p02_0051_0005.uasset" 7012
"../../../Engine/Content/EngineMaterials/Substrate/GLints/dict_16_192_64_0p5_0p02_0051_0013.uasset" 7013
"../../../Engine/Content/EngineMaterials/Substrate/GLints/dict_16_192_64_0p5_0p02_0051_0015.uasset" 7014
"/Engine/EngineMaterials/Substrate/GLints/dict_16_192_64_0p5_0p02_0050_0014" 7015
"../../../Engine/Content/EngineMaterials/Substrate/GLints/dict_16_192_64_0p5_0p02_0051_0000.uasset" 7016
"../../../Engine/Content/EngineMaterials/Substrate/GLints/dict_16_192_64_0p5_0p02_0051_0012.uasset" 7017
"../../../Engine/Content/EngineMaterials/Substrate/GLints/dict_16_192_64_0p5_0p02_0051_0014.uasset" 7018
"../../../Engine/Content/EngineMaterials/Substrate/GLints/dict_16_192_64_0p5_0p02_0051_0007.uasset" 7019
"../../../Engine/Content/EngineMaterials/Substrate/GLints/dict_16_192_64_0p5_0p02_0051_0008.uasset" 7020
"/Engine/EngineMaterials/Substrate/GLints/dict_16_192_64_0p5_0p02_0050_0013" 7021
"/Engine/EngineMaterials/Substrate/GLints/dict_16_192_64_0p5_0p02_0050_0012" 7022
"/Engine/EngineMaterials/Substrate/GLints/dict_16_192_64_0p5_0p02_0050_0011" 7023
"/Engine/EngineMaterials/Substrate/GLints/dict_16_192_64_0p5_0p02_0050_0010" 7024
"/Engine/EngineMaterials/Substrate/GLints/dict_16_192_64_0p5_0p02_0050_0009" 7025
"/Engine/EngineMaterials/Substrate/GLints/dict_16_192_64_0p5_0p02_0050_0008" 7026
"/Engine/EngineMaterials/Substrate/GLints/dict_16_192_64_0p5_0p02_0050_0007" 7027
"/Engine/EngineMaterials/Substrate/GLints/dict_16_192_64_0p5_0p02_0050_0006" 7028
"/Engine/EngineMaterials/Substrate/GLints/dict_16_192_64_0p5_0p02_0050_0005" 7029
"/Engine/EngineMaterials/Substrate/GLints/dict_16_192_64_0p5_0p02_0050_0004" 7030
"/Engine/EngineMaterials/Substrate/GLints/dict_16_192_64_0p5_0p02_0050_0003" 7031
"/Engine/EngineMaterials/Substrate/GLints/dict_16_192_64_0p5_0p02_0050_0002" 7032
"/Engine/EngineMaterials/Substrate/GLints/dict_16_192_64_0p5_0p02_0050_0001" 7033
"../../../Engine/Content/EngineMaterials/Substrate/GLints/dict_16_192_64_0p5_0p02_0052_0002.uasset" 7034
"../../../Engine/Content/EngineMaterials/Substrate/GLints/dict_16_192_64_0p5_0p02_0052_0001.uasset" 7035
"../../../Engine/Content/EngineMaterials/Substrate/GLints/dict_16_192_64_0p5_0p02_0052_0003.uasset" 7036
"../../../Engine/Content/EngineMaterials/Substrate/GLints/dict_16_192_64_0p5_0p02_0052_0011.uasset" 7037
"../../../Engine/Content/EngineMaterials/Substrate/GLints/dict_16_192_64_0p5_0p02_0052_0004.uasset" 7038
"../../../Engine/Content/EngineMaterials/Substrate/GLints/dict_16_192_64_0p5_0p02_0052_0009.uasset" 7039
"../../../Engine/Content/EngineMaterials/Substrate/GLints/dict_16_192_64_0p5_0p02_0052_0013.uasset" 7040
"/Engine/EngineMaterials/Substrate/GLints/dict_16_192_64_0p5_0p02_0052_0000" 7041
"../../../Engine/Content/EngineMaterials/Substrate/GLints/dict_16_192_64_0p5_0p02_0052_0008.uasset" 7042
"../../../Engine/Content/EngineMaterials/Substrate/GLints/dict_16_192_64_0p5_0p02_0052_0012.uasset" 7043
"../../../Engine/Content/EngineMaterials/Substrate/GLints/dict_16_192_64_0p5_0p02_0052_0007.uasset" 7044
"../../../Engine/Content/EngineMaterials/Substrate/GLints/dict_16_192_64_0p5_0p02_0052_0005.uasset" 7045
"../../../Engine/Content/EngineMaterials/Substrate/GLints/dict_16_192_64_0p5_0p02_0052_0010.uasset" 7046
"../../../Engine/Content/EngineMaterials/Substrate/GLints/dict_16_192_64_0p5_0p02_0052_0014.uasset" 7047
"../../../Engine/Content/EngineMaterials/Substrate/GLints/dict_16_192_64_0p5_0p02_0052_0006.uasset" 7048
"/Engine/EngineMaterials/Substrate/GLints/dict_16_192_64_0p5_0p02_0051_0015" 7049
"/Engine/EngineMaterials/Substrate/GLints/dict_16_192_64_0p5_0p02_0051_0014" 7050
"/Engine/EngineMaterials/Substrate/GLints/dict_16_192_64_0p5_0p02_0051_0013" 7051
"/Engine/EngineMaterials/Substrate/GLints/dict_16_192_64_0p5_0p02_0051_0012" 7052
"/Engine/EngineMaterials/Substrate/GLints/dict_16_192_64_0p5_0p02_0051_0011" 7053
"/Engine/EngineMaterials/Substrate/GLints/dict_16_192_64_0p5_0p02_0051_0010" 7054
"/Engine/EngineMaterials/Substrate/GLints/dict_16_192_64_0p5_0p02_0051_0009" 7055
"/Engine/EngineMaterials/Substrate/GLints/dict_16_192_64_0p5_0p02_0051_0008" 7056
"/Engine/EngineMaterials/Substrate/GLints/dict_16_192_64_0p5_0p02_0051_0007" 7057
"/Engine/EngineMaterials/Substrate/GLints/dict_16_192_64_0p5_0p02_0051_0006" 7058
"/Engine/EngineMaterials/Substrate/GLints/dict_16_192_64_0p5_0p02_0051_0005" 7059
"/Engine/EngineMaterials/Substrate/GLints/dict_16_192_64_0p5_0p02_0051_0004" 7060
"/Engine/EngineMaterials/Substrate/GLints/dict_16_192_64_0p5_0p02_0051_0003" 7061
"/Engine/EngineMaterials/Substrate/GLints/dict_16_192_64_0p5_0p02_0051_0002" 7062
"/Engine/EngineMaterials/Substrate/GLints/dict_16_192_64_0p5_0p02_0051_0001" 7063
"/Engine/EngineMaterials/Substrate/GLints/dict_16_192_64_0p5_0p02_0051_0000" 7064
"/Engine/EngineMaterials/Substrate/GLints/dict_16_192_64_0p5_0p02_0050_0015" 7065
"../../../Engine/Content/EngineMaterials/Substrate/GLints/dict_16_192_64_0p5_0p02_0053_0000.uasset" 7066
"../../../Engine/Content/EngineMaterials/Substrate/GLints/dict_16_192_64_0p5_0p02_0053_0001.uasset" 7067
"../../../Engine/Content/EngineMaterials/Substrate/GLints/dict_16_192_64_0p5_0p02_0053_0003.uasset" 7068
"../../../Engine/Content/EngineMaterials/Substrate/GLints/dict_16_192_64_0p5_0p02_0053_0007.uasset" 7069
"../../../Engine/Content/EngineMaterials/Substrate/GLints/dict_16_192_64_0p5_0p02_0053_0009.uasset" 7070
"../../../Engine/Content/EngineMaterials/Substrate/GLints/dict_16_192_64_0p5_0p02_0053_0004.uasset" 7071
"../../../Engine/Content/EngineMaterials/Substrate/GLints/dict_16_192_64_0p5_0p02_0053_0006.uasset" 7072
"../../../Engine/Content/EngineMaterials/Substrate/GLints/dict_16_192_64_0p5_0p02_0053_0013.uasset" 7073
"../../../Engine/Content/EngineMaterials/Substrate/GLints/dict_16_192_64_0p5_0p02_0053_0005.uasset" 7074
"../../../Engine/Content/EngineMaterials/Substrate/GLints/dict_16_192_64_0p5_0p02_0053_0015.uasset" 7075
"../../../Engine/Content/EngineMaterials/Substrate/GLints/dict_16_192_64_0p5_0p02_0053_0010.uasset" 7076
"../../../Engine/Content/EngineMaterials/Substrate/GLints/dict_16_192_64_0p5_0p02_0053_0002.uasset" 7077
"/Engine/EngineMaterials/Substrate/GLints/dict_16_192_64_0p5_0p02_0052_0014" 7078
"../../../Engine/Content/EngineMaterials/Substrate/GLints/dict_16_192_64_0p5_0p02_0052_0015.uasset" 7079
"../../../Engine/Content/EngineMaterials/Substrate/GLints/dict_16_192_64_0p5_0p02_0053_0012.uasset" 7080
"../../../Engine/Content/EngineMaterials/Substrate/GLints/dict_16_192_64_0p5_0p02_0053_0008.uasset" 7081
"../../../Engine/Content/EngineMaterials/Substrate/GLints/dict_16_192_64_0p5_0p02_0053_0014.uasset" 7082
"../../../Engine/Content/EngineMaterials/Substrate/GLints/dict_16_192_64_0p5_0p02_0054_0000.uasset" 7083
"../../../Engine/Content/EngineMaterials/Substrate/GLints/dict_16_192_64_0p5_0p02_0053_0011.uasset" 7084
"/Engine/EngineMaterials/Substrate/GLints/dict_16_192_64_0p5_0p02_0052_0013" 7085
"/Engine/EngineMaterials/Substrate/GLints/dict_16_192_64_0p5_0p02_0052_0012" 7086
"/Engine/EngineMaterials/Substrate/GLints/dict_16_192_64_0p5_0p02_0052_0011" 7087
"/Engine/EngineMaterials/Substrate/GLints/dict_16_192_64_0p5_0p02_0052_0010" 7088
"/Engine/EngineMaterials/Substrate/GLints/dict_16_192_64_0p5_0p02_0052_0009" 7089
"/Engine/EngineMaterials/Substrate/GLints/dict_16_192_64_0p5_0p02_0052_0008" 7090
"/Engine/EngineMaterials/Substrate/GLints/dict_16_192_64_0p5_0p02_0052_0007" 7091
"/Engine/EngineMaterials/Substrate/GLints/dict_16_192_64_0p5_0p02_0052_0006" 7092
"/Engine/EngineMaterials/Substrate/GLints/dict_16_192_64_0p5_0p02_0052_0005" 7093
"/Engine/EngineMaterials/Substrate/GLints/dict_16_192_64_0p5_0p02_0052_0004" 7094
"/Engine/EngineMaterials/Substrate/GLints/dict_16_192_64_0p5_0p02_0052_0003" 7095
"/Engine/EngineMaterials/Substrate/GLints/dict_16_192_64_0p5_0p02_0052_0002" 7096
"/Engine/EngineMaterials/Substrate/GLints/dict_16_192_64_0p5_0p02_0052_0001" 7097
"../../../Engine/Content/EngineMaterials/Substrate/GLints/dict_16_192_64_0p5_0p02_0054_0002.uasset" 7098
"../../../Engine/Content/EngineMaterials/Substrate/GLints/dict_16_192_64_0p5_0p02_0054_0001.uasset" 7099
"../../../Engine/Content/EngineMaterials/Substrate/GLints/dict_16_192_64_0p5_0p02_0054_0011.uasset" 7100
"../../../Engine/Content/EngineMaterials/Substrate/GLints/dict_16_192_64_0p5_0p02_0054_0003.uasset" 7101
"../../../Engine/Content/EngineMaterials/Substrate/GLints/dict_16_192_64_0p5_0p02_0054_0005.uasset" 7102
"../../../Engine/Content/EngineMaterials/Substrate/GLints/dict_16_192_64_0p5_0p02_0054_0007.uasset" 7103
"../../../Engine/Content/EngineMaterials/Substrate/GLints/dict_16_192_64_0p5_0p02_0054_0012.uasset" 7104
"../../../Engine/Content/EngineMaterials/Substrate/GLints/dict_16_192_64_0p5_0p02_0054_0014.uasset" 7105
"/Engine/EngineMaterials/Substrate/GLints/dict_16_192_64_0p5_0p02_0054_0000" 7106
"../../../Engine/Content/EngineMaterials/Substrate/GLints/dict_16_192_64_0p5_0p02_0054_0010.uasset" 7107
"../../../Engine/Content/EngineMaterials/Substrate/GLints/dict_16_192_64_0p5_0p02_0054_0006.uasset" 7108
"../../../Engine/Content/EngineMaterials/Substrate/GLints/dict_16_192_64_0p5_0p02_0054_0013.uasset" 7109
"../../../Engine/Content/EngineMaterials/Substrate/GLints/dict_16_192_64_0p5_0p02_0054_0008.uasset" 7110
"../../../Engine/Content/EngineMaterials/Substrate/GLints/dict_16_192_64_0p5_0p02_0054_0009.uasset" 7111
"../../../Engine/Content/EngineMaterials/Substrate/GLints/dict_16_192_64_0p5_0p02_0054_0004.uasset" 7112
"/Engine/EngineMaterials/Substrate/GLints/dict_16_192_64_0p5_0p02_0053_0015" 7113
"/Engine/EngineMaterials/Substrate/GLints/dict_16_192_64_0p5_0p02_0053_0014" 7114
"/Engine/EngineMaterials/Substrate/GLints/dict_16_192_64_0p5_0p02_0053_0013" 7115
"/Engine/EngineMaterials/Substrate/GLints/dict_16_192_64_0p5_0p02_0053_0012" 7116
"/Engine/EngineMaterials/Substrate/GLints/dict_16_192_64_0p5_0p02_0053_0011" 7117
"/Engine/EngineMaterials/Substrate/GLints/dict_16_192_64_0p5_0p02_0053_0010" 7118
"/Engine/EngineMaterials/Substrate/GLints/dict_16_192_64_0p5_0p02_0053_0009" 7119
"/Engine/EngineMaterials/Substrate/GLints/dict_16_192_64_0p5_0p02_0053_0008" 7120
"/Engine/EngineMaterials/Substrate/GLints/dict_16_192_64_0p5_0p02_0053_0007" 7121
"/Engine/EngineMaterials/Substrate/GLints/dict_16_192_64_0p5_0p02_0053_0006" 7122
"/Engine/EngineMaterials/Substrate/GLints/dict_16_192_64_0p5_0p02_0053_0005" 7123
"/Engine/EngineMaterials/Substrate/GLints/dict_16_192_64_0p5_0p02_0053_0004" 7124
"/Engine/EngineMaterials/Substrate/GLints/dict_16_192_64_0p5_0p02_0053_0003" 7125
"/Engine/EngineMaterials/Substrate/GLints/dict_16_192_64_0p5_0p02_0053_0002" 7126
"/Engine/EngineMaterials/Substrate/GLints/dict_16_192_64_0p5_0p02_0053_0001" 7127
"/Engine/EngineMaterials/Substrate/GLints/dict_16_192_64_0p5_0p02_0053_0000" 7128
"/Engine/EngineMaterials/Substrate/GLints/dict_16_192_64_0p5_0p02_0052_0015" 7129
"../../../Engine/Content/EngineMaterials/Substrate/GLints/dict_16_192_64_0p5_0p02_0055_0001.uasset" 7130
"../../../Engine/Content/EngineMaterials/Substrate/GLints/dict_16_192_64_0p5_0p02_0055_0004.uasset" 7131
"../../../Engine/Content/EngineMaterials/Substrate/GLints/dict_16_192_64_0p5_0p02_0055_0005.uasset" 7132
"../../../Engine/Content/EngineMaterials/Substrate/GLints/dict_16_192_64_0p5_0p02_0055_0002.uasset" 7133
"../../../Engine/Content/EngineMaterials/Substrate/GLints/dict_16_192_64_0p5_0p02_0054_0015.uasset" 7134
"../../../Engine/Content/EngineMaterials/Substrate/GLints/dict_16_192_64_0p5_0p02_0055_0003.uasset" 7135
"../../../Engine/Content/EngineMaterials/Substrate/GLints/dict_16_192_64_0p5_0p02_0055_0013.uasset" 7136
"../../../Engine/Content/EngineMaterials/Substrate/GLints/dict_16_192_64_0p5_0p02_0055_0014.uasset" 7137
"../../../Engine/Content/EngineMaterials/Substrate/GLints/dict_16_192_64_0p5_0p02_0055_0000.uasset" 7138
"../../../Engine/Content/EngineMaterials/Substrate/GLints/dict_16_192_64_0p5_0p02_0055_0015.uasset" 7139
"../../../Engine/Content/EngineMaterials/Substrate/GLints/dict_16_192_64_0p5_0p02_0055_0011.uasset" 7140
"../../../Engine/Content/EngineMaterials/Substrate/GLints/dict_16_192_64_0p5_0p02_0056_0000.uasset" 7141
"../../../Engine/Content/EngineMaterials/Substrate/GLints/dict_16_192_64_0p5_0p02_0055_0008.uasset" 7142
"/Engine/EngineMaterials/Substrate/GLints/dict_16_192_64_0p5_0p02_0054_0014" 7143
"../../../Engine/Content/EngineMaterials/Substrate/GLints/dict_16_192_64_0p5_0p02_0055_0010.uasset" 7144
"../../../Engine/Content/EngineMaterials/Substrate/GLints/dict_16_192_64_0p5_0p02_0055_0007.uasset" 7145
"../../../Engine/Content/EngineMaterials/Substrate/GLints/dict_16_192_64_0p5_0p02_0055_0006.uasset" 7146
"../../../Engine/Content/EngineMaterials/Substrate/GLints/dict_16_192_64_0p5_0p02_0055_0009.uasset" 7147
"../../../Engine/Content/EngineMaterials/Substrate/GLints/dict_16_192_64_0p5_0p02_0055_0012.uasset" 7148
"/Engine/EngineMaterials/Substrate/GLints/dict_16_192_64_0p5_0p02_0054_0013" 7149
"/Engine/EngineMaterials/Substrate/GLints/dict_16_192_64_0p5_0p02_0054_0012" 7150
"/Engine/EngineMaterials/Substrate/GLints/dict_16_192_64_0p5_0p02_0054_0011" 7151
"/Engine/EngineMaterials/Substrate/GLints/dict_16_192_64_0p5_0p02_0054_0010" 7152
"/Engine/EngineMaterials/Substrate/GLints/dict_16_192_64_0p5_0p02_0055_0001" 7153
"/Engine/EngineMaterials/Substrate/GLints/dict_16_192_64_0p5_0p02_0054_0009" 7154
"/Engine/EngineMaterials/Substrate/GLints/dict_16_192_64_0p5_0p02_0054_0008" 7155
"/Engine/EngineMaterials/Substrate/GLints/dict_16_192_64_0p5_0p02_0054_0007" 7156
"/Engine/EngineMaterials/Substrate/GLints/dict_16_192_64_0p5_0p02_0054_0006" 7157
"/Engine/EngineMaterials/Substrate/GLints/dict_16_192_64_0p5_0p02_0054_0005" 7158
"/Engine/EngineMaterials/Substrate/GLints/dict_16_192_64_0p5_0p02_0054_0004" 7159
"/Engine/EngineMaterials/Substrate/GLints/dict_16_192_64_0p5_0p02_0054_0003" 7160
"/Engine/EngineMaterials/Substrate/GLints/dict_16_192_64_0p5_0p02_0054_0002" 7161
"/Engine/EngineMaterials/Substrate/GLints/dict_16_192_64_0p5_0p02_0054_0001" 7162
"../../../Engine/Content/EngineMaterials/Substrate/GLints/dict_16_192_64_0p5_0p02_0056_0002.uasset" 7163
"../../../Engine/Content/EngineMaterials/Substrate/GLints/dict_16_192_64_0p5_0p02_0056_0004.uasset" 7164
"../../../Engine/Content/EngineMaterials/Substrate/GLints/dict_16_192_64_0p5_0p02_0056_0001.uasset" 7165
"../../../Engine/Content/EngineMaterials/Substrate/GLints/dict_16_192_64_0p5_0p02_0056_0012.uasset" 7166
"../../../Engine/Content/EngineMaterials/Substrate/GLints/dict_16_192_64_0p5_0p02_0056_0005.uasset" 7167
"../../../Engine/Content/EngineMaterials/Substrate/GLints/dict_16_192_64_0p5_0p02_0056_0006.uasset" 7168
"../../../Engine/Content/EngineMaterials/Substrate/GLints/dict_16_192_64_0p5_0p02_0056_0013.uasset" 7169
"../../../Engine/Content/EngineMaterials/Substrate/GLints/dict_16_192_64_0p5_0p02_0056_0010.uasset" 7170
"../../../Engine/Content/EngineMaterials/Substrate/GLints/dict_16_192_64_0p5_0p02_0056_0011.uasset" 7171
"/Engine/EngineMaterials/Substrate/GLints/dict_16_192_64_0p5_0p02_0056_0000" 7172
"../../../Engine/Content/EngineMaterials/Substrate/GLints/dict_16_192_64_0p5_0p02_0056_0008.uasset" 7173
"../../../Engine/Content/EngineMaterials/Substrate/GLints/dict_16_192_64_0p5_0p02_0056_0014.uasset" 7174
"../../../Engine/Content/EngineMaterials/Substrate/GLints/dict_16_192_64_0p5_0p02_0056_0007.uasset" 7175
"../../../Engine/Content/EngineMaterials/Substrate/GLints/dict_16_192_64_0p5_0p02_0056_0015.uasset" 7176
"../../../Engine/Content/EngineMaterials/Substrate/GLints/dict_16_192_64_0p5_0p02_0056_0009.uasset" 7177
"../../../Engine/Content/EngineMaterials/Substrate/GLints/dict_16_192_64_0p5_0p02_0056_0003.uasset" 7178
"/Engine/EngineMaterials/Substrate/GLints/dict_16_192_64_0p5_0p02_0055_0015" 7179
"/Engine/EngineMaterials/Substrate/GLints/dict_16_192_64_0p5_0p02_0055_0014" 7180
"/Engine/EngineMaterials/Substrate/GLints/dict_16_192_64_0p5_0p02_0055_0013" 7181
"/Engine/EngineMaterials/Substrate/GLints/dict_16_192_64_0p5_0p02_0055_0012" 7182
"/Engine/EngineMaterials/Substrate/GLints/dict_16_192_64_0p5_0p02_0055_0011" 7183
"/Engine/EngineMaterials/Substrate/GLints/dict_16_192_64_0p5_0p02_0055_0010" 7184
"/Engine/EngineMaterials/Substrate/GLints/dict_16_192_64_0p5_0p02_0055_0009" 7185
"/Engine/EngineMaterials/Substrate/GLints/dict_16_192_64_0p5_0p02_0055_0008" 7186
"/Engine/EngineMaterials/Substrate/GLints/dict_16_192_64_0p5_0p02_0055_0007" 7187
"/Engine/EngineMaterials/Substrate/GLints/dict_16_192_64_0p5_0p02_0055_0006" 7188
"/Engine/EngineMaterials/Substrate/GLints/dict_16_192_64_0p5_0p02_0055_0005" 7189
"/Engine/EngineMaterials/Substrate/GLints/dict_16_192_64_0p5_0p02_0055_0004" 7190
"/Engine/EngineMaterials/Substrate/GLints/dict_16_192_64_0p5_0p02_0055_0003" 7191
"/Engine/EngineMaterials/Substrate/GLints/dict_16_192_64_0p5_0p02_0055_0002" 7192
"/Engine/EngineMaterials/Substrate/GLints/dict_16_192_64_0p5_0p02_0055_0000" 7193
"/Engine/EngineMaterials/Substrate/GLints/dict_16_192_64_0p5_0p02_0054_0015" 7194
"../../../Engine/Content/EngineMaterials/Substrate/GLints/dict_16_192_64_0p5_0p02_0057_0003.uasset" 7195
"../../../Engine/Content/EngineMaterials/Substrate/GLints/dict_16_192_64_0p5_0p02_0057_0006.uasset" 7196
"../../../Engine/Content/EngineMaterials/Substrate/GLints/dict_16_192_64_0p5_0p02_0057_0001.uasset" 7197
"../../../Engine/Content/EngineMaterials/Substrate/GLints/dict_16_192_64_0p5_0p02_0057_0000.uasset" 7198
"../../../Engine/Content/EngineMaterials/Substrate/GLints/dict_16_192_64_0p5_0p02_0057_0013.uasset" 7199
"../../../Engine/Content/EngineMaterials/Substrate/GLints/dict_16_192_64_0p5_0p02_0057_0005.uasset" 7200
"../../../Engine/Content/EngineMaterials/Substrate/GLints/dict_16_192_64_0p5_0p02_0057_0009.uasset" 7201
"../../../Engine/Content/EngineMaterials/Substrate/GLints/dict_16_192_64_0p5_0p02_0057_0012.uasset" 7202
"../../../Engine/Content/EngineMaterials/Substrate/GLints/dict_16_192_64_0p5_0p02_0057_0002.uasset" 7203
"../../../Engine/Content/EngineMaterials/Substrate/GLints/dict_16_192_64_0p5_0p02_0057_0004.uasset" 7204
"../../../Engine/Content/EngineMaterials/Substrate/GLints/dict_16_192_64_0p5_0p02_0057_0007.uasset" 7205
"../../../Engine/Content/EngineMaterials/Substrate/GLints/dict_16_192_64_0p5_0p02_0058_0000.uasset" 7206
"/Engine/EngineMaterials/Substrate/GLints/dict_16_192_64_0p5_0p02_0056_0015" 7207
"../../../Engine/Content/EngineMaterials/Substrate/GLints/dict_16_192_64_0p5_0p02_0057_0008.uasset" 7208
"../../../Engine/Content/EngineMaterials/Substrate/GLints/dict_16_192_64_0p5_0p02_0057_0015.uasset" 7209
"../../../Engine/Content/EngineMaterials/Substrate/GLints/dict_16_192_64_0p5_0p02_0057_0011.uasset" 7210
"../../../Engine/Content/EngineMaterials/Substrate/GLints/dict_16_192_64_0p5_0p02_0057_0014.uasset" 7211
"../../../Engine/Content/EngineMaterials/Substrate/GLints/dict_16_192_64_0p5_0p02_0057_0010.uasset" 7212
"/Engine/EngineMaterials/Substrate/GLints/dict_16_192_64_0p5_0p02_0056_0014" 7213
"/Engine/EngineMaterials/Substrate/GLints/dict_16_192_64_0p5_0p02_0056_0013" 7214
"/Engine/EngineMaterials/Substrate/GLints/dict_16_192_64_0p5_0p02_0056_0012" 7215
"/Engine/EngineMaterials/Substrate/GLints/dict_16_192_64_0p5_0p02_0056_0011" 7216
"/Engine/EngineMaterials/Substrate/GLints/dict_16_192_64_0p5_0p02_0056_0010" 7217
"/Engine/EngineMaterials/Substrate/GLints/dict_16_192_64_0p5_0p02_0056_0009" 7218
"/Engine/EngineMaterials/Substrate/GLints/dict_16_192_64_0p5_0p02_0056_0008" 7219
"/Engine/EngineMaterials/Substrate/GLints/dict_16_192_64_0p5_0p02_0056_0007" 7220
"/Engine/EngineMaterials/Substrate/GLints/dict_16_192_64_0p5_0p02_0056_0006" 7221
"/Engine/EngineMaterials/Substrate/GLints/dict_16_192_64_0p5_0p02_0056_0005" 7222
"/Engine/EngineMaterials/Substrate/GLints/dict_16_192_64_0p5_0p02_0056_0004" 7223
"/Engine/EngineMaterials/Substrate/GLints/dict_16_192_64_0p5_0p02_0056_0003" 7224
"/Engine/EngineMaterials/Substrate/GLints/dict_16_192_64_0p5_0p02_0056_0002" 7225
"/Engine/EngineMaterials/Substrate/GLints/dict_16_192_64_0p5_0p02_0056_0001" 7226
"../../../Engine/Content/EngineMaterials/Substrate/GLints/dict_16_192_64_0p5_0p02_0058_0002.uasset" 7227
"../../../Engine/Content/EngineMaterials/Substrate/GLints/dict_16_192_64_0p5_0p02_0058_0005.uasset" 7228
"../../../Engine/Content/EngineMaterials/Substrate/GLints/dict_16_192_64_0p5_0p02_0058_0007.uasset" 7229
"../../../Engine/Content/EngineMaterials/Substrate/GLints/dict_16_192_64_0p5_0p02_0058_0001.uasset" 7230
"../../../Engine/Content/EngineMaterials/Substrate/GLints/dict_16_192_64_0p5_0p02_0058_0014.uasset" 7231
"../../../Engine/Content/EngineMaterials/Substrate/GLints/dict_16_192_64_0p5_0p02_0058_0006.uasset" 7232
"../../../Engine/Content/EngineMaterials/Substrate/GLints/dict_16_192_64_0p5_0p02_0058_0004.uasset" 7233
"../../../Engine/Content/EngineMaterials/Substrate/GLints/dict_16_192_64_0p5_0p02_0058_0015.uasset" 7234
"../../../Engine/Content/EngineMaterials/Substrate/GLints/dict_16_192_64_0p5_0p02_0058_0008.uasset" 7235
"../../../Engine/Content/EngineMaterials/Substrate/GLints/dict_16_192_64_0p5_0p02_0058_0012.uasset" 7236
"/Engine/EngineMaterials/Substrate/GLints/dict_16_192_64_0p5_0p02_0058_0000" 7237
"../../../Engine/Content/EngineMaterials/Substrate/GLints/dict_16_192_64_0p5_0p02_0058_0011.uasset" 7238
"../../../Engine/Content/EngineMaterials/Substrate/GLints/dict_16_192_64_0p5_0p02_0058_0009.uasset" 7239
"../../../Engine/Content/EngineMaterials/Substrate/GLints/dict_16_192_64_0p5_0p02_0058_0013.uasset" 7240
"../../../Engine/Content/EngineMaterials/Substrate/GLints/dict_16_192_64_0p5_0p02_0058_0010.uasset" 7241
"../../../Engine/Content/EngineMaterials/Substrate/GLints/dict_16_192_64_0p5_0p02_0058_0003.uasset" 7242
"/Engine/EngineMaterials/Substrate/GLints/dict_16_192_64_0p5_0p02_0057_0015" 7243
"/Engine/EngineMaterials/Substrate/GLints/dict_16_192_64_0p5_0p02_0057_0014" 7244
"/Engine/EngineMaterials/Substrate/GLints/dict_16_192_64_0p5_0p02_0057_0013" 7245
"/Engine/EngineMaterials/Substrate/GLints/dict_16_192_64_0p5_0p02_0057_0012" 7246
"/Engine/EngineMaterials/Substrate/GLints/dict_16_192_64_0p5_0p02_0057_0011" 7247
"/Engine/EngineMaterials/Substrate/GLints/dict_16_192_64_0p5_0p02_0057_0010" 7248
"/Engine/EngineMaterials/Substrate/GLints/dict_16_192_64_0p5_0p02_0057_0009" 7249
"/Engine/EngineMaterials/Substrate/GLints/dict_16_192_64_0p5_0p02_0057_0008" 7250
"/Engine/EngineMaterials/Substrate/GLints/dict_16_192_64_0p5_0p02_0057_0007" 7251
"/Engine/EngineMaterials/Substrate/GLints/dict_16_192_64_0p5_0p02_0057_0006" 7252
"/Engine/EngineMaterials/Substrate/GLints/dict_16_192_64_0p5_0p02_0057_0005" 7253
"/Engine/EngineMaterials/Substrate/GLints/dict_16_192_64_0p5_0p02_0057_0004" 7254
"/Engine/EngineMaterials/Substrate/GLints/dict_16_192_64_0p5_0p02_0057_0003" 7255
"/Engine/EngineMaterials/Substrate/GLints/dict_16_192_64_0p5_0p02_0057_0002" 7256
"/Engine/EngineMaterials/Substrate/GLints/dict_16_192_64_0p5_0p02_0057_0001" 7257
"/Engine/EngineMaterials/Substrate/GLints/dict_16_192_64_0p5_0p02_0057_0000" 7258
"/Engine/EngineMaterials/Substrate/GLints/dict_16_192_64_0p5_0p02_0058_0007" 7259
"/Engine/EngineMaterials/Substrate/GLints/dict_16_192_64_0p5_0p02_0058_0005" 7260
"/Engine/EngineMaterials/Substrate/GLints/dict_16_192_64_0p5_0p02_0058_0002" 7261
"/Engine/EngineMaterials/Substrate/GLints/dict_16_192_64_0p5_0p02_0058_0015" 7262
"../../../Engine/Content/EngineMaterials/Substrate/GLints/dict_16_192_64_0p5_0p02_0059_0000.uasset" 7263
"../../../Engine/Content/EngineMaterials/Substrate/GLints/dict_16_192_64_0p5_0p02_0059_0001.uasset" 7264
"../../../Engine/Content/EngineMaterials/Substrate/GLints/dict_16_192_64_0p5_0p02_0059_0004.uasset" 7265
"../../../Engine/Content/EngineMaterials/Substrate/GLints/dict_16_192_64_0p5_0p02_0059_0006.uasset" 7266
"../../../Engine/Content/EngineMaterials/Substrate/GLints/dict_16_192_64_0p5_0p02_0059_0012.uasset" 7267
"../../../Engine/Content/EngineMaterials/Substrate/GLints/dict_16_192_64_0p5_0p02_0059_0008.uasset" 7268
"../../../Engine/Content/EngineMaterials/Substrate/GLints/dict_16_192_64_0p5_0p02_0059_0015.uasset" 7269
"../../../Engine/Content/EngineMaterials/Substrate/GLints/dict_16_192_64_0p5_0p02_0059_0007.uasset" 7270
"../../../Engine/Content/EngineMaterials/Substrate/GLints/dict_16_192_64_0p5_0p02_0059_0011.uasset" 7271
"../../../Engine/Content/EngineMaterials/Substrate/GLints/dict_16_192_64_0p5_0p02_0059_0013.uasset" 7272
"../../../Engine/Content/EngineMaterials/Substrate/GLints/dict_16_192_64_0p5_0p02_0059_0003.uasset" 7273
"../../../Engine/Content/EngineMaterials/Substrate/GLints/dict_16_192_64_0p5_0p02_0059_0002.uasset" 7274
"../../../Engine/Content/EngineMaterials/Substrate/GLints/dict_16_192_64_0p5_0p02_0059_0009.uasset" 7275
"../../../Engine/Content/EngineMaterials/Substrate/GLints/dict_16_192_64_0p5_0p02_0060_0002.uasset" 7276
"../../../Engine/Content/EngineMaterials/Substrate/GLints/dict_16_192_64_0p5_0p02_0060_0003.uasset" 7277
"../../../Engine/Content/EngineMaterials/Substrate/GLints/dict_16_192_64_0p5_0p02_0059_0014.uasset" 7278
"../../../Engine/Content/EngineMaterials/Substrate/GLints/dict_16_192_64_0p5_0p02_0060_0000.uasset" 7279
"../../../Engine/Content/EngineMaterials/Substrate/GLints/dict_16_192_64_0p5_0p02_0060_0001.uasset" 7280
"../../../Engine/Content/EngineMaterials/Substrate/GLints/dict_16_192_64_0p5_0p02_0059_0010.uasset" 7281
"../../../Engine/Content/EngineMaterials/Substrate/GLints/dict_16_192_64_0p5_0p02_0059_0005.uasset" 7282
"/Engine/EngineMaterials/Substrate/GLints/dict_16_192_64_0p5_0p02_0058_0014" 7283
"/Engine/EngineMaterials/Substrate/GLints/dict_16_192_64_0p5_0p02_0058_0013" 7284
"/Engine/EngineMaterials/Substrate/GLints/dict_16_192_64_0p5_0p02_0058_0012" 7285
"/Engine/EngineMaterials/Substrate/GLints/dict_16_192_64_0p5_0p02_0058_0011" 7286
"/Engine/EngineMaterials/Substrate/GLints/dict_16_192_64_0p5_0p02_0058_0010" 7287
"/Engine/EngineMaterials/Substrate/GLints/dict_16_192_64_0p5_0p02_0058_0009" 7288
"/Engine/EngineMaterials/Substrate/GLints/dict_16_192_64_0p5_0p02_0058_0008" 7289
"/Engine/EngineMaterials/Substrate/GLints/dict_16_192_64_0p5_0p02_0058_0006" 7290
"/Engine/EngineMaterials/Substrate/GLints/dict_16_192_64_0p5_0p02_0058_0004" 7291
"/Engine/EngineMaterials/Substrate/GLints/dict_16_192_64_0p5_0p02_0058_0003" 7292
"/Engine/EngineMaterials/Substrate/GLints/dict_16_192_64_0p5_0p02_0058_0001" 7293
"../../../Engine/Content/EngineMaterials/Substrate/GLints/dict_16_192_64_0p5_0p02_0060_0006.uasset" 7294
"../../../Engine/Content/EngineMaterials/Substrate/GLints/dict_16_192_64_0p5_0p02_0060_0012.uasset" 7295
"../../../Engine/Content/EngineMaterials/Substrate/GLints/dict_16_192_64_0p5_0p02_0060_0004.uasset" 7296
"../../../Engine/Content/EngineMaterials/Substrate/GLints/dict_16_192_64_0p5_0p02_0060_0010.uasset" 7297
"../../../Engine/Content/EngineMaterials/Substrate/GLints/dict_16_192_64_0p5_0p02_0060_0014.uasset" 7298
"../../../Engine/Content/EngineMaterials/Substrate/GLints/dict_16_192_64_0p5_0p02_0060_0015.uasset" 7299
"../../../Engine/Content/EngineMaterials/Substrate/GLints/dict_16_192_64_0p5_0p02_0060_0011.uasset" 7300
"../../../Engine/Content/EngineMaterials/Substrate/GLints/dict_16_192_64_0p5_0p02_0060_0009.uasset" 7301
"../../../Engine/Content/EngineMaterials/Substrate/GLints/dict_16_192_64_0p5_0p02_0060_0005.uasset" 7302
"/Engine/EngineMaterials/Substrate/GLints/dict_16_192_64_0p5_0p02_0060_0003" 7303
"../../../Engine/Content/EngineMaterials/Substrate/GLints/dict_16_192_64_0p5_0p02_0060_0013.uasset" 7304
"../../../Engine/Content/EngineMaterials/Substrate/GLints/dict_16_192_64_0p5_0p02_0060_0007.uasset" 7305
"../../../Engine/Content/EngineMaterials/Substrate/GLints/dict_16_192_64_0p5_0p02_0060_0008.uasset" 7306
"/Engine/EngineMaterials/Substrate/GLints/dict_16_192_64_0p5_0p02_0060_0002" 7307
"/Engine/EngineMaterials/Substrate/GLints/dict_16_192_64_0p5_0p02_0060_0001" 7308
"/Engine/EngineMaterials/Substrate/GLints/dict_16_192_64_0p5_0p02_0060_0000" 7309
"/Engine/EngineMaterials/Substrate/GLints/dict_16_192_64_0p5_0p02_0059_0015" 7310
"/Engine/EngineMaterials/Substrate/GLints/dict_16_192_64_0p5_0p02_0059_0014" 7311
"/Engine/EngineMaterials/Substrate/GLints/dict_16_192_64_0p5_0p02_0059_0013" 7312
"/Engine/EngineMaterials/Substrate/GLints/dict_16_192_64_0p5_0p02_0059_0012" 7313
"/Engine/EngineMaterials/Substrate/GLints/dict_16_192_64_0p5_0p02_0059_0011" 7314
"/Engine/EngineMaterials/Substrate/GLints/dict_16_192_64_0p5_0p02_0059_0010" 7315
"/Engine/EngineMaterials/Substrate/GLints/dict_16_192_64_0p5_0p02_0059_0009" 7316
"/Engine/EngineMaterials/Substrate/GLints/dict_16_192_64_0p5_0p02_0059_0008" 7317
"/Engine/EngineMaterials/Substrate/GLints/dict_16_192_64_0p5_0p02_0059_0007" 7318
"/Engine/EngineMaterials/Substrate/GLints/dict_16_192_64_0p5_0p02_0059_0006" 7319
"/Engine/EngineMaterials/Substrate/GLints/dict_16_192_64_0p5_0p02_0059_0005" 7320
"/Engine/EngineMaterials/Substrate/GLints/dict_16_192_64_0p5_0p02_0059_0004" 7321
"/Engine/EngineMaterials/Substrate/GLints/dict_16_192_64_0p5_0p02_0059_0003" 7322
"/Engine/EngineMaterials/Substrate/GLints/dict_16_192_64_0p5_0p02_0059_0002" 7323
"/Engine/EngineMaterials/Substrate/GLints/dict_16_192_64_0p5_0p02_0059_0001" 7324
"/Engine/EngineMaterials/Substrate/GLints/dict_16_192_64_0p5_0p02_0059_0000" 7325
"../../../Engine/Content/EngineMaterials/Substrate/GLints/dict_16_192_64_0p5_0p02_0061_0001.uasset" 7326
"../../../Engine/Content/EngineMaterials/Substrate/GLints/dict_16_192_64_0p5_0p02_0061_0000.uasset" 7327
"../../../Engine/Content/EngineMaterials/Substrate/GLints/dict_16_192_64_0p5_0p02_0061_0002.uasset" 7328
"../../../Engine/Content/EngineMaterials/Substrate/GLints/dict_16_192_64_0p5_0p02_0061_0003.uasset" 7329
"../../../Engine/Content/EngineMaterials/Substrate/GLints/dict_16_192_64_0p5_0p02_0061_0008.uasset" 7330
"../../../Engine/Content/EngineMaterials/Substrate/GLints/dict_16_192_64_0p5_0p02_0061_0009.uasset" 7331
"../../../Engine/Content/EngineMaterials/Substrate/GLints/dict_16_192_64_0p5_0p02_0061_0007.uasset" 7332
"../../../Engine/Content/EngineMaterials/Substrate/GLints/dict_16_192_64_0p5_0p02_0061_0010.uasset" 7333
"../../../Engine/Content/EngineMaterials/Substrate/GLints/dict_16_192_64_0p5_0p02_0062_0001.uasset" 7334
"../../../Engine/Content/EngineMaterials/Substrate/GLints/dict_16_192_64_0p5_0p02_0061_0015.uasset" 7335
"../../../Engine/Content/EngineMaterials/Substrate/GLints/dict_16_192_64_0p5_0p02_0062_0000.uasset" 7336
"../../../Engine/Content/EngineMaterials/Substrate/GLints/dict_16_192_64_0p5_0p02_0062_0003.uasset" 7337
"../../../Engine/Content/EngineMaterials/Substrate/GLints/dict_16_192_64_0p5_0p02_0061_0006.uasset" 7338
"../../../Engine/Content/EngineMaterials/Substrate/GLints/dict_16_192_64_0p5_0p02_0061_0004.uasset" 7339
"../../../Engine/Content/EngineMaterials/Substrate/GLints/dict_16_192_64_0p5_0p02_0062_0002.uasset" 7340
"../../../Engine/Content/EngineMaterials/Substrate/GLints/dict_16_192_64_0p5_0p02_0061_0012.uasset" 7341
"../../../Engine/Content/EngineMaterials/Substrate/GLints/dict_16_192_64_0p5_0p02_0061_0011.uasset" 7342
"../../../Engine/Content/EngineMaterials/Substrate/GLints/dict_16_192_64_0p5_0p02_0061_0014.uasset" 7343
"../../../Engine/Content/EngineMaterials/Substrate/GLints/dict_16_192_64_0p5_0p02_0061_0005.uasset" 7344
"/Engine/EngineMaterials/Substrate/GLints/dict_16_192_64_0p5_0p02_0060_0015" 7345
"../../../Engine/Content/EngineMaterials/Substrate/GLints/dict_16_192_64_0p5_0p02_0061_0013.uasset" 7346
"/Engine/EngineMaterials/Substrate/GLints/dict_16_192_64_0p5_0p02_0060_0014" 7347
"/Engine/EngineMaterials/Substrate/GLints/dict_16_192_64_0p5_0p02_0060_0013" 7348
"/Engine/EngineMaterials/Substrate/GLints/dict_16_192_64_0p5_0p02_0060_0012" 7349
"/Engine/EngineMaterials/Substrate/GLints/dict_16_192_64_0p5_0p02_0060_0011" 7350
"/Engine/EngineMaterials/Substrate/GLints/dict_16_192_64_0p5_0p02_0060_0010" 7351
"/Engine/EngineMaterials/Substrate/GLints/dict_16_192_64_0p5_0p02_0060_0009" 7352
"/Engine/EngineMaterials/Substrate/GLints/dict_16_192_64_0p5_0p02_0060_0008" 7353
"/Engine/EngineMaterials/Substrate/GLints/dict_16_192_64_0p5_0p02_0060_0007" 7354
"/Engine/EngineMaterials/Substrate/GLints/dict_16_192_64_0p5_0p02_0060_0006" 7355
"/Engine/EngineMaterials/Substrate/GLints/dict_16_192_64_0p5_0p02_0060_0005" 7356
"/Engine/EngineMaterials/Substrate/GLints/dict_16_192_64_0p5_0p02_0060_0004" 7357
"../../../Engine/Content/EngineMaterials/Substrate/GLints/dict_16_192_64_0p5_0p02_0062_0004.uasset" 7358
"../../../Engine/Content/EngineMaterials/Substrate/GLints/dict_16_192_64_0p5_0p02_0062_0005.uasset" 7359
"../../../Engine/Content/EngineMaterials/Substrate/GLints/dict_16_192_64_0p5_0p02_0062_0006.uasset" 7360
"../../../Engine/Content/EngineMaterials/Substrate/GLints/dict_16_192_64_0p5_0p02_0062_0014.uasset" 7361
"../../../Engine/Content/EngineMaterials/Substrate/GLints/dict_16_192_64_0p5_0p02_0062_0007.uasset" 7362
"../../../Engine/Content/EngineMaterials/Substrate/GLints/dict_16_192_64_0p5_0p02_0062_0009.uasset" 7363
"/Engine/EngineMaterials/Substrate/GLints/dict_16_192_64_0p5_0p02_0062_0003" 7364
"../../../Engine/Content/EngineMaterials/Substrate/GLints/dict_16_192_64_0p5_0p02_0062_0012.uasset" 7365
"../../../Engine/Content/EngineMaterials/Substrate/GLints/dict_16_192_64_0p5_0p02_0062_0008.uasset" 7366
"../../../Engine/Content/EngineMaterials/Substrate/GLints/dict_16_192_64_0p5_0p02_0062_0013.uasset" 7367
"../../../Engine/Content/EngineMaterials/Substrate/GLints/dict_16_192_64_0p5_0p02_0062_0011.uasset" 7368
"../../../Engine/Content/EngineMaterials/Substrate/GLints/dict_16_192_64_0p5_0p02_0062_0015.uasset" 7369
"../../../Engine/Content/EngineMaterials/Substrate/GLints/dict_16_192_64_0p5_0p02_0062_0010.uasset" 7370
"/Engine/EngineMaterials/Substrate/GLints/dict_16_192_64_0p5_0p02_0062_0002" 7371
"/Engine/EngineMaterials/Substrate/GLints/dict_16_192_64_0p5_0p02_0062_0001" 7372
"/Engine/EngineMaterials/Substrate/GLints/dict_16_192_64_0p5_0p02_0062_0000" 7373
"/Engine/EngineMaterials/Substrate/GLints/dict_16_192_64_0p5_0p02_0061_0015" 7374
"/Engine/EngineMaterials/Substrate/GLints/dict_16_192_64_0p5_0p02_0061_0014" 7375
"/Engine/EngineMaterials/Substrate/GLints/dict_16_192_64_0p5_0p02_0061_0013" 7376
"/Engine/EngineMaterials/Substrate/GLints/dict_16_192_64_0p5_0p02_0061_0012" 7377
"/Engine/EngineMaterials/Substrate/GLints/dict_16_192_64_0p5_0p02_0061_0011" 7378
"/Engine/EngineMaterials/Substrate/GLints/dict_16_192_64_0p5_0p02_0061_0010" 7379
"/Engine/EngineMaterials/Substrate/GLints/dict_16_192_64_0p5_0p02_0061_0009" 7380
"/Engine/EngineMaterials/Substrate/GLints/dict_16_192_64_0p5_0p02_0061_0008" 7381
"/Engine/EngineMaterials/Substrate/GLints/dict_16_192_64_0p5_0p02_0061_0007" 7382
"/Engine/EngineMaterials/Substrate/GLints/dict_16_192_64_0p5_0p02_0061_0006" 7383
"/Engine/EngineMaterials/Substrate/GLints/dict_16_192_64_0p5_0p02_0061_0005" 7384
"/Engine/EngineMaterials/Substrate/GLints/dict_16_192_64_0p5_0p02_0061_0004" 7385
"/Engine/EngineMaterials/Substrate/GLints/dict_16_192_64_0p5_0p02_0061_0003" 7386
"/Engine/EngineMaterials/Substrate/GLints/dict_16_192_64_0p5_0p02_0061_0002" 7387
"/Engine/EngineMaterials/Substrate/GLints/dict_16_192_64_0p5_0p02_0061_0001" 7388
"/Engine/EngineMaterials/Substrate/GLints/dict_16_192_64_0p5_0p02_0061_0000" 7389
"../../../Engine/Content/EngineMaterials/Substrate/GLints/dict_16_192_64_0p5_0p02_0063_0000.uasset" 7390
"../../../Engine/Content/EngineMaterials/Substrate/GLints/dict_16_192_64_0p5_0p02_0063_0010.uasset" 7391
"../../../Engine/Content/EngineMaterials/Substrate/GLints/dict_16_192_64_0p5_0p02_0063_0013.uasset" 7392
"../../../Engine/Content/EngineMaterials/Substrate/GLints/dict_16_192_64_0p5_0p02_0063_0005.uasset" 7393
"../../../Engine/Content/EngineMaterials/Substrate/Glints2/dict_0000_0000.uasset" 7394
"../../../Engine/Content/EngineMaterials/Substrate/GLints/dict_16_192_64_0p5_0p02_0063_0008.uasset" 7395
"../../../Engine/Content/EngineMaterials/Substrate/GLints/AGlintTex2dArray.uasset" 7396
"../../../Engine/Content/EngineMaterials/Substrate/GLints/dict_16_192_64_0p5_0p02_0063_0007.uasset" 7397
"../../../Engine/Content/EngineMaterials/Substrate/GLints/dict_16_192_64_0p5_0p02_0063_0014.uasset" 7398
"../../../Engine/Content/EngineMaterials/Substrate/Glints2/dict_0000_0001.uasset" 7399
"../../../Engine/Content/EngineMaterials/Substrate/GLints/dict_16_192_64_0p5_0p02_0063_0004.uasset" 7400
"../../../Engine/Content/EngineMaterials/Substrate/GLints/dict_16_192_64_0p5_0p02_0063_0006.uasset" 7401
"../../../Engine/Content/EngineMaterials/Substrate/GLints/dict_16_192_64_0p5_0p02_0063_0011.uasset" 7402
"/Engine/EngineMaterials/Substrate/GLints/dict_16_192_64_0p5_0p02_0062_0015" 7403
"../../../Engine/Content/EngineMaterials/Substrate/GLints/dict_16_192_64_0p5_0p02_0063_0009.uasset" 7404
"../../../Engine/Content/EngineMaterials/Substrate/GLints/dict_16_192_64_0p5_0p02_0063_0002.uasset" 7405
"../../../Engine/Content/EngineMaterials/Substrate/Glints2/dict_0000_0002.uasset" 7406
"../../../Engine/Content/EngineMaterials/Substrate/GLints/dict_16_192_64_0p5_0p02_0063_0001.uasset" 7407
"../../../Engine/Content/EngineMaterials/Substrate/GLints/dict_16_192_64_0p5_0p02_0063_0003.uasset" 7408
"../../../Engine/Content/EngineMaterials/Substrate/GLints/dict_16_192_64_0p5_0p02_0063_0012.uasset" 7409
"../../../Engine/Content/EngineMaterials/Substrate/GLints/dict_16_192_64_0p5_0p02_0063_0015.uasset" 7410
"/Engine/EngineMaterials/Substrate/GLints/dict_16_192_64_0p5_0p02_0062_0014" 7411
"/Engine/EngineMaterials/Substrate/GLints/dict_16_192_64_0p5_0p02_0062_0013" 7412
"/Engine/EngineMaterials/Substrate/GLints/dict_16_192_64_0p5_0p02_0062_0012" 7413
"/Engine/EngineMaterials/Substrate/GLints/dict_16_192_64_0p5_0p02_0062_0011" 7414
"/Engine/EngineMaterials/Substrate/GLints/dict_16_192_64_0p5_0p02_0062_0010" 7415
"/Engine/EngineMaterials/Substrate/GLints/dict_16_192_64_0p5_0p02_0062_0009" 7416
"/Engine/EngineMaterials/Substrate/GLints/dict_16_192_64_0p5_0p02_0062_0008" 7417
"/Engine/EngineMaterials/Substrate/GLints/dict_16_192_64_0p5_0p02_0062_0007" 7418
"/Engine/EngineMaterials/Substrate/GLints/dict_16_192_64_0p5_0p02_0062_0006" 7419
"/Engine/EngineMaterials/Substrate/GLints/dict_16_192_64_0p5_0p02_0062_0005" 7420
"/Engine/EngineMaterials/Substrate/GLints/dict_16_192_64_0p5_0p02_0062_0004" 7421
"../../../Engine/Content/EngineMaterials/Substrate/Glints2/dict_0000_0003.uasset" 7422
"../../../Engine/Content/EngineMaterials/Substrate/Glints2/dict_0000_0004.uasset" 7423
"../../../Engine/Content/EngineMaterials/Substrate/Glints2/dict_0000_0007.uasset" 7424
"../../../Engine/Content/EngineMaterials/Substrate/Glints2/dict_0000_0006.uasset" 7425
"../../../Engine/Content/EngineMaterials/Substrate/Glints2/dict_0000_0005.uasset" 7426
"../../../Engine/Content/EngineMaterials/Substrate/Glints2/dict_0000_0009.uasset" 7427
"../../../Engine/Content/EngineMaterials/Substrate/Glints2/dict_0000_0008.uasset" 7428
"../../../Engine/Content/EngineMaterials/Substrate/Glints2/dict_0000_0014.uasset" 7429
"../../../Engine/Content/EngineMaterials/Substrate/Glints2/dict_0000_0010.uasset" 7430
"/Engine/EngineMaterials/Substrate/Glints2/dict_0000_0002" 7431
"../../../Engine/Content/EngineMaterials/Substrate/Glints2/dict_0000_0013.uasset" 7432
"../../../Engine/Content/EngineMaterials/Substrate/Glints2/dict_0000_0012.uasset" 7433
"../../../Engine/Content/EngineMaterials/Substrate/Glints2/dict_0000_0011.uasset" 7434
"/Engine/EngineMaterials/Substrate/Glints2/dict_0000_0001" 7435
"/Engine/EngineMaterials/Substrate/Glints2/dict_0000_0000" 7436
"/Engine/EngineMaterials/Substrate/GLints/AGlintTex2dArray" 7437
"/Engine/EngineMaterials/Substrate/Glints2/dict_0000_0007" 7438
"../../../Engine/Content/EngineMaterials/Substrate/Glints2/dict_0000_0015.uasset" 7439
"../../../Engine/Content/EngineMaterials/Substrate/Glints2/dict_0000_0017.uasset" 7440
"../../../Engine/Content/EngineMaterials/Substrate/Glints2/dict_0000_0019.uasset" 7441
"../../../Engine/Content/EngineMaterials/Substrate/Glints2/dict_0000_0020.uasset" 7442
"../../../Engine/Content/EngineMaterials/Substrate/Glints2/dict_0000_0021.uasset" 7443
"../../../Engine/Content/EngineMaterials/Substrate/Glints2/dict_0000_0022.uasset" 7444
"../../../Engine/Content/EngineMaterials/Substrate/Glints2/dict_0000_0023.uasset" 7445
"../../../Engine/Content/EngineMaterials/Substrate/Glints2/dict_0000_0024.uasset" 7446
"../../../Engine/Content/EngineMaterials/Substrate/Glints2/dict_0000_0025.uasset" 7447
"../../../Engine/Content/EngineMaterials/Substrate/Glints2/dict_0000_0026.uasset" 7448
"../../../Engine/Content/EngineMaterials/Substrate/Glints2/dict_0000_0027.uasset" 7449
"../../../Engine/Content/EngineMaterials/Substrate/Glints2/dict_0000_0028.uasset" 7450
"../../../Engine/Content/EngineMaterials/Substrate/Glints2/dict_0000_0030.uasset" 7451
"../../../Engine/Content/EngineMaterials/Substrate/Glints2/dict_0000_0032.uasset" 7452
"../../../Engine/Content/EngineMaterials/Substrate/Glints2/dict_0000_0016.uasset" 7453
"../../../Engine/Content/EngineMaterials/Substrate/Glints2/dict_0000_0033.uasset" 7454
"../../../Engine/Content/EngineMaterials/Substrate/Glints2/dict_0000_0018.uasset" 7455
"../../../Engine/Content/EngineMaterials/Substrate/Glints2/dict_0000_0034.uasset" 7456
"../../../Engine/Content/EngineMaterials/Substrate/Glints2/dict_0000_0031.uasset" 7457
"../../../Engine/Content/EngineMaterials/Substrate/Glints2/dict_0000_0035.uasset" 7458
"../../../Engine/Content/EngineMaterials/Substrate/Glints2/dict_0000_0029.uasset" 7459
"../../../Engine/Plugins/Animation/DeformerGraph/Shaders/Private/DataInterfaceCustomComputeKernel.ush" 7460
"../../../Engine/Plugins/Animation/DeformerGraph/Shaders/Private/DataInterfaceCloth.ush" 7461
"../../../Engine/Plugins/Animation/DeformerGraph/Shaders/Private/DataInterfaceSkinnedMeshRead.ush" 7462
"../../../Engine/Plugins/Animation/DeformerGraph/Shaders/Private/DataInterfaceSkeleton.ush" 7463
"../../../Engine/Plugins/Animation/DeformerGraph/Shaders/Private/DataInterfaceSkeletonCommon.ush" 7464
"../../../Engine/Plugins/Animation/DeformerGraph/Shaders/Private/DataInterfaceMorphTarget.ush" 7465
"../../../Engine/Plugins/Animation/DeformerGraph/Shaders/Private/DataInterfaceSkinnedMeshWrite.ush" 7466
"../../../Engine/Plugins/Animation/DeformerGraph/Shaders/Private/DataInterfaceRawBuffer.ush" 7467
"../../../Engine/Plugins/Runtime/ComputeFramework/Shaders/Private/BufferAlias.ush" 7468
"../../../Engine/Plugins/Animation/DeformerGraph/Shaders/Private/DataInterfaceSkinnedMesh.ush" 7469
"../../../Engine/Plugins/Animation/DeformerGraph/Shaders/Private/DataInterfaceHalfEdge.ush" 7470
"/Engine/EngineMaterials/Substrate/Glints2/dict_0000_0014" 7471
"/Engine/EngineMaterials/Substrate/Glints2/dict_0000_0013" 7472
"/Engine/EngineMaterials/Substrate/Glints2/dict_0000_0012" 7473
"/Engine/EngineMaterials/Substrate/Glints2/dict_0000_0011" 7474
"/Engine/EngineMaterials/Substrate/Glints2/dict_0000_0010" 7475
"/Engine/EngineMaterials/Substrate/Glints2/dict_0000_0009" 7476
"/Engine/EngineMaterials/Substrate/Glints2/dict_0000_0008" 7477
"/Engine/EngineMaterials/Substrate/Glints2/dict_0000_0006" 7478
"/Engine/EngineMaterials/Substrate/Glints2/dict_0000_0005" 7479
"/Engine/EngineMaterials/Substrate/Glints2/dict_0000_0004" 7480
"/Engine/EngineMaterials/Substrate/Glints2/dict_0000_0003" 7481
"../../../Engine/Content/EngineMaterials/Substrate/Glints2/dict_0000_0036.uasset" 7482
"../../../Engine/Content/EngineMaterials/Substrate/Glints2/dict_0000_0038.uasset" 7483
"../../../Engine/Content/EngineMaterials/Substrate/Glints2/dict_0000_0039.uasset" 7484
"../../../Engine/Content/EngineMaterials/Substrate/Glints2/dict_0000_0040.uasset" 7485
"../../../Engine/Content/EngineMaterials/Substrate/Glints2/dict_0000_0041.uasset" 7486
"../../../Engine/Content/EngineMaterials/Substrate/Glints2/dict_0000_0037.uasset" 7487
"../../../Engine/Content/EngineMaterials/Substrate/Glints2/dict_0000_0045.uasset" 7488
"../../../Engine/Content/EngineMaterials/Substrate/Glints2/dict_0000_0046.uasset" 7489
"../../../Engine/Content/EngineMaterials/Substrate/Glints2/dict_0000_0044.uasset" 7490
"../../../Engine/Content/EngineMaterials/Substrate/Glints2/dict_0000_0042.uasset" 7491
"../../../Engine/Content/EngineMaterials/Substrate/Glints2/dict_0000_0043.uasset" 7492
"/Engine/EngineMaterials/Substrate/Glints2/dict_0000_0035" 7493
"/Engine/EngineMaterials/Substrate/Glints2/dict_0000_0034" 7494
"/Engine/EngineMaterials/Substrate/Glints2/dict_0000_0033" 7495
"/Engine/EngineMaterials/Substrate/Glints2/dict_0000_0032" 7496
"/Engine/EngineMaterials/Substrate/Glints2/dict_0000_0031" 7497
"/Engine/EngineMaterials/Substrate/Glints2/dict_0000_0030" 7498
"/Engine/EngineMaterials/Substrate/Glints2/dict_0000_0029" 7499
"/Engine/EngineMaterials/Substrate/Glints2/dict_0000_0028" 7500
"/Engine/EngineMaterials/Substrate/Glints2/dict_0000_0027" 7501
"/Engine/EngineMaterials/Substrate/Glints2/dict_0000_0026" 7502
"/Engine/EngineMaterials/Substrate/Glints2/dict_0000_0025" 7503
"/Engine/EngineMaterials/Substrate/Glints2/dict_0000_0024" 7504
"/Engine/EngineMaterials/Substrate/Glints2/dict_0000_0023" 7505
"/Engine/EngineMaterials/Substrate/Glints2/dict_0000_0022" 7506
"/Engine/EngineMaterials/Substrate/Glints2/dict_0000_0021" 7507
"/Engine/EngineMaterials/Substrate/Glints2/dict_0000_0020" 7508
"/Engine/EngineMaterials/Substrate/Glints2/dict_0000_0019" 7509
"/Engine/EngineMaterials/Substrate/Glints2/dict_0000_0018" 7510
"/Engine/EngineMaterials/Substrate/Glints2/dict_0000_0017" 7511
"/Engine/EngineMaterials/Substrate/Glints2/dict_0000_0016" 7512
"/Engine/EngineMaterials/Substrate/Glints2/dict_0000_0015" 7513
"../../../Engine/Content/EngineMaterials/Substrate/Glints2/dict_0000_0047.uasset" 7514
"../../../Engine/Content/EngineMaterials/Substrate/Glints2/dict_0000_0056.uasset" 7515
"../../../Engine/Content/EngineMaterials/Substrate/Glints2/dict_0000_0050.uasset" 7516
"../../../Engine/Content/EngineMaterials/Substrate/Glints2/dict_0000_0048.uasset" 7517
"../../../Engine/Content/EngineMaterials/Substrate/Glints2/dict_0000_0049.uasset" 7518
"../../../Engine/Content/EngineMaterials/Substrate/Glints2/dict_0000_0055.uasset" 7519
"../../../Engine/Content/EngineMaterials/Substrate/Glints2/dict_0000_0059.uasset" 7520
"../../../Engine/Content/EngineMaterials/Substrate/Glints2/dict_0000_0051.uasset" 7521
"../../../Engine/Content/EngineMaterials/Substrate/Glints2/dict_0000_0061.uasset" 7522
"../../../Engine/Content/EngineMaterials/Substrate/Glints2/dict_0000_0052.uasset" 7523
"../../../Engine/Content/EngineMaterials/Substrate/Glints2/dict_0000_0054.uasset" 7524
"../../../Engine/Content/EngineMaterials/Substrate/Glints2/dict_0000_0062.uasset" 7525
"../../../Engine/Content/EngineMaterials/Substrate/Glints2/dict_0000_0057.uasset" 7526
"../../../Engine/Content/EngineMaterials/Substrate/Glints2/dict_0000_0060.uasset" 7527
"../../../Engine/Content/EngineMaterials/Substrate/Glints2/dict_0000_0065.uasset" 7528
"../../../Engine/Content/EngineMaterials/Substrate/Glints2/dict_0000_0058.uasset" 7529
"../../../Engine/Content/EngineMaterials/Substrate/Glints2/dict_0000_0064.uasset" 7530
"../../../Engine/Content/EngineMaterials/Substrate/Glints2/dict_0000_0067.uasset" 7531
"../../../Engine/Content/EngineMaterials/Substrate/Glints2/dict_0000_0063.uasset" 7532
"../../../Engine/Content/EngineMaterials/Substrate/Glints2/dict_0000_0053.uasset" 7533
"../../../Engine/Content/EngineMaterials/Substrate/Glints2/dict_0000_0066.uasset" 7534
"/Engine/EngineMaterials/Substrate/Glints2/dict_0000_0046" 7535
"/Engine/EngineMaterials/Substrate/Glints2/dict_0000_0045" 7536
"/Engine/EngineMaterials/Substrate/Glints2/dict_0000_0044" 7537
"/Engine/EngineMaterials/Substrate/Glints2/dict_0000_0043" 7538
"/Engine/EngineMaterials/Substrate/Glints2/dict_0000_0042" 7539
"/Engine/EngineMaterials/Substrate/Glints2/dict_0000_0041" 7540
"/Engine/EngineMaterials/Substrate/Glints2/dict_0000_0040" 7541
"/Engine/EngineMaterials/Substrate/Glints2/dict_0000_0039" 7542
"/Engine/EngineMaterials/Substrate/Glints2/dict_0000_0038" 7543
"/Engine/EngineMaterials/Substrate/Glints2/dict_0000_0037" 7544
"/Engine/EngineMaterials/Substrate/Glints2/dict_0000_0036" 7545
"../../../Engine/Content/EngineMaterials/Substrate/Glints2/dict_0000_0068.uasset" 7546
"../../../Engine/Content/EngineMaterials/Substrate/Glints2/dict_0000_0072.uasset" 7547
"../../../Engine/Content/EngineMaterials/Substrate/Glints2/dict_0000_0073.uasset" 7548
"../../../Engine/Content/EngineMaterials/Substrate/Glints2/dict_0000_0071.uasset" 7549
"../../../Engine/Content/EngineMaterials/Substrate/Glints2/dict_0000_0069.uasset" 7550
"../../../Engine/Content/EngineMaterials/Substrate/Glints2/dict_0000_0077.uasset" 7551
"../../../Engine/Content/EngineMaterials/Substrate/Glints2/dict_0000_0076.uasset" 7552
"../../../Engine/Content/EngineMaterials/Substrate/Glints2/dict_0000_0074.uasset" 7553
"../../../Engine/Content/EngineMaterials/Substrate/Glints2/dict_0000_0070.uasset" 7554
"../../../Engine/Content/EngineMaterials/Substrate/Glints2/dict_0000_0078.uasset" 7555
"../../../Engine/Content/EngineMaterials/Substrate/Glints2/dict_0000_0075.uasset" 7556
"/Engine/EngineMaterials/Substrate/Glints2/dict_0000_0067" 7557
"/Engine/EngineMaterials/Substrate/Glints2/dict_0000_0066" 7558
"/Engine/EngineMaterials/Substrate/Glints2/dict_0000_0065" 7559
"/Engine/EngineMaterials/Substrate/Glints2/dict_0000_0064" 7560
"/Engine/EngineMaterials/Substrate/Glints2/dict_0000_0063" 7561
"/Engine/EngineMaterials/Substrate/Glints2/dict_0000_0062" 7562
"/Engine/EngineMaterials/Substrate/Glints2/dict_0000_0061" 7563
"/Engine/EngineMaterials/Substrate/Glints2/dict_0000_0060" 7564
"/Engine/EngineMaterials/Substrate/Glints2/dict_0000_0059" 7565
"/Engine/EngineMaterials/Substrate/Glints2/dict_0000_0058" 7566
"/Engine/EngineMaterials/Substrate/Glints2/dict_0000_0057" 7567
"/Engine/EngineMaterials/Substrate/Glints2/dict_0000_0056" 7568
"/Engine/EngineMaterials/Substrate/Glints2/dict_0000_0055" 7569
"/Engine/EngineMaterials/Substrate/Glints2/dict_0000_0054" 7570
"/Engine/EngineMaterials/Substrate/Glints2/dict_0000_0053" 7571
"/Engine/EngineMaterials/Substrate/Glints2/dict_0000_0052" 7572
"/Engine/EngineMaterials/Substrate/Glints2/dict_0000_0051" 7573
"/Engine/EngineMaterials/Substrate/Glints2/dict_0000_0050" 7574
"/Engine/EngineMaterials/Substrate/Glints2/dict_0000_0049" 7575
"/Engine/EngineMaterials/Substrate/Glints2/dict_0000_0048" 7576
"/Engine/EngineMaterials/Substrate/Glints2/dict_0000_0047" 7577
"../../../Engine/Content/EngineMaterials/Substrate/Glints2/dict_0000_0083.uasset" 7578
"../../../Engine/Content/EngineMaterials/Substrate/Glints2/dict_0000_0088.uasset" 7579
"../../../Engine/Content/EngineMaterials/Substrate/Glints2/dict_0000_0087.uasset" 7580
"../../../Engine/Content/EngineMaterials/Substrate/Glints2/dict_0000_0084.uasset" 7581
"../../../Engine/Content/EngineMaterials/Substrate/Glints2/dict_0000_0090.uasset" 7582
"../../../Engine/Content/EngineMaterials/Substrate/Glints2/dict_0000_0093.uasset" 7583
"../../../Engine/Content/EngineMaterials/Substrate/Glints2/dict_0000_0081.uasset" 7584
"../../../Engine/Content/EngineMaterials/Substrate/Glints2/dict_0000_0092.uasset" 7585
"../../../Engine/Content/EngineMaterials/Substrate/Glints2/dict_0000_0094.uasset" 7586
"../../../Engine/Content/EngineMaterials/Substrate/Glints2/dict_0000_0089.uasset" 7587
"../../../Engine/Content/EngineMaterials/Substrate/Glints2/dict_0000_0079.uasset" 7588
"../../../Engine/Content/EngineMaterials/Substrate/Glints2/dict_0000_0085.uasset" 7589
"../../../Engine/Content/EngineMaterials/Substrate/Glints2/dict_0000_0095.uasset" 7590
"../../../Engine/Content/EngineMaterials/Substrate/Glints2/dict_0000_0080.uasset" 7591
"../../../Engine/Content/EngineMaterials/Substrate/Glints2/dict_0000_0097.uasset" 7592
"../../../Engine/Content/EngineMaterials/Substrate/Glints2/dict_0000_0099.uasset" 7593
"../../../Engine/Content/EngineMaterials/Substrate/Glints2/dict_0000_0086.uasset" 7594
"../../../Engine/Content/EngineMaterials/Substrate/Glints2/dict_0000_0082.uasset" 7595
"../../../Engine/Content/EngineMaterials/Substrate/Glints2/dict_0000_0098.uasset" 7596
"../../../Engine/Content/EngineMaterials/Substrate/Glints2/dict_0000_0096.uasset" 7597
"../../../Engine/Content/EngineMaterials/Substrate/Glints2/dict_0000_0091.uasset" 7598
"/Engine/EngineMaterials/Substrate/Glints2/dict_0000_0078" 7599
"/Engine/EngineMaterials/Substrate/Glints2/dict_0000_0077" 7600
"/Engine/EngineMaterials/Substrate/Glints2/dict_0000_0076" 7601
"/Engine/EngineMaterials/Substrate/Glints2/dict_0000_0075" 7602
"/Engine/EngineMaterials/Substrate/Glints2/dict_0000_0074" 7603
"/Engine/EngineMaterials/Substrate/Glints2/dict_0000_0073" 7604
"/Engine/EngineMaterials/Substrate/Glints2/dict_0000_0072" 7605
"/Engine/EngineMaterials/Substrate/Glints2/dict_0000_0071" 7606
"/Engine/EngineMaterials/Substrate/Glints2/dict_0000_0070" 7607
"/Engine/EngineMaterials/Substrate/Glints2/dict_0000_0069" 7608
"/Engine/EngineMaterials/Substrate/Glints2/dict_0000_0068" 7609
"../../../Engine/Content/EngineMaterials/Substrate/Glints2/dict_0000_0103.uasset" 7610
"../../../Engine/Content/EngineMaterials/Substrate/Glints2/dict_0000_0105.uasset" 7611
"../../../Engine/Content/EngineMaterials/Substrate/Glints2/dict_0000_0100.uasset" 7612
"../../../Engine/Content/EngineMaterials/Substrate/Glints2/dict_0000_0102.uasset" 7613
"../../../Engine/Content/EngineMaterials/Substrate/Glints2/dict_0000_0110.uasset" 7614
"../../../Engine/Content/EngineMaterials/Substrate/Glints2/dict_0000_0106.uasset" 7615
"../../../Engine/Content/EngineMaterials/Substrate/Glints2/dict_0000_0104.uasset" 7616
"../../../Engine/Content/EngineMaterials/Substrate/Glints2/dict_0000_0108.uasset" 7617
"../../../Engine/Content/EngineMaterials/Substrate/Glints2/dict_0000_0101.uasset" 7618
"../../../Engine/Content/EngineMaterials/Substrate/Glints2/dict_0000_0109.uasset" 7619
"../../../Engine/Content/EngineMaterials/Substrate/Glints2/dict_0000_0107.uasset" 7620
"/Engine/EngineMaterials/Substrate/Glints2/dict_0000_0099" 7621
"/Engine/EngineMaterials/Substrate/Glints2/dict_0000_0098" 7622
"/Engine/EngineMaterials/Substrate/Glints2/dict_0000_0097" 7623
"/Engine/EngineMaterials/Substrate/Glints2/dict_0000_0096" 7624
"/Engine/EngineMaterials/Substrate/Glints2/dict_0000_0095" 7625
"/Engine/EngineMaterials/Substrate/Glints2/dict_0000_0094" 7626
"/Engine/EngineMaterials/Substrate/Glints2/dict_0000_0093" 7627
"/Engine/EngineMaterials/Substrate/Glints2/dict_0000_0092" 7628
"/Engine/EngineMaterials/Substrate/Glints2/dict_0000_0091" 7629
"/Engine/EngineMaterials/Substrate/Glints2/dict_0000_0090" 7630
"/Engine/EngineMaterials/Substrate/Glints2/dict_0000_0089" 7631
"/Engine/EngineMaterials/Substrate/Glints2/dict_0000_0088" 7632
"/Engine/EngineMaterials/Substrate/Glints2/dict_0000_0087" 7633
"/Engine/EngineMaterials/Substrate/Glints2/dict_0000_0086" 7634
"/Engine/EngineMaterials/Substrate/Glints2/dict_0000_0085" 7635
"/Engine/EngineMaterials/Substrate/Glints2/dict_0000_0084" 7636
"/Engine/EngineMaterials/Substrate/Glints2/dict_0000_0083" 7637
"/Engine/EngineMaterials/Substrate/Glints2/dict_0000_0082" 7638
"/Engine/EngineMaterials/Substrate/Glints2/dict_0000_0081" 7639
"/Engine/EngineMaterials/Substrate/Glints2/dict_0000_0080" 7640
"/Engine/EngineMaterials/Substrate/Glints2/dict_0000_0079" 7641
"../../../Engine/Content/EngineMaterials/Substrate/Glints2/dict_0000_0115.uasset" 7642
"../../../Engine/Content/EngineMaterials/Substrate/Glints2/dict_0000_0116.uasset" 7643
"../../../Engine/Content/EngineMaterials/Substrate/Glints2/dict_0000_0120.uasset" 7644
"../../../Engine/Content/EngineMaterials/Substrate/Glints2/dict_0000_0118.uasset" 7645
"../../../Engine/Content/EngineMaterials/Substrate/Glints2/dict_0000_0122.uasset" 7646
"../../../Engine/Content/EngineMaterials/Substrate/Glints2/dict_0000_0127.uasset" 7647
"../../../Engine/Content/EngineMaterials/Substrate/Glints2/dict_0000_0117.uasset" 7648
"../../../Engine/Content/EngineMaterials/Substrate/Glints2/dict_0000_0129.uasset" 7649
"../../../Engine/Content/EngineMaterials/Substrate/Glints2/dict_0000_0124.uasset" 7650
"../../../Engine/Content/EngineMaterials/Substrate/Glints2/dict_0000_0130.uasset" 7651
"../../../Engine/Content/EngineMaterials/Substrate/Glints2/dict_0000_0113.uasset" 7652
"../../../Engine/Content/EngineMaterials/Substrate/Glints2/dict_0000_0131.uasset" 7653
"../../../Engine/Content/EngineMaterials/Substrate/Glints2/dict_0000_0111.uasset" 7654
"../../../Engine/Content/EngineMaterials/Substrate/Glints2/dict_0000_0121.uasset" 7655
"../../../Engine/Content/EngineMaterials/Substrate/Glints2/dict_0000_0112.uasset" 7656
"../../../Engine/Content/EngineMaterials/Substrate/Glints2/dict_0000_0123.uasset" 7657
"../../../Engine/Content/EngineMaterials/Substrate/Glints2/dict_0000_0128.uasset" 7658
"../../../Engine/Content/EngineMaterials/Substrate/Glints2/dict_0000_0114.uasset" 7659
"../../../Engine/Content/EngineMaterials/Substrate/Glints2/dict_0000_0119.uasset" 7660
"../../../Engine/Content/EngineMaterials/Substrate/Glints2/dict_0000_0126.uasset" 7661
"../../../Engine/Content/EngineMaterials/Substrate/Glints2/dict_0000_0125.uasset" 7662
"/Engine/EngineMaterials/Substrate/Glints2/dict_0000_0110" 7663
"/Engine/EngineMaterials/Substrate/Glints2/dict_0000_0109" 7664
"/Engine/EngineMaterials/Substrate/Glints2/dict_0000_0108" 7665
"/Engine/EngineMaterials/Substrate/Glints2/dict_0000_0107" 7666
"/Engine/EngineMaterials/Substrate/Glints2/dict_0000_0106" 7667
"/Engine/EngineMaterials/Substrate/Glints2/dict_0000_0105" 7668
"/Engine/EngineMaterials/Substrate/Glints2/dict_0000_0104" 7669
"/Engine/EngineMaterials/Substrate/Glints2/dict_0000_0103" 7670
"/Engine/EngineMaterials/Substrate/Glints2/dict_0000_0102" 7671
"/Engine/EngineMaterials/Substrate/Glints2/dict_0000_0101" 7672
"/Engine/EngineMaterials/Substrate/Glints2/dict_0000_0100" 7673
"../../../Engine/Content/EngineMaterials/Substrate/Glints2/dict_0000_0132.uasset" 7674
"../../../Engine/Content/EngineMaterials/Substrate/Glints2/dict_0000_0140.uasset" 7675
"../../../Engine/Content/EngineMaterials/Substrate/Glints2/dict_0000_0139.uasset" 7676
"../../../Engine/Content/EngineMaterials/Substrate/Glints2/dict_0000_0133.uasset" 7677
"../../../Engine/Content/EngineMaterials/Substrate/Glints2/dict_0000_0137.uasset" 7678
"../../../Engine/Content/EngineMaterials/Substrate/Glints2/dict_0000_0135.uasset" 7679
"../../../Engine/Content/EngineMaterials/Substrate/Glints2/dict_0000_0136.uasset" 7680
"../../../Engine/Content/EngineMaterials/Substrate/Glints2/dict_0000_0138.uasset" 7681
"../../../Engine/Content/EngineMaterials/Substrate/Glints2/dict_0000_0141.uasset" 7682
"../../../Engine/Content/EngineMaterials/Substrate/Glints2/dict_0000_0142.uasset" 7683
"../../../Engine/Content/EngineMaterials/Substrate/Glints2/dict_0000_0134.uasset" 7684
"/Engine/EngineMaterials/Substrate/Glints2/dict_0000_0131" 7685
"/Engine/EngineMaterials/Substrate/Glints2/dict_0000_0130" 7686
"/Engine/EngineMaterials/Substrate/Glints2/dict_0000_0129" 7687
"/Engine/EngineMaterials/Substrate/Glints2/dict_0000_0128" 7688
"/Engine/EngineMaterials/Substrate/Glints2/dict_0000_0127" 7689
"/Engine/EngineMaterials/Substrate/Glints2/dict_0000_0126" 7690
"/Engine/EngineMaterials/Substrate/Glints2/dict_0000_0125" 7691
"/Engine/EngineMaterials/Substrate/Glints2/dict_0000_0124" 7692
"/Engine/EngineMaterials/Substrate/Glints2/dict_0000_0123" 7693
"/Engine/EngineMaterials/Substrate/Glints2/dict_0000_0122" 7694
"/Engine/EngineMaterials/Substrate/Glints2/dict_0000_0121" 7695
"/Engine/EngineMaterials/Substrate/Glints2/dict_0000_0120" 7696
"/Engine/EngineMaterials/Substrate/Glints2/dict_0000_0119" 7697
"/Engine/EngineMaterials/Substrate/Glints2/dict_0000_0118" 7698
"/Engine/EngineMaterials/Substrate/Glints2/dict_0000_0117" 7699
"/Engine/EngineMaterials/Substrate/Glints2/dict_0000_0116" 7700
"/Engine/EngineMaterials/Substrate/Glints2/dict_0000_0115" 7701
"/Engine/EngineMaterials/Substrate/Glints2/dict_0000_0114" 7702
"/Engine/EngineMaterials/Substrate/Glints2/dict_0000_0113" 7703
"/Engine/EngineMaterials/Substrate/Glints2/dict_0000_0112" 7704
"/Engine/EngineMaterials/Substrate/Glints2/dict_0000_0111" 7705
"../../../Engine/Content/EngineMaterials/Substrate/Glints2/dict_0000_0143.uasset" 7706
"../../../Engine/Content/EngineMaterials/Substrate/Glints2/dict_0000_0145.uasset" 7707
"../../../Engine/Content/EngineMaterials/Substrate/Glints2/dict_0000_0144.uasset" 7708
"../../../Engine/Content/EngineMaterials/Substrate/Glints2/dict_0000_0154.uasset" 7709
"../../../Engine/Content/EngineMaterials/Substrate/Glints2/dict_0000_0158.uasset" 7710
"../../../Engine/Content/EngineMaterials/Substrate/Glints2/dict_0000_0147.uasset" 7711
"../../../Engine/Content/EngineMaterials/Substrate/Glints2/dict_0000_0159.uasset" 7712
"../../../Engine/Content/EngineMaterials/Substrate/Glints2/dict_0000_0150.uasset" 7713
"../../../Engine/Content/EngineMaterials/Substrate/Glints2/dict_0000_0148.uasset" 7714
"../../../Engine/Content/EngineMaterials/Substrate/Glints2/dict_0000_0157.uasset" 7715
"../../../Engine/Content/EngineMaterials/Substrate/Glints2/dict_0000_0160.uasset" 7716
"../../../Engine/Content/EngineMaterials/Substrate/Glints2/dict_0000_0151.uasset" 7717
"../../../Engine/Content/EngineMaterials/Substrate/Glints2/dict_0000_0152.uasset" 7718
"../../../Engine/Content/EngineMaterials/Substrate/Glints2/dict_0000_0146.uasset" 7719
"../../../Engine/Content/EngineMaterials/Substrate/Glints2/dict_0000_0163.uasset" 7720
"../../../Engine/Content/EngineMaterials/Substrate/Glints2/dict_0000_0162.uasset" 7721
"../../../Engine/Content/EngineMaterials/Substrate/Glints2/dict_0000_0149.uasset" 7722
"../../../Engine/Content/EngineMaterials/Substrate/Glints2/dict_0000_0155.uasset" 7723
"../../../Engine/Content/EngineMaterials/Substrate/Glints2/dict_0000_0161.uasset" 7724
"../../../Engine/Content/EngineMaterials/Substrate/Glints2/dict_0000_0156.uasset" 7725
"../../../Engine/Content/EngineMaterials/Substrate/Glints2/dict_0000_0153.uasset" 7726
"/Engine/EngineMaterials/Substrate/Glints2/dict_0000_0142" 7727
"/Engine/EngineMaterials/Substrate/Glints2/dict_0000_0141" 7728
"/Engine/EngineMaterials/Substrate/Glints2/dict_0000_0140" 7729
"/Engine/EngineMaterials/Substrate/Glints2/dict_0000_0139" 7730
"/Engine/EngineMaterials/Substrate/Glints2/dict_0000_0138" 7731
"/Engine/EngineMaterials/Substrate/Glints2/dict_0000_0137" 7732
"/Engine/EngineMaterials/Substrate/Glints2/dict_0000_0136" 7733
"/Engine/EngineMaterials/Substrate/Glints2/dict_0000_0135" 7734
"/Engine/EngineMaterials/Substrate/Glints2/dict_0000_0134" 7735
"/Engine/EngineMaterials/Substrate/Glints2/dict_0000_0133" 7736
"/Engine/EngineMaterials/Substrate/Glints2/dict_0000_0132" 7737
"../../../Engine/Content/EngineMaterials/Substrate/Glints2/dict_0000_0166.uasset" 7738
"../../../Engine/Content/EngineMaterials/Substrate/Glints2/dict_0000_0174.uasset" 7739
"../../../Engine/Content/EngineMaterials/Substrate/Glints2/dict_0000_0169.uasset" 7740
"../../../Engine/Content/EngineMaterials/Substrate/Glints2/dict_0000_0170.uasset" 7741
"../../../Engine/Content/EngineMaterials/Substrate/Glints2/dict_0000_0168.uasset" 7742
"../../../Engine/Content/EngineMaterials/Substrate/Glints2/dict_0000_0165.uasset" 7743
"../../../Engine/Content/EngineMaterials/Substrate/Glints2/dict_0000_0167.uasset" 7744
"../../../Engine/Content/EngineMaterials/Substrate/Glints2/dict_0000_0172.uasset" 7745
"../../../Engine/Content/EngineMaterials/Substrate/Glints2/dict_0000_0171.uasset" 7746
"../../../Engine/Content/EngineMaterials/Substrate/Glints2/dict_0000_0173.uasset" 7747
"../../../Engine/Content/EngineMaterials/Substrate/Glints2/dict_0000_0164.uasset" 7748
"/Engine/EngineMaterials/Substrate/Glints2/dict_0000_0163" 7749
"/Engine/EngineMaterials/Substrate/Glints2/dict_0000_0162" 7750
"/Engine/EngineMaterials/Substrate/Glints2/dict_0000_0161" 7751
"/Engine/EngineMaterials/Substrate/Glints2/dict_0000_0160" 7752
"/Engine/EngineMaterials/Substrate/Glints2/dict_0000_0159" 7753
"/Engine/EngineMaterials/Substrate/Glints2/dict_0000_0158" 7754
"/Engine/EngineMaterials/Substrate/Glints2/dict_0000_0157" 7755
"/Engine/EngineMaterials/Substrate/Glints2/dict_0000_0156" 7756
"/Engine/EngineMaterials/Substrate/Glints2/dict_0000_0155" 7757
"/Engine/EngineMaterials/Substrate/Glints2/dict_0000_0154" 7758
"/Engine/EngineMaterials/Substrate/Glints2/dict_0000_0153" 7759
"/Engine/EngineMaterials/Substrate/Glints2/dict_0000_0152" 7760
"/Engine/EngineMaterials/Substrate/Glints2/dict_0000_0151" 7761
"/Engine/EngineMaterials/Substrate/Glints2/dict_0000_0150" 7762
"/Engine/EngineMaterials/Substrate/Glints2/dict_0000_0149" 7763
"/Engine/EngineMaterials/Substrate/Glints2/dict_0000_0148" 7764
"/Engine/EngineMaterials/Substrate/Glints2/dict_0000_0147" 7765
"/Engine/EngineMaterials/Substrate/Glints2/dict_0000_0146" 7766
"/Engine/EngineMaterials/Substrate/Glints2/dict_0000_0145" 7767
"/Engine/EngineMaterials/Substrate/Glints2/dict_0000_0144" 7768
"/Engine/EngineMaterials/Substrate/Glints2/dict_0000_0143" 7769
"../../../Engine/Content/EngineMaterials/Substrate/Glints2/dict_0000_0175.uasset" 7770
"../../../Engine/Content/EngineMaterials/Substrate/Glints2/dict_0000_0176.uasset" 7771
"../../../Engine/Content/EngineMaterials/Substrate/Glints2/dict_0000_0184.uasset" 7772
"../../../Engine/Content/EngineMaterials/Substrate/Glints2/dict_0000_0181.uasset" 7773
"../../../Engine/Content/EngineMaterials/Substrate/Glints2/dict_0000_0182.uasset" 7774
"../../../Engine/Content/EngineMaterials/Substrate/Glints2/dict_0000_0177.uasset" 7775
"../../../Engine/Content/EngineMaterials/Substrate/Glints2/dict_0000_0188.uasset" 7776
"../../../Engine/Content/EngineMaterials/Substrate/Glints2/dict_0000_0183.uasset" 7777
"../../../Engine/Content/EngineMaterials/Substrate/Glints2/dict_0000_0192.uasset" 7778
"../../../Engine/Content/EngineMaterials/Substrate/Glints2/dict_0000_0193.uasset" 7779
"../../../Engine/Content/EngineMaterials/Substrate/Glints2/dict_0000_0179.uasset" 7780
"../../../Engine/Content/EngineMaterials/Substrate/Glints2/dict_0000_0194.uasset" 7781
"../../../Engine/Content/EngineMaterials/Substrate/Glints2/dict_0000_0191.uasset" 7782
"/Engine/EngineMaterials/Substrate/Glints2/dict_0000_0174" 7783
"../../../Engine/Content/EngineMaterials/Substrate/Glints2/dict_0000_0180.uasset" 7784
"../../../Engine/Content/EngineMaterials/Substrate/Glints2/dict_0000_0185.uasset" 7785
"../../../Engine/Content/EngineMaterials/Substrate/Glints2/dict_0000_0190.uasset" 7786
"../../../Engine/Content/EngineMaterials/Substrate/Glints2/dict_0000_0195.uasset" 7787
"../../../Engine/Content/EngineMaterials/Substrate/Glints2/dict_0000_0189.uasset" 7788
"../../../Engine/Content/EngineMaterials/Substrate/Glints2/dict_0000_0187.uasset" 7789
"../../../Engine/Content/EngineMaterials/Substrate/Glints2/dict_0000_0186.uasset" 7790
"../../../Engine/Content/EngineMaterials/Substrate/Glints2/dict_0000_0178.uasset" 7791
"/Engine/EngineMaterials/Substrate/Glints2/dict_0000_0173" 7792
"/Engine/EngineMaterials/Substrate/Glints2/dict_0000_0172" 7793
"/Engine/EngineMaterials/Substrate/Glints2/dict_0000_0171" 7794
"/Engine/EngineMaterials/Substrate/Glints2/dict_0000_0170" 7795
"/Engine/EngineMaterials/Substrate/Glints2/dict_0000_0169" 7796
"/Engine/EngineMaterials/Substrate/Glints2/dict_0000_0168" 7797
"/Engine/EngineMaterials/Substrate/Glints2/dict_0000_0167" 7798
"/Engine/EngineMaterials/Substrate/Glints2/dict_0000_0166" 7799
"/Engine/EngineMaterials/Substrate/Glints2/dict_0000_0165" 7800
"/Engine/EngineMaterials/Substrate/Glints2/dict_0000_0175" 7801
"/Engine/EngineMaterials/Substrate/Glints2/dict_0000_0164" 7802
"../../../Engine/Content/EngineMaterials/Substrate/Glints2/dict_0000_0197.uasset" 7803
"../../../Engine/Content/EngineMaterials/Substrate/Glints2/dict_0000_0199.uasset" 7804
"../../../Engine/Content/EngineMaterials/Substrate/Glints2/dict_0000_0203.uasset" 7805
"../../../Engine/Content/EngineMaterials/Substrate/Glints2/dict_0000_0198.uasset" 7806
"../../../Engine/Content/EngineMaterials/Substrate/Glints2/dict_0000_0206.uasset" 7807
"/Engine/EngineMaterials/Substrate/Glints2/dict_0000_0195" 7808
"../../../Engine/Content/EngineMaterials/Substrate/Glints2/dict_0000_0204.uasset" 7809
"../../../Engine/Content/EngineMaterials/Substrate/Glints2/dict_0000_0201.uasset" 7810
"../../../Engine/Content/EngineMaterials/Substrate/Glints2/dict_0000_0202.uasset" 7811
"../../../Engine/Content/EngineMaterials/Substrate/Glints2/dict_0000_0207.uasset" 7812
"../../../Engine/Content/EngineMaterials/Substrate/Glints2/dict_0000_0200.uasset" 7813
"../../../Engine/Content/EngineMaterials/Substrate/Glints2/dict_0000_0196.uasset" 7814
"../../../Engine/Content/EngineMaterials/Substrate/Glints2/dict_0000_0205.uasset" 7815
"/Engine/EngineMaterials/Substrate/Glints2/dict_0000_0194" 7816
"/Engine/EngineMaterials/Substrate/Glints2/dict_0000_0193" 7817
"/Engine/EngineMaterials/Substrate/Glints2/dict_0000_0192" 7818
"/Engine/EngineMaterials/Substrate/Glints2/dict_0000_0191" 7819
"/Engine/EngineMaterials/Substrate/Glints2/dict_0000_0190" 7820
"/Engine/EngineMaterials/Substrate/Glints2/dict_0000_0189" 7821
"/Engine/EngineMaterials/Substrate/Glints2/dict_0000_0188" 7822
"/Engine/EngineMaterials/Substrate/Glints2/dict_0000_0187" 7823
"/Engine/EngineMaterials/Substrate/Glints2/dict_0000_0186" 7824
"/Engine/EngineMaterials/Substrate/Glints2/dict_0000_0185" 7825
"/Engine/EngineMaterials/Substrate/Glints2/dict_0000_0184" 7826
"/Engine/EngineMaterials/Substrate/Glints2/dict_0000_0183" 7827
"/Engine/EngineMaterials/Substrate/Glints2/dict_0000_0182" 7828
"/Engine/EngineMaterials/Substrate/Glints2/dict_0000_0181" 7829
"/Engine/EngineMaterials/Substrate/Glints2/dict_0000_0180" 7830
"/Engine/EngineMaterials/Substrate/Glints2/dict_0000_0179" 7831
"/Engine/EngineMaterials/Substrate/Glints2/dict_0000_0178" 7832
"/Engine/EngineMaterials/Substrate/Glints2/dict_0000_0177" 7833
"/Engine/EngineMaterials/Substrate/Glints2/dict_0000_0176" 7834
"../../../Engine/Content/EngineMaterials/Substrate/Glints2/dict_0000_0209.uasset" 7835
"../../../Engine/Content/EngineMaterials/Substrate/Glints2/dict_0000_0213.uasset" 7836
"../../../Engine/Content/EngineMaterials/Substrate/Glints2/dict_0000_0214.uasset" 7837
"../../../Engine/Content/EngineMaterials/Substrate/Glints2/dict_0000_0212.uasset" 7838
"../../../Engine/Content/EngineMaterials/Substrate/Glints2/dict_0000_0223.uasset" 7839
"../../../Engine/Content/EngineMaterials/Substrate/Glints2/dict_0000_0222.uasset" 7840
"../../../Engine/Content/EngineMaterials/Substrate/Glints2/dict_0000_0210.uasset" 7841
"../../../Engine/Content/EngineMaterials/Substrate/Glints2/dict_0000_0216.uasset" 7842
"../../../Engine/Content/EngineMaterials/Substrate/Glints2/dict_0000_0219.uasset" 7843
"../../../Engine/Content/EngineMaterials/Substrate/Glints2/dict_0000_0226.uasset" 7844
"../../../Engine/Content/EngineMaterials/Substrate/Glints2/dict_0000_0224.uasset" 7845
"../../../Engine/Content/EngineMaterials/Substrate/Glints2/dict_0000_0215.uasset" 7846
"../../../Engine/Content/EngineMaterials/Substrate/Glints2/dict_0000_0211.uasset" 7847
"../../../Engine/Content/EngineMaterials/Substrate/Glints2/dict_0000_0220.uasset" 7848
"../../../Engine/Content/EngineMaterials/Substrate/Glints2/dict_0000_0208.uasset" 7849
"../../../Engine/Content/EngineMaterials/Substrate/Glints2/dict_0000_0221.uasset" 7850
"../../../Engine/Content/EngineMaterials/Substrate/Glints2/dict_0000_0218.uasset" 7851
"../../../Engine/Content/EngineMaterials/Substrate/Glints2/dict_0000_0225.uasset" 7852
"/Engine/EngineMaterials/Substrate/Glints2/dict_0000_0207" 7853
"../../../Engine/Content/EngineMaterials/Substrate/Glints2/dict_0000_0227.uasset" 7854
"../../../Engine/Content/EngineMaterials/Substrate/Glints2/dict_0000_0217.uasset" 7855
"/Engine/EngineMaterials/Substrate/Glints2/dict_0000_0206" 7856
"/Engine/EngineMaterials/Substrate/Glints2/dict_0000_0205" 7857
"/Engine/EngineMaterials/Substrate/Glints2/dict_0000_0204" 7858
"/Engine/EngineMaterials/Substrate/Glints2/dict_0000_0203" 7859
"/Engine/EngineMaterials/Substrate/Glints2/dict_0000_0202" 7860
"/Engine/EngineMaterials/Substrate/Glints2/dict_0000_0201" 7861
"/Engine/EngineMaterials/Substrate/Glints2/dict_0000_0209" 7862
"/Engine/EngineMaterials/Substrate/Glints2/dict_0000_0200" 7863
"/Engine/EngineMaterials/Substrate/Glints2/dict_0000_0199" 7864
"/Engine/EngineMaterials/Substrate/Glints2/dict_0000_0198" 7865
"/Engine/EngineMaterials/Substrate/Glints2/dict_0000_0197" 7866
"/Engine/EngineMaterials/Substrate/Glints2/dict_0000_0196" 7867
"../../../Engine/Content/EngineMaterials/Substrate/Glints2/dict_0000_0231.uasset" 7868
"../../../Engine/Content/EngineMaterials/Substrate/Glints2/dict_0000_0237.uasset" 7869
"../../../Engine/Content/EngineMaterials/Substrate/Glints2/dict_0000_0234.uasset" 7870
"../../../Engine/Content/EngineMaterials/Substrate/Glints2/dict_0000_0236.uasset" 7871
"../../../Engine/Content/EngineMaterials/Substrate/Glints2/dict_0000_0233.uasset" 7872
"../../../Engine/Content/EngineMaterials/Substrate/Glints2/dict_0000_0228.uasset" 7873
"../../../Engine/Content/EngineMaterials/Substrate/Glints2/dict_0000_0235.uasset" 7874
"../../../Engine/Content/EngineMaterials/Substrate/Glints2/dict_0000_0229.uasset" 7875
"../../../Engine/Content/EngineMaterials/Substrate/Glints2/dict_0000_0232.uasset" 7876
"../../../Engine/Content/EngineMaterials/Substrate/Glints2/dict_0000_0230.uasset" 7877
"/Engine/EngineMaterials/Substrate/Glints2/dict_0000_0227" 7878
"../../../Engine/Content/EngineMaterials/Substrate/Glints2/dict_0000_0239.uasset" 7879
"../../../Engine/Content/EngineMaterials/Substrate/Glints2/dict_0000_0238.uasset" 7880
"../../../Engine/Content/EngineMaterials/Substrate/Glints2/dict_0000_0240.uasset" 7881
"/Engine/EngineMaterials/Substrate/Glints2/dict_0000_0226" 7882
"/Engine/EngineMaterials/Substrate/Glints2/dict_0000_0225" 7883
"/Engine/EngineMaterials/Substrate/Glints2/dict_0000_0224" 7884
"/Engine/EngineMaterials/Substrate/Glints2/dict_0000_0223" 7885
"/Engine/EngineMaterials/Substrate/Glints2/dict_0000_0222" 7886
"/Engine/EngineMaterials/Substrate/Glints2/dict_0000_0221" 7887
"/Engine/EngineMaterials/Substrate/Glints2/dict_0000_0220" 7888
"/Engine/EngineMaterials/Substrate/Glints2/dict_0000_0219" 7889
"/Engine/EngineMaterials/Substrate/Glints2/dict_0000_0218" 7890
"/Engine/EngineMaterials/Substrate/Glints2/dict_0000_0217" 7891
"/Engine/EngineMaterials/Substrate/Glints2/dict_0000_0216" 7892
"/Engine/EngineMaterials/Substrate/Glints2/dict_0000_0215" 7893
"/Engine/EngineMaterials/Substrate/Glints2/dict_0000_0214" 7894
"/Engine/EngineMaterials/Substrate/Glints2/dict_0000_0213" 7895
"/Engine/EngineMaterials/Substrate/Glints2/dict_0000_0212" 7896
"/Engine/EngineMaterials/Substrate/Glints2/dict_0000_0211" 7897
"/Engine/EngineMaterials/Substrate/Glints2/dict_0000_0210" 7898
"/Engine/EngineMaterials/Substrate/Glints2/dict_0000_0208" 7899
"/Engine/EngineMaterials/Substrate/Glints2/dict_0000_0231" 7900
"../../../Engine/Content/EngineMaterials/Substrate/Glints2/dict_0000_0242.uasset" 7901
"../../../Engine/Content/EngineMaterials/Substrate/Glints2/dict_0000_0249.uasset" 7902
"../../../Engine/Content/EngineMaterials/Substrate/Glints2/dict_0000_0247.uasset" 7903
"../../../Engine/Content/EngineMaterials/Substrate/Glints2/dict_0001_0003.uasset" 7904
"../../../Engine/Content/EngineMaterials/Substrate/Glints2/dict_0000_0253.uasset" 7905
"../../../Engine/Content/EngineMaterials/Substrate/Glints2/dict_0000_0250.uasset" 7906
"../../../Engine/Content/EngineMaterials/Substrate/Glints2/dict_0000_0243.uasset" 7907
"../../../Engine/Content/EngineMaterials/Substrate/Glints2/dict_0000_0245.uasset" 7908
"../../../Engine/Content/EngineMaterials/Substrate/Glints2/dict_0000_0251.uasset" 7909
"/Engine/EngineMaterials/Substrate/Glints2/dict_0000_0240" 7910
"../../../Engine/Content/EngineMaterials/Substrate/Glints2/dict_0001_0000.uasset" 7911
"../../../Engine/Content/EngineMaterials/Substrate/Glints2/dict_0001_0001.uasset" 7912
"../../../Engine/Content/EngineMaterials/Substrate/Glints2/dict_0000_0252.uasset" 7913
"../../../Engine/Content/EngineMaterials/Substrate/Glints2/dict_0000_0255.uasset" 7914
"../../../Engine/Content/EngineMaterials/Substrate/Glints2/dict_0001_0002.uasset" 7915
"../../../Engine/Content/EngineMaterials/Substrate/Glints2/dict_0000_0254.uasset" 7916
"../../../Engine/Content/EngineMaterials/Substrate/Glints2/dict_0000_0241.uasset" 7917
"../../../Engine/Content/EngineMaterials/Substrate/Glints2/dict_0000_0246.uasset" 7918
"../../../Engine/Content/EngineMaterials/Substrate/Glints2/dict_0000_0248.uasset" 7919
"../../../Engine/Content/EngineMaterials/Substrate/Glints2/dict_0001_0004.uasset" 7920
"../../../Engine/Content/EngineMaterials/Substrate/Glints2/dict_0000_0244.uasset" 7921
"/Engine/EngineMaterials/Substrate/Glints2/dict_0000_0239" 7922
"/Engine/EngineMaterials/Substrate/Glints2/dict_0000_0238" 7923
"/Engine/EngineMaterials/Substrate/Glints2/dict_0000_0237" 7924
"/Engine/EngineMaterials/Substrate/Glints2/dict_0000_0236" 7925
"/Engine/EngineMaterials/Substrate/Glints2/dict_0000_0235" 7926
"/Engine/EngineMaterials/Substrate/Glints2/dict_0000_0234" 7927
"/Engine/EngineMaterials/Substrate/Glints2/dict_0000_0233" 7928
"/Engine/EngineMaterials/Substrate/Glints2/dict_0000_0232" 7929
"/Engine/EngineMaterials/Substrate/Glints2/dict_0000_0230" 7930
"/Engine/EngineMaterials/Substrate/Glints2/dict_0000_0229" 7931
"/Engine/EngineMaterials/Substrate/Glints2/dict_0000_0228" 7932
"../../../Engine/Content/EngineMaterials/Substrate/Glints2/dict_0001_0005.uasset" 7933
"../../../Engine/Content/EngineMaterials/Substrate/Glints2/dict_0001_0007.uasset" 7934
"../../../Engine/Content/EngineMaterials/Substrate/Glints2/dict_0001_0016.uasset" 7935
"../../../Engine/Content/EngineMaterials/Substrate/Glints2/dict_0001_0011.uasset" 7936
"../../../Engine/Content/EngineMaterials/Substrate/Glints2/dict_0001_0006.uasset" 7937
"../../../Engine/Content/EngineMaterials/Substrate/Glints2/dict_0001_0010.uasset" 7938
"/Engine/EngineMaterials/Substrate/Glints2/dict_0001_0004" 7939
"../../../Engine/Content/EngineMaterials/Substrate/Glints2/dict_0001_0015.uasset" 7940
"../../../Engine/Content/EngineMaterials/Substrate/Glints2/dict_0001_0009.uasset" 7941
"../../../Engine/Content/EngineMaterials/Substrate/Glints2/dict_0001_0013.uasset" 7942
"../../../Engine/Content/EngineMaterials/Substrate/Glints2/dict_0001_0008.uasset" 7943
"../../../Engine/Content/EngineMaterials/Substrate/Glints2/dict_0001_0014.uasset" 7944
"../../../Engine/Content/EngineMaterials/Substrate/Glints2/dict_0001_0012.uasset" 7945
"/Engine/EngineMaterials/Substrate/Glints2/dict_0001_0003" 7946
"/Engine/EngineMaterials/Substrate/Glints2/dict_0001_0002" 7947
"/Engine/EngineMaterials/Substrate/Glints2/dict_0001_0001" 7948
"/Engine/EngineMaterials/Substrate/Glints2/dict_0001_0000" 7949
"/Engine/EngineMaterials/Substrate/Glints2/dict_0000_0255" 7950
"/Engine/EngineMaterials/Substrate/Glints2/dict_0000_0254" 7951
"/Engine/EngineMaterials/Substrate/Glints2/dict_0000_0253" 7952
"/Engine/EngineMaterials/Substrate/Glints2/dict_0000_0252" 7953
"/Engine/EngineMaterials/Substrate/Glints2/dict_0000_0251" 7954
"/Engine/EngineMaterials/Substrate/Glints2/dict_0000_0250" 7955
"/Engine/EngineMaterials/Substrate/Glints2/dict_0000_0249" 7956
"/Engine/EngineMaterials/Substrate/Glints2/dict_0000_0248" 7957
"/Engine/EngineMaterials/Substrate/Glints2/dict_0000_0247" 7958
"/Engine/EngineMaterials/Substrate/Glints2/dict_0000_0246" 7959
"/Engine/EngineMaterials/Substrate/Glints2/dict_0000_0245" 7960
"/Engine/EngineMaterials/Substrate/Glints2/dict_0000_0244" 7961
"/Engine/EngineMaterials/Substrate/Glints2/dict_0000_0243" 7962
"/Engine/EngineMaterials/Substrate/Glints2/dict_0000_0242" 7963
"/Engine/EngineMaterials/Substrate/Glints2/dict_0000_0241" 7964
"../../../Engine/Content/EngineMaterials/Substrate/Glints2/dict_0001_0017.uasset" 7965
"../../../Engine/Content/EngineMaterials/Substrate/Glints2/dict_0001_0021.uasset" 7966
"../../../Engine/Content/EngineMaterials/Substrate/Glints2/dict_0001_0028.uasset" 7967
"../../../Engine/Content/EngineMaterials/Substrate/Glints2/dict_0001_0023.uasset" 7968
"../../../Engine/Content/EngineMaterials/Substrate/Glints2/dict_0001_0025.uasset" 7969
"../../../Engine/Content/EngineMaterials/Substrate/Glints2/dict_0001_0030.uasset" 7970
"../../../Engine/Content/EngineMaterials/Substrate/Glints2/dict_0001_0026.uasset" 7971
"../../../Engine/Content/EngineMaterials/Substrate/Glints2/dict_0001_0035.uasset" 7972
"../../../Engine/Content/EngineMaterials/Substrate/Glints2/dict_0001_0024.uasset" 7973
"../../../Engine/Content/EngineMaterials/Substrate/Glints2/dict_0001_0022.uasset" 7974
"../../../Engine/Content/EngineMaterials/Substrate/Glints2/dict_0001_0034.uasset" 7975
"../../../Engine/Content/EngineMaterials/Substrate/Glints2/dict_0001_0032.uasset" 7976
"../../../Engine/Content/EngineMaterials/Substrate/Glints2/dict_0001_0031.uasset" 7977
"../../../Engine/Content/EngineMaterials/Substrate/Glints2/dict_0001_0033.uasset" 7978
"../../../Engine/Content/EngineMaterials/Substrate/Glints2/dict_0001_0027.uasset" 7979
"../../../Engine/Content/EngineMaterials/Substrate/Glints2/dict_0001_0036.uasset" 7980
"../../../Engine/Content/EngineMaterials/Substrate/Glints2/dict_0001_0019.uasset" 7981
"/Engine/EngineMaterials/Substrate/Glints2/dict_0001_0016" 7982
"../../../Engine/Content/EngineMaterials/Substrate/Glints2/dict_0001_0020.uasset" 7983
"../../../Engine/Content/EngineMaterials/Substrate/Glints2/dict_0001_0018.uasset" 7984
"../../../Engine/Content/EngineMaterials/Substrate/Glints2/dict_0001_0029.uasset" 7985
"/Engine/EngineMaterials/Substrate/Glints2/dict_0001_0015" 7986
"/Engine/EngineMaterials/Substrate/Glints2/dict_0001_0014" 7987
"/Engine/EngineMaterials/Substrate/Glints2/dict_0001_0013" 7988
"/Engine/EngineMaterials/Substrate/Glints2/dict_0001_0012" 7989
"/Engine/EngineMaterials/Substrate/Glints2/dict_0001_0011" 7990
"/Engine/EngineMaterials/Substrate/Glints2/dict_0001_0010" 7991
"/Engine/EngineMaterials/Substrate/Glints2/dict_0001_0009" 7992
"/Engine/EngineMaterials/Substrate/Glints2/dict_0001_0008" 7993
"/Engine/EngineMaterials/Substrate/Glints2/dict_0001_0007" 7994
"/Engine/EngineMaterials/Substrate/Glints2/dict_0001_0006" 7995
"/Engine/EngineMaterials/Substrate/Glints2/dict_0001_0005" 7996
"../../../Engine/Content/EngineMaterials/Substrate/Glints2/dict_0001_0037.uasset" 7997
"../../../Engine/Content/EngineMaterials/Substrate/Glints2/dict_0001_0038.uasset" 7998
"../../../Engine/Content/EngineMaterials/Substrate/Glints2/dict_0001_0040.uasset" 7999
"../../../Engine/Content/EngineMaterials/Substrate/Glints2/dict_0001_0041.uasset" 8000
"../../../Engine/Content/EngineMaterials/Substrate/Glints2/dict_0001_0046.uasset" 8001
"../../../Engine/Content/EngineMaterials/Substrate/Glints2/dict_0001_0047.uasset" 8002
"../../../Engine/Content/EngineMaterials/Substrate/Glints2/dict_0001_0042.uasset" 8003
"/Engine/EngineMaterials/Substrate/Glints2/dict_0001_0036" 8004
"../../../Engine/Content/EngineMaterials/Substrate/Glints2/dict_0001_0044.uasset" 8005
"../../../Engine/Content/EngineMaterials/Substrate/Glints2/dict_0001_0048.uasset" 8006
"../../../Engine/Content/EngineMaterials/Substrate/Glints2/dict_0001_0045.uasset" 8007
"../../../Engine/Content/EngineMaterials/Substrate/Glints2/dict_0001_0039.uasset" 8008
"../../../Engine/Content/EngineMaterials/Substrate/Glints2/dict_0001_0043.uasset" 8009
"/Engine/EngineMaterials/Substrate/Glints2/dict_0001_0035" 8010
"/Engine/EngineMaterials/Substrate/Glints2/dict_0001_0034" 8011
"/Engine/EngineMaterials/Substrate/Glints2/dict_0001_0033" 8012
"/Engine/EngineMaterials/Substrate/Glints2/dict_0001_0032" 8013
"/Engine/EngineMaterials/Substrate/Glints2/dict_0001_0031" 8014
"/Engine/EngineMaterials/Substrate/Glints2/dict_0001_0030" 8015
"/Engine/EngineMaterials/Substrate/Glints2/dict_0001_0029" 8016
"/Engine/EngineMaterials/Substrate/Glints2/dict_0001_0028" 8017
"/Engine/EngineMaterials/Substrate/Glints2/dict_0001_0027" 8018
"/Engine/EngineMaterials/Substrate/Glints2/dict_0001_0026" 8019
"/Engine/EngineMaterials/Substrate/Glints2/dict_0001_0025" 8020
"/Engine/EngineMaterials/Substrate/Glints2/dict_0001_0024" 8021
"/Engine/EngineMaterials/Substrate/Glints2/dict_0001_0023" 8022
"/Engine/EngineMaterials/Substrate/Glints2/dict_0001_0022" 8023
"/Engine/EngineMaterials/Substrate/Glints2/dict_0001_0021" 8024
"/Engine/EngineMaterials/Substrate/Glints2/dict_0001_0020" 8025
"/Engine/EngineMaterials/Substrate/Glints2/dict_0001_0019" 8026
"/Engine/EngineMaterials/Substrate/Glints2/dict_0001_0018" 8027
"/Engine/EngineMaterials/Substrate/Glints2/dict_0001_0017" 8028
"../../../Engine/Content/EngineMaterials/Substrate/Glints2/dict_0001_0049.uasset" 8029
"../../../Engine/Content/EngineMaterials/Substrate/Glints2/dict_0001_0052.uasset" 8030
"../../../Engine/Content/EngineMaterials/Substrate/Glints2/dict_0001_0053.uasset" 8031
"../../../Engine/Content/EngineMaterials/Substrate/Glints2/dict_0001_0050.uasset" 8032
"../../../Engine/Content/EngineMaterials/Substrate/Glints2/dict_0001_0057.uasset" 8033
"../../../Engine/Content/EngineMaterials/Substrate/Glints2/dict_0001_0055.uasset" 8034
"../../../Engine/Content/EngineMaterials/Substrate/Glints2/dict_0001_0056.uasset" 8035
"../../../Engine/Content/EngineMaterials/Substrate/Glints2/dict_0001_0058.uasset" 8036
"../../../Engine/Content/EngineMaterials/Substrate/Glints2/dict_0001_0051.uasset" 8037
"../../../Engine/Content/EngineMaterials/Substrate/Glints2/dict_0001_0066.uasset" 8038
"../../../Engine/Content/EngineMaterials/Substrate/Glints2/dict_0001_0054.uasset" 8039
"../../../Engine/Content/EngineMaterials/Substrate/Glints2/dict_0001_0060.uasset" 8040
"../../../Engine/Content/EngineMaterials/Substrate/Glints2/dict_0001_0064.uasset" 8041
"../../../Engine/Content/EngineMaterials/Substrate/Glints2/dict_0001_0065.uasset" 8042
"../../../Engine/Content/EngineMaterials/Substrate/Glints2/dict_0001_0068.uasset" 8043
"/Engine/EngineMaterials/Substrate/Glints2/dict_0001_0048" 8044
"../../../Engine/Content/EngineMaterials/Substrate/Glints2/dict_0001_0059.uasset" 8045
"../../../Engine/Content/EngineMaterials/Substrate/Glints2/dict_0001_0061.uasset" 8046
"../../../Engine/Content/EngineMaterials/Substrate/Glints2/dict_0001_0067.uasset" 8047
"../../../Engine/Content/EngineMaterials/Substrate/Glints2/dict_0001_0062.uasset" 8048
"../../../Engine/Content/EngineMaterials/Substrate/Glints2/dict_0001_0063.uasset" 8049
"/Engine/EngineMaterials/Substrate/Glints2/dict_0001_0047" 8050
"/Engine/EngineMaterials/Substrate/Glints2/dict_0001_0046" 8051
"/Engine/EngineMaterials/Substrate/Glints2/dict_0001_0045" 8052
"/Engine/EngineMaterials/Substrate/Glints2/dict_0001_0044" 8053
"/Engine/EngineMaterials/Substrate/Glints2/dict_0001_0043" 8054
"/Engine/EngineMaterials/Substrate/Glints2/dict_0001_0042" 8055
"/Engine/EngineMaterials/Substrate/Glints2/dict_0001_0041" 8056
"/Engine/EngineMaterials/Substrate/Glints2/dict_0001_0040" 8057
"/Engine/EngineMaterials/Substrate/Glints2/dict_0001_0050" 8058
"/Engine/EngineMaterials/Substrate/Glints2/dict_0001_0049" 8059
"/Engine/EngineMaterials/Substrate/Glints2/dict_0001_0039" 8060
"/Engine/EngineMaterials/Substrate/Glints2/dict_0001_0038" 8061
"/Engine/EngineMaterials/Substrate/Glints2/dict_0001_0037" 8062
"../../../Engine/Content/EngineMaterials/Substrate/Glints2/dict_0001_0073.uasset" 8063
"../../../Engine/Content/EngineMaterials/Substrate/Glints2/dict_0001_0076.uasset" 8064
"../../../Engine/Content/EngineMaterials/Substrate/Glints2/dict_0001_0069.uasset" 8065
"../../../Engine/Content/EngineMaterials/Substrate/Glints2/dict_0001_0081.uasset" 8066
"../../../Engine/Content/EngineMaterials/Substrate/Glints2/dict_0001_0077.uasset" 8067
"../../../Engine/Content/EngineMaterials/Substrate/Glints2/dict_0001_0070.uasset" 8068
"../../../Engine/Content/EngineMaterials/Substrate/Glints2/dict_0001_0072.uasset" 8069
"../../../Engine/Content/EngineMaterials/Substrate/Glints2/dict_0001_0078.uasset" 8070
"../../../Engine/Content/EngineMaterials/Substrate/Glints2/dict_0001_0074.uasset" 8071
"../../../Engine/Content/EngineMaterials/Substrate/Glints2/dict_0001_0082.uasset" 8072
"../../../Engine/Content/EngineMaterials/Substrate/Glints2/dict_0001_0079.uasset" 8073
"../../../Engine/Content/EngineMaterials/Substrate/Glints2/dict_0001_0075.uasset" 8074
"/Engine/EngineMaterials/Substrate/Glints2/dict_0001_0068" 8075
"../../../Engine/Content/EngineMaterials/Substrate/Glints2/dict_0001_0080.uasset" 8076
"../../../Engine/Content/EngineMaterials/Substrate/Glints2/dict_0001_0071.uasset" 8077
"/Engine/EngineMaterials/Substrate/Glints2/dict_0001_0067" 8078
"/Engine/EngineMaterials/Substrate/Glints2/dict_0001_0066" 8079
"/Engine/EngineMaterials/Substrate/Glints2/dict_0001_0065" 8080
"/Engine/EngineMaterials/Substrate/Glints2/dict_0001_0064" 8081
"/Engine/EngineMaterials/Substrate/Glints2/dict_0001_0063" 8082
"/Engine/EngineMaterials/Substrate/Glints2/dict_0001_0062" 8083
"/Engine/EngineMaterials/Substrate/Glints2/dict_0001_0061" 8084
"/Engine/EngineMaterials/Substrate/Glints2/dict_0001_0060" 8085
"/Engine/EngineMaterials/Substrate/Glints2/dict_0001_0059" 8086
"/Engine/EngineMaterials/Substrate/Glints2/dict_0001_0058" 8087
"/Engine/EngineMaterials/Substrate/Glints2/dict_0001_0057" 8088
"/Engine/EngineMaterials/Substrate/Glints2/dict_0001_0056" 8089
"/Engine/EngineMaterials/Substrate/Glints2/dict_0001_0055" 8090
"/Engine/EngineMaterials/Substrate/Glints2/dict_0001_0054" 8091
"/Engine/EngineMaterials/Substrate/Glints2/dict_0001_0053" 8092
"/Engine/EngineMaterials/Substrate/Glints2/dict_0001_0052" 8093
"/Engine/EngineMaterials/Substrate/Glints2/dict_0001_0051" 8094
"../../../Engine/Content/EngineMaterials/Substrate/Glints2/dict_0001_0084.uasset" 8095
"../../../Engine/Content/EngineMaterials/Substrate/Glints2/dict_0001_0085.uasset" 8096
"../../../Engine/Content/EngineMaterials/Substrate/Glints2/dict_0001_0083.uasset" 8097
"../../../Engine/Content/EngineMaterials/Substrate/Glints2/dict_0001_0088.uasset" 8098
"../../../Engine/Content/EngineMaterials/Substrate/Glints2/dict_0001_0092.uasset" 8099
"../../../Engine/Content/EngineMaterials/Substrate/Glints2/dict_0001_0086.uasset" 8100
"../../../Engine/Content/EngineMaterials/Substrate/Glints2/dict_0001_0097.uasset" 8101
"../../../Engine/Content/EngineMaterials/Substrate/Glints2/dict_0001_0087.uasset" 8102
"../../../Engine/Content/EngineMaterials/Substrate/Glints2/dict_0001_0096.uasset" 8103
"../../../Engine/Content/EngineMaterials/Substrate/Glints2/dict_0001_0099.uasset" 8104
"../../../Engine/Content/EngineMaterials/Substrate/Glints2/dict_0001_0094.uasset" 8105
"/Engine/EngineMaterials/Substrate/Glints2/dict_0001_0082" 8106
"../../../Engine/Content/EngineMaterials/Substrate/Glints2/dict_0001_0091.uasset" 8107
"../../../Engine/Content/EngineMaterials/Substrate/Glints2/dict_0001_0098.uasset" 8108
"../../../Engine/Content/EngineMaterials/Substrate/Glints2/dict_0001_0100.uasset" 8109
"../../../Engine/Content/EngineMaterials/Substrate/Glints2/dict_0001_0093.uasset" 8110
"../../../Engine/Content/EngineMaterials/Substrate/Glints2/dict_0001_0090.uasset" 8111
"../../../Engine/Content/EngineMaterials/Substrate/Glints2/dict_0001_0095.uasset" 8112
"../../../Engine/Content/EngineMaterials/Substrate/Glints2/dict_0001_0089.uasset" 8113
"/Engine/EngineMaterials/Substrate/Glints2/dict_0001_0081" 8114
"/Engine/EngineMaterials/Substrate/Glints2/dict_0001_0080" 8115
"/Engine/EngineMaterials/Substrate/Glints2/dict_0001_0079" 8116
"/Engine/EngineMaterials/Substrate/Glints2/dict_0001_0078" 8117
"/Engine/EngineMaterials/Substrate/Glints2/dict_0001_0077" 8118
"/Engine/EngineMaterials/Substrate/Glints2/dict_0001_0076" 8119
"/Engine/EngineMaterials/Substrate/Glints2/dict_0001_0084" 8120
"/Engine/EngineMaterials/Substrate/Glints2/dict_0001_0075" 8121
"/Engine/EngineMaterials/Substrate/Glints2/dict_0001_0074" 8122
"/Engine/EngineMaterials/Substrate/Glints2/dict_0001_0073" 8123
"/Engine/EngineMaterials/Substrate/Glints2/dict_0001_0072" 8124
"/Engine/EngineMaterials/Substrate/Glints2/dict_0001_0071" 8125
"/Engine/EngineMaterials/Substrate/Glints2/dict_0001_0070" 8126
"/Engine/EngineMaterials/Substrate/Glints2/dict_0001_0069" 8127
"../../../Engine/Content/EngineMaterials/Substrate/Glints2/dict_0001_0101.uasset" 8128
"../../../Engine/Content/EngineMaterials/Substrate/Glints2/dict_0001_0104.uasset" 8129
"../../../Engine/Content/EngineMaterials/Substrate/Glints2/dict_0001_0102.uasset" 8130
"../../../Engine/Content/EngineMaterials/Substrate/Glints2/dict_0001_0111.uasset" 8131
"../../../Engine/Content/EngineMaterials/Substrate/Glints2/dict_0001_0113.uasset" 8132
"../../../Engine/Content/EngineMaterials/Substrate/Glints2/dict_0001_0103.uasset" 8133
"../../../Engine/Content/EngineMaterials/Substrate/Glints2/dict_0001_0110.uasset" 8134
"/Engine/EngineMaterials/Substrate/Glints2/dict_0001_0100" 8135
"../../../Engine/Content/EngineMaterials/Substrate/Glints2/dict_0001_0106.uasset" 8136
"../../../Engine/Content/EngineMaterials/Substrate/Glints2/dict_0001_0115.uasset" 8137
"../../../Engine/Content/EngineMaterials/Substrate/Glints2/dict_0001_0105.uasset" 8138
"../../../Engine/Content/EngineMaterials/Substrate/Glints2/dict_0001_0109.uasset" 8139
"../../../Engine/Content/EngineMaterials/Substrate/Glints2/dict_0001_0114.uasset" 8140
"../../../Engine/Content/EngineMaterials/Substrate/Glints2/dict_0001_0108.uasset" 8141
"../../../Engine/Content/EngineMaterials/Substrate/Glints2/dict_0001_0112.uasset" 8142
"../../../Engine/Content/EngineMaterials/Substrate/Glints2/dict_0001_0107.uasset" 8143
"/Engine/EngineMaterials/Substrate/Glints2/dict_0001_0099" 8144
"/Engine/EngineMaterials/Substrate/Glints2/dict_0001_0098" 8145
"/Engine/EngineMaterials/Substrate/Glints2/dict_0001_0097" 8146
"/Engine/EngineMaterials/Substrate/Glints2/dict_0001_0096" 8147
"/Engine/EngineMaterials/Substrate/Glints2/dict_0001_0095" 8148
"/Engine/EngineMaterials/Substrate/Glints2/dict_0001_0094" 8149
"/Engine/EngineMaterials/Substrate/Glints2/dict_0001_0093" 8150
"/Engine/EngineMaterials/Substrate/Glints2/dict_0001_0092" 8151
"/Engine/EngineMaterials/Substrate/Glints2/dict_0001_0091" 8152
"/Engine/EngineMaterials/Substrate/Glints2/dict_0001_0090" 8153
"/Engine/EngineMaterials/Substrate/Glints2/dict_0001_0089" 8154
"/Engine/EngineMaterials/Substrate/Glints2/dict_0001_0088" 8155
"/Engine/EngineMaterials/Substrate/Glints2/dict_0001_0087" 8156
"/Engine/EngineMaterials/Substrate/Glints2/dict_0001_0086" 8157
"/Engine/EngineMaterials/Substrate/Glints2/dict_0001_0085" 8158
"/Engine/EngineMaterials/Substrate/Glints2/dict_0001_0083" 8159
"../../../Engine/Content/EngineMaterials/Substrate/Glints2/dict_0001_0116.uasset" 8160
"../../../Engine/Content/EngineMaterials/Substrate/Glints2/dict_0001_0117.uasset" 8161
"../../../Engine/Content/EngineMaterials/Substrate/Glints2/dict_0001_0128.uasset" 8162
"../../../Engine/Content/EngineMaterials/Substrate/Glints2/dict_0001_0124.uasset" 8163
"../../../Engine/Content/EngineMaterials/Substrate/Glints2/dict_0001_0123.uasset" 8164
"../../../Engine/Content/EngineMaterials/Substrate/Glints2/dict_0001_0120.uasset" 8165
"../../../Engine/Content/EngineMaterials/Substrate/Glints2/dict_0001_0126.uasset" 8166
"/Engine/EngineMaterials/Substrate/Glints2/dict_0001_0115" 8167
"../../../Engine/Content/EngineMaterials/Substrate/Glints2/dict_0001_0118.uasset" 8168
"../../../Engine/Content/EngineMaterials/Substrate/Glints2/dict_0001_0131.uasset" 8169
"../../../Engine/Content/EngineMaterials/Substrate/Glints2/dict_0001_0127.uasset" 8170
"../../../Engine/Content/EngineMaterials/Substrate/Glints2/dict_0001_0129.uasset" 8171
"../../../Engine/Content/EngineMaterials/Substrate/Glints2/dict_0001_0132.uasset" 8172
"../../../Engine/Content/EngineMaterials/Substrate/Glints2/dict_0001_0122.uasset" 8173
"../../../Engine/Content/EngineMaterials/Substrate/Glints2/dict_0001_0119.uasset" 8174
"../../../Engine/Content/EngineMaterials/Substrate/Glints2/dict_0001_0130.uasset" 8175
"../../../Engine/Content/EngineMaterials/Substrate/Glints2/dict_0001_0125.uasset" 8176
"../../../Engine/Content/EngineMaterials/Substrate/Glints2/dict_0001_0121.uasset" 8177
"/Engine/EngineMaterials/Substrate/Glints2/dict_0001_0114" 8178
"/Engine/EngineMaterials/Substrate/Glints2/dict_0001_0113" 8179
"/Engine/EngineMaterials/Substrate/Glints2/dict_0001_0112" 8180
"/Engine/EngineMaterials/Substrate/Glints2/dict_0001_0111" 8181
"/Engine/EngineMaterials/Substrate/Glints2/dict_0001_0110" 8182
"/Engine/EngineMaterials/Substrate/Glints2/dict_0001_0109" 8183
"/Engine/EngineMaterials/Substrate/Glints2/dict_0001_0108" 8184
"/Engine/EngineMaterials/Substrate/Glints2/dict_0001_0107" 8185
"/Engine/EngineMaterials/Substrate/Glints2/dict_0001_0106" 8186
"/Engine/EngineMaterials/Substrate/Glints2/dict_0001_0105" 8187
"/Engine/EngineMaterials/Substrate/Glints2/dict_0001_0104" 8188
"/Engine/EngineMaterials/Substrate/Glints2/dict_0001_0103" 8189
"/Engine/EngineMaterials/Substrate/Glints2/dict_0001_0102" 8190
"/Engine/EngineMaterials/Substrate/Glints2/dict_0001_0101" 8191
"../../../Engine/Content/EngineMaterials/Substrate/Glints2/dict_0001_0133.uasset" 8192
"../../../Engine/Content/EngineMaterials/Substrate/Glints2/dict_0001_0140.uasset" 8193
"../../../Engine/Content/EngineMaterials/Substrate/Glints2/dict_0001_0142.uasset" 8194
"../../../Engine/Content/EngineMaterials/Substrate/Glints2/dict_0001_0137.uasset" 8195
"../../../Engine/Content/EngineMaterials/Substrate/Glints2/dict_0001_0134.uasset" 8196
"../../../Engine/Content/EngineMaterials/Substrate/Glints2/dict_0001_0141.uasset" 8197
"../../../Engine/Content/EngineMaterials/Substrate/Glints2/dict_0001_0143.uasset" 8198
"../../../Engine/Content/EngineMaterials/Substrate/Glints2/dict_0001_0144.uasset" 8199
"../../../Engine/Content/EngineMaterials/Substrate/Glints2/dict_0001_0139.uasset" 8200
"/Engine/EngineMaterials/Substrate/Glints2/dict_0001_0132" 8201
"../../../Engine/Content/EngineMaterials/Substrate/Glints2/dict_0001_0136.uasset" 8202
"../../../Engine/Content/EngineMaterials/Substrate/Glints2/dict_0001_0135.uasset" 8203
"../../../Engine/Content/EngineMaterials/Substrate/Glints2/dict_0001_0147.uasset" 8204
"../../../Engine/Content/EngineMaterials/Substrate/Glints2/dict_0001_0146.uasset" 8205
"../../../Engine/Content/EngineMaterials/Substrate/Glints2/dict_0001_0145.uasset" 8206
"../../../Engine/Content/EngineMaterials/Substrate/Glints2/dict_0001_0138.uasset" 8207
"/Engine/EngineMaterials/Substrate/Glints2/dict_0001_0131" 8208
"/Engine/EngineMaterials/Substrate/Glints2/dict_0001_0130" 8209
"/Engine/EngineMaterials/Substrate/Glints2/dict_0001_0129" 8210
"/Engine/EngineMaterials/Substrate/Glints2/dict_0001_0128" 8211
"/Engine/EngineMaterials/Substrate/Glints2/dict_0001_0127" 8212
"/Engine/EngineMaterials/Substrate/Glints2/dict_0001_0126" 8213
"/Engine/EngineMaterials/Substrate/Glints2/dict_0001_0125" 8214
"/Engine/EngineMaterials/Substrate/Glints2/dict_0001_0124" 8215
"/Engine/EngineMaterials/Substrate/Glints2/dict_0001_0123" 8216
"/Engine/EngineMaterials/Substrate/Glints2/dict_0001_0122" 8217
"/Engine/EngineMaterials/Substrate/Glints2/dict_0001_0121" 8218
"/Engine/EngineMaterials/Substrate/Glints2/dict_0001_0120" 8219
"/Engine/EngineMaterials/Substrate/Glints2/dict_0001_0119" 8220
"/Engine/EngineMaterials/Substrate/Glints2/dict_0001_0118" 8221
"/Engine/EngineMaterials/Substrate/Glints2/dict_0001_0117" 8222
"/Engine/EngineMaterials/Substrate/Glints2/dict_0001_0116" 8223
"../../../Engine/Content/EngineMaterials/Substrate/Glints2/dict_0001_0150.uasset" 8224
"../../../Engine/Content/EngineMaterials/Substrate/Glints2/dict_0001_0148.uasset" 8225
"../../../Engine/Content/EngineMaterials/Substrate/Glints2/dict_0001_0152.uasset" 8226
"../../../Engine/Content/EngineMaterials/Substrate/Glints2/dict_0001_0157.uasset" 8227
"../../../Engine/Content/EngineMaterials/Substrate/Glints2/dict_0001_0151.uasset" 8228
"../../../Engine/Content/EngineMaterials/Substrate/Glints2/dict_0001_0155.uasset" 8229
"../../../Engine/Content/EngineMaterials/Substrate/Glints2/dict_0001_0158.uasset" 8230
"../../../Engine/Content/EngineMaterials/Substrate/Glints2/dict_0001_0156.uasset" 8231
"../../../Engine/Content/EngineMaterials/Substrate/Glints2/dict_0001_0160.uasset" 8232
"../../../Engine/Content/EngineMaterials/Substrate/Glints2/dict_0001_0153.uasset" 8233
"../../../Engine/Content/EngineMaterials/Substrate/Glints2/dict_0001_0149.uasset" 8234
"../../../Engine/Content/EngineMaterials/Substrate/Glints2/dict_0001_0161.uasset" 8235
"/Engine/EngineMaterials/Substrate/Glints2/dict_0001_0147" 8236
"../../../Engine/Content/EngineMaterials/Substrate/Glints2/dict_0001_0154.uasset" 8237
"../../../Engine/Content/EngineMaterials/Substrate/Glints2/dict_0001_0162.uasset" 8238
"../../../Engine/Content/EngineMaterials/Substrate/Glints2/dict_0001_0163.uasset" 8239
"../../../Engine/Content/EngineMaterials/Substrate/Glints2/dict_0001_0159.uasset" 8240
"../../../Engine/Content/EngineMaterials/Substrate/Glints2/dict_0001_0164.uasset" 8241
"/Engine/EngineMaterials/Substrate/Glints2/dict_0001_0146" 8242
"/Engine/EngineMaterials/Substrate/Glints2/dict_0001_0145" 8243
"/Engine/EngineMaterials/Substrate/Glints2/dict_0001_0144" 8244
"/Engine/EngineMaterials/Substrate/Glints2/dict_0001_0143" 8245
"/Engine/EngineMaterials/Substrate/Glints2/dict_0001_0142" 8246
"/Engine/EngineMaterials/Substrate/Glints2/dict_0001_0141" 8247
"/Engine/EngineMaterials/Substrate/Glints2/dict_0001_0140" 8248
"/Engine/EngineMaterials/Substrate/Glints2/dict_0001_0139" 8249
"/Engine/EngineMaterials/Substrate/Glints2/dict_0001_0138" 8250
"/Engine/EngineMaterials/Substrate/Glints2/dict_0001_0137" 8251
"/Engine/EngineMaterials/Substrate/Glints2/dict_0001_0136" 8252
"/Engine/EngineMaterials/Substrate/Glints2/dict_0001_0135" 8253
"/Engine/EngineMaterials/Substrate/Glints2/dict_0001_0134" 8254
"/Engine/EngineMaterials/Substrate/Glints2/dict_0001_0133" 8255
"../../../Engine/Content/EngineMaterials/Substrate/Glints2/dict_0001_0165.uasset" 8256
"../../../Engine/Content/EngineMaterials/Substrate/Glints2/dict_0001_0169.uasset" 8257
"../../../Engine/Content/EngineMaterials/Substrate/Glints2/dict_0001_0172.uasset" 8258
"../../../Engine/Content/EngineMaterials/Substrate/Glints2/dict_0001_0167.uasset" 8259
"../../../Engine/Content/EngineMaterials/Substrate/Glints2/dict_0001_0171.uasset" 8260
"../../../Engine/Content/EngineMaterials/Substrate/Glints2/dict_0001_0176.uasset" 8261
"../../../Engine/Content/EngineMaterials/Substrate/Glints2/dict_0001_0166.uasset" 8262
"../../../Engine/Content/EngineMaterials/Substrate/Glints2/dict_0001_0173.uasset" 8263
"../../../Engine/Content/EngineMaterials/Substrate/Glints2/dict_0001_0168.uasset" 8264
"/Engine/EngineMaterials/Substrate/Glints2/dict_0001_0164" 8265
"../../../Engine/Content/EngineMaterials/Substrate/Glints2/dict_0001_0178.uasset" 8266
"../../../Engine/Content/EngineMaterials/Substrate/Glints2/dict_0001_0174.uasset" 8267
"../../../Engine/Content/EngineMaterials/Substrate/Glints2/dict_0001_0175.uasset" 8268
"../../../Engine/Content/EngineMaterials/Substrate/Glints2/dict_0001_0177.uasset" 8269
"../../../Engine/Content/EngineMaterials/Substrate/Glints2/dict_0001_0170.uasset" 8270
"../../../Engine/Content/EngineMaterials/Substrate/Glints2/dict_0001_0179.uasset" 8271
"/Engine/EngineMaterials/Substrate/Glints2/dict_0001_0163" 8272
"/Engine/EngineMaterials/Substrate/Glints2/dict_0001_0162" 8273
"/Engine/EngineMaterials/Substrate/Glints2/dict_0001_0161" 8274
"/Engine/EngineMaterials/Substrate/Glints2/dict_0001_0160" 8275
"/Engine/EngineMaterials/Substrate/Glints2/dict_0001_0159" 8276
"/Engine/EngineMaterials/Substrate/Glints2/dict_0001_0158" 8277
"/Engine/EngineMaterials/Substrate/Glints2/dict_0001_0157" 8278
"/Engine/EngineMaterials/Substrate/Glints2/dict_0001_0156" 8279
"/Engine/EngineMaterials/Substrate/Glints2/dict_0001_0155" 8280
"/Engine/EngineMaterials/Substrate/Glints2/dict_0001_0154" 8281
"/Engine/EngineMaterials/Substrate/Glints2/dict_0001_0153" 8282
"/Engine/EngineMaterials/Substrate/Glints2/dict_0001_0152" 8283
"/Engine/EngineMaterials/Substrate/Glints2/dict_0001_0151" 8284
"/Engine/EngineMaterials/Substrate/Glints2/dict_0001_0150" 8285
"/Engine/EngineMaterials/Substrate/Glints2/dict_0001_0149" 8286
"/Engine/EngineMaterials/Substrate/Glints2/dict_0001_0148" 8287
"/Engine/EngineMaterials/Substrate/Glints2/dict_0001_0165" 8288
"../../../Engine/Content/EngineMaterials/Substrate/Glints2/dict_0001_0181.uasset" 8289
"../../../Engine/Content/EngineMaterials/Substrate/Glints2/dict_0001_0182.uasset" 8290
"../../../Engine/Content/EngineMaterials/Substrate/Glints2/dict_0001_0183.uasset" 8291
"../../../Engine/Content/EngineMaterials/Substrate/Glints2/dict_0001_0184.uasset" 8292
"../../../Engine/Content/EngineMaterials/Substrate/Glints2/dict_0001_0188.uasset" 8293
"../../../Engine/Content/EngineMaterials/Substrate/Glints2/dict_0001_0192.uasset" 8294
"../../../Engine/Content/EngineMaterials/Substrate/Glints2/dict_0001_0180.uasset" 8295
"/Engine/EngineMaterials/Substrate/Glints2/dict_0001_0179" 8296
"../../../Engine/Content/EngineMaterials/Substrate/Glints2/dict_0001_0195.uasset" 8297
"../../../Engine/Content/EngineMaterials/Substrate/Glints2/dict_0001_0190.uasset" 8298
"../../../Engine/Content/EngineMaterials/Substrate/Glints2/dict_0001_0191.uasset" 8299
"../../../Engine/Content/EngineMaterials/Substrate/Glints2/dict_0001_0197.uasset" 8300
"../../../Engine/Content/EngineMaterials/Substrate/Glints2/dict_0001_0194.uasset" 8301
"../../../Engine/Content/EngineMaterials/Substrate/Glints2/dict_0001_0187.uasset" 8302
"../../../Engine/Content/EngineMaterials/Substrate/Glints2/dict_0001_0186.uasset" 8303
"../../../Engine/Content/EngineMaterials/Substrate/Glints2/dict_0001_0196.uasset" 8304
"../../../Engine/Content/EngineMaterials/Substrate/Glints2/dict_0001_0193.uasset" 8305
"../../../Engine/Content/EngineMaterials/Substrate/Glints2/dict_0001_0189.uasset" 8306
"../../../Engine/Content/EngineMaterials/Substrate/Glints2/dict_0001_0185.uasset" 8307
"/Engine/EngineMaterials/Substrate/Glints2/dict_0001_0178" 8308
"/Engine/EngineMaterials/Substrate/Glints2/dict_0001_0177" 8309
"/Engine/EngineMaterials/Substrate/Glints2/dict_0001_0176" 8310
"/Engine/EngineMaterials/Substrate/Glints2/dict_0001_0175" 8311
"/Engine/EngineMaterials/Substrate/Glints2/dict_0001_0174" 8312
"/Engine/EngineMaterials/Substrate/Glints2/dict_0001_0173" 8313
"/Engine/EngineMaterials/Substrate/Glints2/dict_0001_0172" 8314
"/Engine/EngineMaterials/Substrate/Glints2/dict_0001_0171" 8315
"/Engine/EngineMaterials/Substrate/Glints2/dict_0001_0170" 8316
"/Engine/EngineMaterials/Substrate/Glints2/dict_0001_0169" 8317
"/Engine/EngineMaterials/Substrate/Glints2/dict_0001_0168" 8318
"/Engine/EngineMaterials/Substrate/Glints2/dict_0001_0167" 8319
"/Engine/EngineMaterials/Substrate/Glints2/dict_0001_0166" 8320
"../../../Engine/Content/EngineMaterials/Substrate/Glints2/dict_0001_0200.uasset" 8321
"../../../Engine/Content/EngineMaterials/Substrate/Glints2/dict_0001_0198.uasset" 8322
"../../../Engine/Content/EngineMaterials/Substrate/Glints2/dict_0001_0201.uasset" 8323
"../../../Engine/Content/EngineMaterials/Substrate/Glints2/dict_0001_0207.uasset" 8324
"../../../Engine/Content/EngineMaterials/Substrate/Glints2/dict_0001_0199.uasset" 8325
"../../../Engine/Content/EngineMaterials/Substrate/Glints2/dict_0001_0210.uasset" 8326
"../../../Engine/Content/EngineMaterials/Substrate/Glints2/dict_0001_0202.uasset" 8327
"../../../Engine/Content/EngineMaterials/Substrate/Glints2/dict_0001_0208.uasset" 8328
"../../../Engine/Content/EngineMaterials/Substrate/Glints2/dict_0001_0211.uasset" 8329
"../../../Engine/Content/EngineMaterials/Substrate/Glints2/dict_0001_0204.uasset" 8330
"../../../Engine/Content/EngineMaterials/Substrate/Glints2/dict_0001_0206.uasset" 8331
"../../../Engine/Content/EngineMaterials/Substrate/Glints2/dict_0001_0203.uasset" 8332
"../../../Engine/Content/EngineMaterials/Substrate/Glints2/dict_0001_0209.uasset" 8333
"/Engine/EngineMaterials/Substrate/Glints2/dict_0001_0197" 8334
"../../../Engine/Content/EngineMaterials/Substrate/Glints2/dict_0001_0205.uasset" 8335
"/Engine/EngineMaterials/Substrate/Glints2/dict_0001_0196" 8336
"/Engine/EngineMaterials/Substrate/Glints2/dict_0001_0195" 8337
"/Engine/EngineMaterials/Substrate/Glints2/dict_0001_0194" 8338
"/Engine/EngineMaterials/Substrate/Glints2/dict_0001_0193" 8339
"/Engine/EngineMaterials/Substrate/Glints2/dict_0001_0192" 8340
"/Engine/EngineMaterials/Substrate/Glints2/dict_0001_0191" 8341
"/Engine/EngineMaterials/Substrate/Glints2/dict_0001_0190" 8342
"/Engine/EngineMaterials/Substrate/Glints2/dict_0001_0189" 8343
"/Engine/EngineMaterials/Substrate/Glints2/dict_0001_0188" 8344
"/Engine/EngineMaterials/Substrate/Glints2/dict_0001_0187" 8345
"/Engine/EngineMaterials/Substrate/Glints2/dict_0001_0186" 8346
"/Engine/EngineMaterials/Substrate/Glints2/dict_0001_0185" 8347
"/Engine/EngineMaterials/Substrate/Glints2/dict_0001_0184" 8348
"/Engine/EngineMaterials/Substrate/Glints2/dict_0001_0183" 8349
"/Engine/EngineMaterials/Substrate/Glints2/dict_0001_0182" 8350
"/Engine/EngineMaterials/Substrate/Glints2/dict_0001_0181" 8351
"/Engine/EngineMaterials/Substrate/Glints2/dict_0001_0180" 8352
"../../../Engine/Content/EngineMaterials/Substrate/Glints2/dict_0001_0213.uasset" 8353
"../../../Engine/Content/EngineMaterials/Substrate/Glints2/dict_0001_0217.uasset" 8354
"../../../Engine/Content/EngineMaterials/Substrate/Glints2/dict_0001_0222.uasset" 8355
"../../../Engine/Content/EngineMaterials/Substrate/Glints2/dict_0001_0220.uasset" 8356
"../../../Engine/Content/EngineMaterials/Substrate/Glints2/dict_0001_0219.uasset" 8357
"../../../Engine/Content/EngineMaterials/Substrate/Glints2/dict_0001_0214.uasset" 8358
"../../../Engine/Content/EngineMaterials/Substrate/Glints2/dict_0001_0221.uasset" 8359
"../../../Engine/Content/EngineMaterials/Substrate/Glints2/dict_0001_0225.uasset" 8360
"../../../Engine/Content/EngineMaterials/Substrate/Glints2/dict_0001_0215.uasset" 8361
"../../../Engine/Content/EngineMaterials/Substrate/Glints2/dict_0001_0216.uasset" 8362
"../../../Engine/Content/EngineMaterials/Substrate/Glints2/dict_0001_0229.uasset" 8363
"../../../Engine/Content/EngineMaterials/Substrate/Glints2/dict_0001_0212.uasset" 8364
"../../../Engine/Content/EngineMaterials/Substrate/Glints2/dict_0001_0224.uasset" 8365
"../../../Engine/Content/EngineMaterials/Substrate/Glints2/dict_0001_0223.uasset" 8366
"../../../Engine/Content/EngineMaterials/Substrate/Glints2/dict_0001_0227.uasset" 8367
"../../../Engine/Content/EngineMaterials/Substrate/Glints2/dict_0001_0228.uasset" 8368
"../../../Engine/Content/EngineMaterials/Substrate/Glints2/dict_0001_0226.uasset" 8369
"/Engine/EngineMaterials/Substrate/Glints2/dict_0001_0211" 8370
"../../../Engine/Content/EngineMaterials/Substrate/Glints2/dict_0001_0218.uasset" 8371
"/Engine/EngineMaterials/Substrate/Glints2/dict_0001_0210" 8372
"/Engine/EngineMaterials/Substrate/Glints2/dict_0001_0209" 8373
"/Engine/EngineMaterials/Substrate/Glints2/dict_0001_0208" 8374
"/Engine/EngineMaterials/Substrate/Glints2/dict_0001_0207" 8375
"/Engine/EngineMaterials/Substrate/Glints2/dict_0001_0206" 8376
"/Engine/EngineMaterials/Substrate/Glints2/dict_0001_0205" 8377
"/Engine/EngineMaterials/Substrate/Glints2/dict_0001_0204" 8378
"/Engine/EngineMaterials/Substrate/Glints2/dict_0001_0203" 8379
"/Engine/EngineMaterials/Substrate/Glints2/dict_0001_0202" 8380
"/Engine/EngineMaterials/Substrate/Glints2/dict_0001_0201" 8381
"/Engine/EngineMaterials/Substrate/Glints2/dict_0001_0200" 8382
"/Engine/EngineMaterials/Substrate/Glints2/dict_0001_0199" 8383
"/Engine/EngineMaterials/Substrate/Glints2/dict_0001_0198" 8384
"../../../Engine/Content/EngineMaterials/Substrate/Glints2/dict_0001_0232.uasset" 8385
"../../../Engine/Content/EngineMaterials/Substrate/Glints2/dict_0001_0234.uasset" 8386
"../../../Engine/Content/EngineMaterials/Substrate/Glints2/dict_0001_0231.uasset" 8387
"../../../Engine/Content/EngineMaterials/Substrate/Glints2/dict_0001_0236.uasset" 8388
"../../../Engine/Content/EngineMaterials/Substrate/Glints2/dict_0001_0242.uasset" 8389
"../../../Engine/Content/EngineMaterials/Substrate/Glints2/dict_0001_0233.uasset" 8390
"../../../Engine/Content/EngineMaterials/Substrate/Glints2/dict_0001_0243.uasset" 8391
"../../../Engine/Content/EngineMaterials/Substrate/Glints2/dict_0001_0239.uasset" 8392
"../../../Engine/Content/EngineMaterials/Substrate/Glints2/dict_0001_0237.uasset" 8393
"../../../Engine/Content/EngineMaterials/Substrate/Glints2/dict_0001_0240.uasset" 8394
"../../../Engine/Content/EngineMaterials/Substrate/Glints2/dict_0001_0241.uasset" 8395
"../../../Engine/Content/EngineMaterials/Substrate/Glints2/dict_0001_0230.uasset" 8396
"/Engine/EngineMaterials/Substrate/Glints2/dict_0001_0229" 8397
"../../../Engine/Content/EngineMaterials/Substrate/Glints2/dict_0001_0235.uasset" 8398
"../../../Engine/Content/EngineMaterials/Substrate/Glints2/dict_0001_0238.uasset" 8399
"/Engine/EngineMaterials/Substrate/Glints2/dict_0001_0228" 8400
"/Engine/EngineMaterials/Substrate/Glints2/dict_0001_0227" 8401
"/Engine/EngineMaterials/Substrate/Glints2/dict_0001_0226" 8402
"/Engine/EngineMaterials/Substrate/Glints2/dict_0001_0225" 8403
"/Engine/EngineMaterials/Substrate/Glints2/dict_0001_0224" 8404
"/Engine/EngineMaterials/Substrate/Glints2/dict_0001_0223" 8405
"/Engine/EngineMaterials/Substrate/Glints2/dict_0001_0222" 8406
"/Engine/EngineMaterials/Substrate/Glints2/dict_0001_0221" 8407
"/Engine/EngineMaterials/Substrate/Glints2/dict_0001_0220" 8408
"/Engine/EngineMaterials/Substrate/Glints2/dict_0001_0219" 8409
"/Engine/EngineMaterials/Substrate/Glints2/dict_0001_0218" 8410
"/Engine/EngineMaterials/Substrate/Glints2/dict_0001_0217" 8411
"/Engine/EngineMaterials/Substrate/Glints2/dict_0001_0216" 8412
"/Engine/EngineMaterials/Substrate/Glints2/dict_0001_0215" 8413
"/Engine/EngineMaterials/Substrate/Glints2/dict_0001_0214" 8414
"/Engine/EngineMaterials/Substrate/Glints2/dict_0001_0213" 8415
"/Engine/EngineMaterials/Substrate/Glints2/dict_0001_0212" 8416
"../../../Engine/Content/EngineMaterials/Substrate/Glints2/dict_0001_0245.uasset" 8417
"../../../Engine/Content/EngineMaterials/Substrate/Glints2/dict_0001_0250.uasset" 8418
"../../../Engine/Content/EngineMaterials/Substrate/Glints2/dict_0001_0248.uasset" 8419
"../../../Engine/Content/EngineMaterials/Substrate/Glints2/dict_0001_0252.uasset" 8420
"../../../Engine/Content/EngineMaterials/Substrate/Glints2/dict_0001_0244.uasset" 8421
"../../../Engine/Content/EngineMaterials/Substrate/Glints2/dict_0001_0249.uasset" 8422
"../../../Engine/Content/EngineMaterials/Substrate/Glints2/dict_0001_0251.uasset" 8423
"../../../Engine/Content/EngineMaterials/Substrate/Glints2/dict_0002_0002.uasset" 8424
"../../../Engine/Content/EngineMaterials/Substrate/Glints2/dict_0002_0000.uasset" 8425
"../../../Engine/Content/EngineMaterials/Substrate/Glints2/dict_0001_0253.uasset" 8426
"../../../Engine/Content/EngineMaterials/Substrate/Glints2/dict_0001_0247.uasset" 8427
"../../../Engine/Content/EngineMaterials/Substrate/Glints2/dict_0002_0001.uasset" 8428
"../../../Engine/Content/EngineMaterials/Substrate/Glints2/dict_0001_0255.uasset" 8429
"../../../Engine/Content/EngineMaterials/Substrate/Glints2/dict_0001_0254.uasset" 8430
"../../../Engine/Content/EngineMaterials/Substrate/Glints2/dict_0001_0246.uasset" 8431
"../../../Engine/Content/EngineMaterials/Substrate/Glints2/dict_0002_0005.uasset" 8432
"../../../Engine/Content/EngineMaterials/Substrate/Glints2/dict_0002_0003.uasset" 8433
"../../../Engine/Content/EngineMaterials/Substrate/Glints2/dict_0002_0004.uasset" 8434
"/Engine/EngineMaterials/Substrate/Glints2/dict_0001_0243" 8435
"/Engine/EngineMaterials/Substrate/Glints2/dict_0001_0242" 8436
"/Engine/EngineMaterials/Substrate/Glints2/dict_0001_0241" 8437
"/Engine/EngineMaterials/Substrate/Glints2/dict_0001_0240" 8438
"/Engine/EngineMaterials/Substrate/Glints2/dict_0001_0239" 8439
"/Engine/EngineMaterials/Substrate/Glints2/dict_0001_0238" 8440
"/Engine/EngineMaterials/Substrate/Glints2/dict_0001_0237" 8441
"/Engine/EngineMaterials/Substrate/Glints2/dict_0001_0236" 8442
"/Engine/EngineMaterials/Substrate/Glints2/dict_0001_0235" 8443
"/Engine/EngineMaterials/Substrate/Glints2/dict_0001_0234" 8444
"/Engine/EngineMaterials/Substrate/Glints2/dict_0001_0233" 8445
"/Engine/EngineMaterials/Substrate/Glints2/dict_0001_0232" 8446
"/Engine/EngineMaterials/Substrate/Glints2/dict_0001_0231" 8447
"/Engine/EngineMaterials/Substrate/Glints2/dict_0001_0230" 8448
"../../../Engine/Content/EngineMaterials/Substrate/Glints2/dict_0002_0007.uasset" 8449
"../../../Engine/Content/EngineMaterials/Substrate/Glints2/dict_0002_0008.uasset" 8450
"../../../Engine/Content/EngineMaterials/Substrate/Glints2/dict_0002_0011.uasset" 8451
"../../../Engine/Content/EngineMaterials/Substrate/Glints2/dict_0002_0006.uasset" 8452
"../../../Engine/Content/EngineMaterials/Substrate/Glints2/dict_0002_0018.uasset" 8453
"../../../Engine/Content/EngineMaterials/Substrate/Glints2/dict_0002_0014.uasset" 8454
"../../../Engine/Content/EngineMaterials/Substrate/Glints2/dict_0002_0017.uasset" 8455
"../../../Engine/Content/EngineMaterials/Substrate/Glints2/dict_0002_0010.uasset" 8456
"../../../Engine/Content/EngineMaterials/Substrate/Glints2/dict_0002_0009.uasset" 8457
"../../../Engine/Content/EngineMaterials/Substrate/Glints2/dict_0002_0016.uasset" 8458
"../../../Engine/Content/EngineMaterials/Substrate/Glints2/dict_0002_0012.uasset" 8459
"../../../Engine/Content/EngineMaterials/Substrate/Glints2/dict_0002_0019.uasset" 8460
"../../../Engine/Content/EngineMaterials/Substrate/Glints2/dict_0002_0015.uasset" 8461
"/Engine/EngineMaterials/Substrate/Glints2/dict_0002_0005" 8462
"../../../Engine/Content/EngineMaterials/Substrate/Glints2/dict_0002_0013.uasset" 8463
"/Engine/EngineMaterials/Substrate/Glints2/dict_0002_0004" 8464
"/Engine/EngineMaterials/Substrate/Glints2/dict_0002_0003" 8465
"/Engine/EngineMaterials/Substrate/Glints2/dict_0002_0002" 8466
"/Engine/EngineMaterials/Substrate/Glints2/dict_0002_0001" 8467
"/Engine/EngineMaterials/Substrate/Glints2/dict_0002_0000" 8468
"/Engine/EngineMaterials/Substrate/Glints2/dict_0001_0255" 8469
"/Engine/EngineMaterials/Substrate/Glints2/dict_0001_0254" 8470
"/Engine/EngineMaterials/Substrate/Glints2/dict_0001_0253" 8471
"/Engine/EngineMaterials/Substrate/Glints2/dict_0001_0252" 8472
"/Engine/EngineMaterials/Substrate/Glints2/dict_0001_0251" 8473
"/Engine/EngineMaterials/Substrate/Glints2/dict_0001_0250" 8474
"/Engine/EngineMaterials/Substrate/Glints2/dict_0001_0249" 8475
"/Engine/EngineMaterials/Substrate/Glints2/dict_0001_0248" 8476
"/Engine/EngineMaterials/Substrate/Glints2/dict_0001_0247" 8477
"/Engine/EngineMaterials/Substrate/Glints2/dict_0001_0246" 8478
"/Engine/EngineMaterials/Substrate/Glints2/dict_0001_0245" 8479
"/Engine/EngineMaterials/Substrate/Glints2/dict_0001_0244" 8480
"../../../Engine/Content/EngineMaterials/Substrate/Glints2/dict_0002_0023.uasset" 8481
"../../../Engine/Content/EngineMaterials/Substrate/Glints2/dict_0002_0021.uasset" 8482
"../../../Engine/Content/EngineMaterials/Substrate/Glints2/dict_0002_0026.uasset" 8483
"../../../Engine/Content/EngineMaterials/Substrate/Glints2/dict_0002_0030.uasset" 8484
"../../../Engine/Content/EngineMaterials/Substrate/Glints2/dict_0002_0024.uasset" 8485
"../../../Engine/Content/EngineMaterials/Substrate/Glints2/dict_0002_0027.uasset" 8486
"/Engine/EngineMaterials/Substrate/Glints2/dict_0002_0019" 8487
"../../../Engine/Content/EngineMaterials/Substrate/Glints2/dict_0002_0034.uasset" 8488
"../../../Engine/Content/EngineMaterials/Substrate/Glints2/dict_0002_0036.uasset" 8489
"../../../Engine/Content/EngineMaterials/Substrate/Glints2/dict_0002_0020.uasset" 8490
"../../../Engine/Content/EngineMaterials/Substrate/Glints2/dict_0002_0025.uasset" 8491
"../../../Engine/Content/EngineMaterials/Substrate/Glints2/dict_0002_0031.uasset" 8492
"../../../Engine/Content/EngineMaterials/Substrate/Glints2/dict_0002_0035.uasset" 8493
"../../../Engine/Content/EngineMaterials/Substrate/Glints2/dict_0002_0022.uasset" 8494
"../../../Engine/Content/EngineMaterials/Substrate/Glints2/dict_0002_0033.uasset" 8495
"/Engine/EngineMaterials/Substrate/Glints2/dict_0002_0018" 8496
"../../../Engine/Content/EngineMaterials/Substrate/Glints2/dict_0002_0029.uasset" 8497
"../../../Engine/Content/EngineMaterials/Substrate/Glints2/dict_0002_0037.uasset" 8498
"../../../Engine/Content/EngineMaterials/Substrate/Glints2/dict_0002_0028.uasset" 8499
"../../../Engine/Content/EngineMaterials/Substrate/Glints2/dict_0002_0032.uasset" 8500
"/Engine/EngineMaterials/Substrate/Glints2/dict_0002_0017" 8501
"/Engine/EngineMaterials/Substrate/Glints2/dict_0002_0016" 8502
"/Engine/EngineMaterials/Substrate/Glints2/dict_0002_0015" 8503
"/Engine/EngineMaterials/Substrate/Glints2/dict_0002_0014" 8504
"/Engine/EngineMaterials/Substrate/Glints2/dict_0002_0013" 8505
"/Engine/EngineMaterials/Substrate/Glints2/dict_0002_0012" 8506
"/Engine/EngineMaterials/Substrate/Glints2/dict_0002_0011" 8507
"/Engine/EngineMaterials/Substrate/Glints2/dict_0002_0010" 8508
"/Engine/EngineMaterials/Substrate/Glints2/dict_0002_0009" 8509
"/Engine/EngineMaterials/Substrate/Glints2/dict_0002_0008" 8510
"/Engine/EngineMaterials/Substrate/Glints2/dict_0002_0007" 8511
"/Engine/EngineMaterials/Substrate/Glints2/dict_0002_0006" 8512
"../../../Engine/Content/EngineMaterials/Substrate/Glints2/dict_0002_0039.uasset" 8513
"../../../Engine/Content/EngineMaterials/Substrate/Glints2/dict_0002_0042.uasset" 8514
"../../../Engine/Content/EngineMaterials/Substrate/Glints2/dict_0002_0041.uasset" 8515
"../../../Engine/Content/EngineMaterials/Substrate/Glints2/dict_0002_0043.uasset" 8516
"../../../Engine/Content/EngineMaterials/Substrate/Glints2/dict_0002_0044.uasset" 8517
"../../../Engine/Content/EngineMaterials/Substrate/Glints2/dict_0002_0048.uasset" 8518
"/Engine/EngineMaterials/Substrate/Glints2/dict_0002_0037" 8519
"../../../Engine/Content/EngineMaterials/Substrate/Glints2/dict_0002_0038.uasset" 8520
"../../../Engine/Content/EngineMaterials/Substrate/Glints2/dict_0002_0049.uasset" 8521
"../../../Engine/Content/EngineMaterials/Substrate/Glints2/dict_0002_0046.uasset" 8522
"../../../Engine/Content/EngineMaterials/Substrate/Glints2/dict_0002_0047.uasset" 8523
"../../../Engine/Content/EngineMaterials/Substrate/Glints2/dict_0002_0051.uasset" 8524
"../../../Engine/Content/EngineMaterials/Substrate/Glints2/dict_0002_0040.uasset" 8525
"../../../Engine/Content/EngineMaterials/Substrate/Glints2/dict_0002_0045.uasset" 8526
"../../../Engine/Content/EngineMaterials/Substrate/Glints2/dict_0002_0050.uasset" 8527
"/Engine/EngineMaterials/Substrate/Glints2/dict_0002_0036" 8528
"/Engine/EngineMaterials/Substrate/Glints2/dict_0002_0035" 8529
"/Engine/EngineMaterials/Substrate/Glints2/dict_0002_0034" 8530
"/Engine/EngineMaterials/Substrate/Glints2/dict_0002_0033" 8531
"/Engine/EngineMaterials/Substrate/Glints2/dict_0002_0032" 8532
"/Engine/EngineMaterials/Substrate/Glints2/dict_0002_0031" 8533
"/Engine/EngineMaterials/Substrate/Glints2/dict_0002_0030" 8534
"/Engine/EngineMaterials/Substrate/Glints2/dict_0002_0029" 8535
"/Engine/EngineMaterials/Substrate/Glints2/dict_0002_0028" 8536
"/Engine/EngineMaterials/Substrate/Glints2/dict_0002_0027" 8537
"/Engine/EngineMaterials/Substrate/Glints2/dict_0002_0026" 8538
"/Engine/EngineMaterials/Substrate/Glints2/dict_0002_0025" 8539
"/Engine/EngineMaterials/Substrate/Glints2/dict_0002_0024" 8540
"/Engine/EngineMaterials/Substrate/Glints2/dict_0002_0023" 8541
"/Engine/EngineMaterials/Substrate/Glints2/dict_0002_0022" 8542
"/Engine/EngineMaterials/Substrate/Glints2/dict_0002_0021" 8543
"/Engine/EngineMaterials/Substrate/Glints2/dict_0002_0020" 8544
"../../../Engine/Content/EngineMaterials/Substrate/Glints2/dict_0002_0061.uasset" 8545
"../../../Engine/Content/EngineMaterials/Substrate/Glints2/dict_0002_0060.uasset" 8546
"../../../Engine/Content/EngineMaterials/Substrate/Glints2/dict_0002_0053.uasset" 8547
"../../../Engine/Content/EngineMaterials/Substrate/Glints2/dict_0002_0059.uasset" 8548
"../../../Engine/Content/EngineMaterials/Substrate/Glints2/dict_0002_0063.uasset" 8549
"../../../Engine/Content/EngineMaterials/Substrate/Glints2/dict_0002_0064.uasset" 8550
"../../../Engine/Content/EngineMaterials/Substrate/Glints2/dict_0002_0065.uasset" 8551
"../../../Engine/Content/EngineMaterials/Substrate/Glints2/dict_0002_0069.uasset" 8552
"../../../Engine/Content/EngineMaterials/Substrate/Glints2/dict_0002_0057.uasset" 8553
"../../../Engine/Content/EngineMaterials/Substrate/Glints2/dict_0002_0067.uasset" 8554
"../../../Engine/Content/EngineMaterials/Substrate/Glints2/dict_0002_0058.uasset" 8555
"../../../Engine/Content/EngineMaterials/Substrate/Glints2/dict_0002_0062.uasset" 8556
"../../../Engine/Content/EngineMaterials/Substrate/Glints2/dict_0002_0068.uasset" 8557
"/Engine/EngineMaterials/Substrate/Glints2/dict_0002_0051" 8558
"../../../Engine/Content/EngineMaterials/Substrate/Glints2/dict_0002_0056.uasset" 8559
"../../../Engine/Content/EngineMaterials/Substrate/Glints2/dict_0002_0054.uasset" 8560
"../../../Engine/Content/EngineMaterials/Substrate/Glints2/dict_0002_0052.uasset" 8561
"../../../Engine/Content/EngineMaterials/Substrate/Glints2/dict_0002_0066.uasset" 8562
"../../../Engine/Content/EngineMaterials/Substrate/Glints2/dict_0002_0055.uasset" 8563
"/Engine/EngineMaterials/Substrate/Glints2/dict_0002_0050" 8564
"/Engine/EngineMaterials/Substrate/Glints2/dict_0002_0049" 8565
"/Engine/EngineMaterials/Substrate/Glints2/dict_0002_0048" 8566
"/Engine/EngineMaterials/Substrate/Glints2/dict_0002_0047" 8567
"/Engine/EngineMaterials/Substrate/Glints2/dict_0002_0046" 8568
"/Engine/EngineMaterials/Substrate/Glints2/dict_0002_0045" 8569
"/Engine/EngineMaterials/Substrate/Glints2/dict_0002_0044" 8570
"/Engine/EngineMaterials/Substrate/Glints2/dict_0002_0043" 8571
"/Engine/EngineMaterials/Substrate/Glints2/dict_0002_0042" 8572
"/Engine/EngineMaterials/Substrate/Glints2/dict_0002_0041" 8573
"/Engine/EngineMaterials/Substrate/Glints2/dict_0002_0040" 8574
"/Engine/EngineMaterials/Substrate/Glints2/dict_0002_0039" 8575
"/Engine/EngineMaterials/Substrate/Glints2/dict_0002_0038" 8576
"../../../Engine/Content/EngineMaterials/Substrate/Glints2/dict_0002_0070.uasset" 8577
"../../../Engine/Content/EngineMaterials/Substrate/Glints2/dict_0002_0072.uasset" 8578
"../../../Engine/Content/EngineMaterials/Substrate/Glints2/dict_0002_0071.uasset" 8579
"../../../Engine/Content/EngineMaterials/Substrate/Glints2/dict_0002_0074.uasset" 8580
"../../../Engine/Content/EngineMaterials/Substrate/Glints2/dict_0002_0080.uasset" 8581
"/Engine/EngineMaterials/Substrate/Glints2/dict_0002_0069" 8582
"../../../Engine/Content/EngineMaterials/Substrate/Glints2/dict_0002_0083.uasset" 8583
"../../../Engine/Content/EngineMaterials/Substrate/Glints2/dict_0002_0082.uasset" 8584
"../../../Engine/Content/EngineMaterials/Substrate/Glints2/dict_0002_0078.uasset" 8585
"../../../Engine/Content/EngineMaterials/Substrate/Glints2/dict_0002_0076.uasset" 8586
"../../../Engine/Content/EngineMaterials/Substrate/Glints2/dict_0002_0077.uasset" 8587
"../../../Engine/Content/EngineMaterials/Substrate/Glints2/dict_0002_0073.uasset" 8588
"../../../Engine/Content/EngineMaterials/Substrate/Glints2/dict_0002_0079.uasset" 8589
"../../../Engine/Content/EngineMaterials/Substrate/Glints2/dict_0002_0081.uasset" 8590
"../../../Engine/Content/EngineMaterials/Substrate/Glints2/dict_0002_0075.uasset" 8591
"/Engine/EngineMaterials/Substrate/Glints2/dict_0002_0068" 8592
"/Engine/EngineMaterials/Substrate/Glints2/dict_0002_0067" 8593
"/Engine/EngineMaterials/Substrate/Glints2/dict_0002_0066" 8594
"/Engine/EngineMaterials/Substrate/Glints2/dict_0002_0065" 8595
"/Engine/EngineMaterials/Substrate/Glints2/dict_0002_0064" 8596
"/Engine/EngineMaterials/Substrate/Glints2/dict_0002_0063" 8597
"/Engine/EngineMaterials/Substrate/Glints2/dict_0002_0062" 8598
"/Engine/EngineMaterials/Substrate/Glints2/dict_0002_0061" 8599
"/Engine/EngineMaterials/Substrate/Glints2/dict_0002_0060" 8600
"/Engine/EngineMaterials/Substrate/Glints2/dict_0002_0059" 8601
"/Engine/EngineMaterials/Substrate/Glints2/dict_0002_0058" 8602
"/Engine/EngineMaterials/Substrate/Glints2/dict_0002_0057" 8603
"/Engine/EngineMaterials/Substrate/Glints2/dict_0002_0056" 8604
"/Engine/EngineMaterials/Substrate/Glints2/dict_0002_0055" 8605
"/Engine/EngineMaterials/Substrate/Glints2/dict_0002_0054" 8606
"/Engine/EngineMaterials/Substrate/Glints2/dict_0002_0053" 8607
"/Engine/EngineMaterials/Substrate/Glints2/dict_0002_0052" 8608
"../../../Engine/Content/EngineMaterials/Substrate/Glints2/dict_0002_0086.uasset" 8609
"../../../Engine/Content/EngineMaterials/Substrate/Glints2/dict_0002_0093.uasset" 8610
"../../../Engine/Content/EngineMaterials/Substrate/Glints2/dict_0002_0091.uasset" 8611
"../../../Engine/Content/EngineMaterials/Substrate/Glints2/dict_0002_0094.uasset" 8612
"../../../Engine/Content/EngineMaterials/Substrate/Glints2/dict_0002_0085.uasset" 8613
"/Engine/EngineMaterials/Substrate/Glints2/dict_0002_0083" 8614
"../../../Engine/Content/EngineMaterials/Substrate/Glints2/dict_0002_0095.uasset" 8615
"../../../Engine/Content/EngineMaterials/Substrate/Glints2/dict_0002_0092.uasset" 8616
"../../../Engine/Content/EngineMaterials/Substrate/Glints2/dict_0002_0100.uasset" 8617
"../../../Engine/Content/EngineMaterials/Substrate/Glints2/dict_0002_0088.uasset" 8618
"../../../Engine/Content/EngineMaterials/Substrate/Glints2/dict_0002_0098.uasset" 8619
"../../../Engine/Content/EngineMaterials/Substrate/Glints2/dict_0002_0097.uasset" 8620
"../../../Engine/Content/EngineMaterials/Substrate/Glints2/dict_0002_0096.uasset" 8621
"../../../Engine/Content/EngineMaterials/Substrate/Glints2/dict_0002_0089.uasset" 8622
"../../../Engine/Content/EngineMaterials/Substrate/Glints2/dict_0002_0090.uasset" 8623
"../../../Engine/Content/EngineMaterials/Substrate/Glints2/dict_0002_0099.uasset" 8624
"../../../Engine/Content/EngineMaterials/Substrate/Glints2/dict_0002_0087.uasset" 8625
"../../../Engine/Content/EngineMaterials/Substrate/Glints2/dict_0002_0084.uasset" 8626
"../../../Engine/Content/EngineMaterials/Substrate/Glints2/dict_0002_0101.uasset" 8627
"/Engine/EngineMaterials/Substrate/Glints2/dict_0002_0082" 8628
"/Engine/EngineMaterials/Substrate/Glints2/dict_0002_0081" 8629
"/Engine/EngineMaterials/Substrate/Glints2/dict_0002_0080" 8630
"/Engine/EngineMaterials/Substrate/Glints2/dict_0002_0079" 8631
"/Engine/EngineMaterials/Substrate/Glints2/dict_0002_0078" 8632
"/Engine/EngineMaterials/Substrate/Glints2/dict_0002_0077" 8633
"/Engine/EngineMaterials/Substrate/Glints2/dict_0002_0076" 8634
"/Engine/EngineMaterials/Substrate/Glints2/dict_0002_0075" 8635
"/Engine/EngineMaterials/Substrate/Glints2/dict_0002_0074" 8636
"/Engine/EngineMaterials/Substrate/Glints2/dict_0002_0073" 8637
"/Engine/EngineMaterials/Substrate/Glints2/dict_0002_0072" 8638
"/Engine/EngineMaterials/Substrate/Glints2/dict_0002_0071" 8639
"/Engine/EngineMaterials/Substrate/Glints2/dict_0002_0070" 8640
"../../../Engine/Content/EngineMaterials/Substrate/Glints2/dict_0002_0103.uasset" 8641
"../../../Engine/Content/EngineMaterials/Substrate/Glints2/dict_0002_0104.uasset" 8642
"../../../Engine/Content/EngineMaterials/Substrate/Glints2/dict_0002_0102.uasset" 8643
"../../../Engine/Content/EngineMaterials/Substrate/Glints2/dict_0002_0107.uasset" 8644
"../../../Engine/Content/EngineMaterials/Substrate/Glints2/dict_0002_0112.uasset" 8645
"../../../Engine/Content/EngineMaterials/Substrate/Glints2/dict_0002_0106.uasset" 8646
"../../../Engine/Content/EngineMaterials/Substrate/Glints2/dict_0002_0111.uasset" 8647
"../../../Engine/Content/EngineMaterials/Substrate/Glints2/dict_0002_0110.uasset" 8648
"../../../Engine/Content/EngineMaterials/Substrate/Glints2/dict_0002_0108.uasset" 8649
"/Engine/EngineMaterials/Substrate/Glints2/dict_0002_0101" 8650
"../../../Engine/Content/EngineMaterials/Substrate/Glints2/dict_0002_0115.uasset" 8651
"../../../Engine/Content/EngineMaterials/Substrate/Glints2/dict_0002_0114.uasset" 8652
"../../../Engine/Content/EngineMaterials/Substrate/Glints2/dict_0002_0105.uasset" 8653
"../../../Engine/Content/EngineMaterials/Substrate/Glints2/dict_0002_0113.uasset" 8654
"../../../Engine/Content/EngineMaterials/Substrate/Glints2/dict_0002_0109.uasset" 8655
"/Engine/EngineMaterials/Substrate/Glints2/dict_0002_0100" 8656
"/Engine/EngineMaterials/Substrate/Glints2/dict_0002_0099" 8657
"/Engine/EngineMaterials/Substrate/Glints2/dict_0002_0098" 8658
"/Engine/EngineMaterials/Substrate/Glints2/dict_0002_0097" 8659
"/Engine/EngineMaterials/Substrate/Glints2/dict_0002_0096" 8660
"/Engine/EngineMaterials/Substrate/Glints2/dict_0002_0095" 8661
"/Engine/EngineMaterials/Substrate/Glints2/dict_0002_0094" 8662
"/Engine/EngineMaterials/Substrate/Glints2/dict_0002_0093" 8663
"/Engine/EngineMaterials/Substrate/Glints2/dict_0002_0092" 8664
"/Engine/EngineMaterials/Substrate/Glints2/dict_0002_0091" 8665
"/Engine/EngineMaterials/Substrate/Glints2/dict_0002_0090" 8666
"/Engine/EngineMaterials/Substrate/Glints2/dict_0002_0089" 8667
"/Engine/EngineMaterials/Substrate/Glints2/dict_0002_0088" 8668
"/Engine/EngineMaterials/Substrate/Glints2/dict_0002_0087" 8669
"/Engine/EngineMaterials/Substrate/Glints2/dict_0002_0086" 8670
"/Engine/EngineMaterials/Substrate/Glints2/dict_0002_0085" 8671
"/Engine/EngineMaterials/Substrate/Glints2/dict_0002_0084" 8672
"../../../Engine/Content/EngineMaterials/Substrate/Glints2/dict_0002_0118.uasset" 8673
"../../../Engine/Content/EngineMaterials/Substrate/Glints2/dict_0002_0119.uasset" 8674
"../../../Engine/Content/EngineMaterials/Substrate/Glints2/dict_0002_0120.uasset" 8675
"../../../Engine/Content/EngineMaterials/Substrate/Glints2/dict_0002_0117.uasset" 8676
"../../../Engine/Content/EngineMaterials/Substrate/Glints2/dict_0002_0126.uasset" 8677
"../../../Engine/Content/EngineMaterials/Substrate/Glints2/dict_0002_0128.uasset" 8678
"/Engine/EngineMaterials/Substrate/Glints2/dict_0002_0115" 8679
"../../../Engine/Content/EngineMaterials/Substrate/Glints2/dict_0002_0131.uasset" 8680
"../../../Engine/Content/EngineMaterials/Substrate/Glints2/dict_0002_0130.uasset" 8681
"../../../Engine/Content/EngineMaterials/Substrate/Glints2/dict_0002_0124.uasset" 8682
"../../../Engine/Content/EngineMaterials/Substrate/Glints2/dict_0002_0129.uasset" 8683
"../../../Engine/Content/EngineMaterials/Substrate/Glints2/dict_0002_0132.uasset" 8684
"../../../Engine/Content/EngineMaterials/Substrate/Glints2/dict_0002_0125.uasset" 8685
"../../../Engine/Content/EngineMaterials/Substrate/Glints2/dict_0002_0116.uasset" 8686
"../../../Engine/Content/EngineMaterials/Substrate/Glints2/dict_0002_0127.uasset" 8687
"../../../Engine/Content/EngineMaterials/Substrate/Glints2/dict_0002_0122.uasset" 8688
"../../../Engine/Content/EngineMaterials/Substrate/Glints2/dict_0002_0123.uasset" 8689
"../../../Engine/Content/EngineMaterials/Substrate/Glints2/dict_0002_0133.uasset" 8690
"../../../Engine/Content/EngineMaterials/Substrate/Glints2/dict_0002_0121.uasset" 8691
"/Engine/EngineMaterials/Substrate/Glints2/dict_0002_0114" 8692
"/Engine/EngineMaterials/Substrate/Glints2/dict_0002_0113" 8693
"/Engine/EngineMaterials/Substrate/Glints2/dict_0002_0112" 8694
"/Engine/EngineMaterials/Substrate/Glints2/dict_0002_0111" 8695
"/Engine/EngineMaterials/Substrate/Glints2/dict_0002_0110" 8696
"/Engine/EngineMaterials/Substrate/Glints2/dict_0002_0109" 8697
"/Engine/EngineMaterials/Substrate/Glints2/dict_0002_0108" 8698
"/Engine/EngineMaterials/Substrate/Glints2/dict_0002_0107" 8699
"/Engine/EngineMaterials/Substrate/Glints2/dict_0002_0106" 8700
"/Engine/EngineMaterials/Substrate/Glints2/dict_0002_0105" 8701
"/Engine/EngineMaterials/Substrate/Glints2/dict_0002_0104" 8702
"/Engine/EngineMaterials/Substrate/Glints2/dict_0002_0103" 8703
"/Engine/EngineMaterials/Substrate/Glints2/dict_0002_0102" 8704
"../../../Engine/Content/EngineMaterials/Substrate/Glints2/dict_0002_0136.uasset" 8705
"../../../Engine/Content/EngineMaterials/Substrate/Glints2/dict_0002_0138.uasset" 8706
"../../../Engine/Content/EngineMaterials/Substrate/Glints2/dict_0002_0139.uasset" 8707
"../../../Engine/Content/EngineMaterials/Substrate/Glints2/dict_0002_0140.uasset" 8708
"/Engine/EngineMaterials/Substrate/Glints2/dict_0002_0133" 8709
"../../../Engine/Content/EngineMaterials/Substrate/Glints2/dict_0002_0142.uasset" 8710
"../../../Engine/Content/EngineMaterials/Substrate/Glints2/dict_0002_0135.uasset" 8711
"../../../Engine/Content/EngineMaterials/Substrate/Glints2/dict_0002_0134.uasset" 8712
"../../../Engine/Content/EngineMaterials/Substrate/Glints2/dict_0002_0145.uasset" 8713
"../../../Engine/Content/EngineMaterials/Substrate/Glints2/dict_0002_0144.uasset" 8714
"../../../Engine/Content/EngineMaterials/Substrate/Glints2/dict_0002_0146.uasset" 8715
"../../../Engine/Content/EngineMaterials/Substrate/Glints2/dict_0002_0137.uasset" 8716
"../../../Engine/Content/EngineMaterials/Substrate/Glints2/dict_0002_0141.uasset" 8717
"../../../Engine/Content/EngineMaterials/Substrate/Glints2/dict_0002_0147.uasset" 8718
"../../../Engine/Content/EngineMaterials/Substrate/Glints2/dict_0002_0143.uasset" 8719
"/Engine/EngineMaterials/Substrate/Glints2/dict_0002_0132" 8720
"/Engine/EngineMaterials/Substrate/Glints2/dict_0002_0131" 8721
"/Engine/EngineMaterials/Substrate/Glints2/dict_0002_0130" 8722
"/Engine/EngineMaterials/Substrate/Glints2/dict_0002_0129" 8723
"/Engine/EngineMaterials/Substrate/Glints2/dict_0002_0128" 8724
"/Engine/EngineMaterials/Substrate/Glints2/dict_0002_0127" 8725
"/Engine/EngineMaterials/Substrate/Glints2/dict_0002_0126" 8726
"/Engine/EngineMaterials/Substrate/Glints2/dict_0002_0125" 8727
"/Engine/EngineMaterials/Substrate/Glints2/dict_0002_0124" 8728
"/Engine/EngineMaterials/Substrate/Glints2/dict_0002_0123" 8729
"/Engine/EngineMaterials/Substrate/Glints2/dict_0002_0122" 8730
"/Engine/EngineMaterials/Substrate/Glints2/dict_0002_0121" 8731
"/Engine/EngineMaterials/Substrate/Glints2/dict_0002_0120" 8732
"/Engine/EngineMaterials/Substrate/Glints2/dict_0002_0119" 8733
"/Engine/EngineMaterials/Substrate/Glints2/dict_0002_0118" 8734
"/Engine/EngineMaterials/Substrate/Glints2/dict_0002_0117" 8735
"/Engine/EngineMaterials/Substrate/Glints2/dict_0002_0116" 8736
"../../../Engine/Content/EngineMaterials/Substrate/Glints2/dict_0002_0148.uasset" 8737
"../../../Engine/Content/EngineMaterials/Substrate/Glints2/dict_0002_0150.uasset" 8738
"../../../Engine/Content/EngineMaterials/Substrate/Glints2/dict_0002_0151.uasset" 8739
"../../../Engine/Content/EngineMaterials/Substrate/Glints2/dict_0002_0149.uasset" 8740
"../../../Engine/Content/EngineMaterials/Substrate/Glints2/dict_0002_0154.uasset" 8741
"../../../Engine/Content/EngineMaterials/Substrate/Glints2/dict_0002_0161.uasset" 8742
"../../../Engine/Content/EngineMaterials/Substrate/Glints2/dict_0002_0158.uasset" 8743
"../../../Engine/Content/EngineMaterials/Substrate/Glints2/dict_0002_0153.uasset" 8744
"../../../Engine/Content/EngineMaterials/Substrate/Glints2/dict_0002_0157.uasset" 8745
"../../../Engine/Content/EngineMaterials/Substrate/Glints2/dict_0002_0152.uasset" 8746
"../../../Engine/Content/EngineMaterials/Substrate/Glints2/dict_0002_0155.uasset" 8747
"../../../Engine/Content/EngineMaterials/Substrate/Glints2/dict_0002_0156.uasset" 8748
"/Engine/EngineMaterials/Substrate/Glints2/dict_0002_0147" 8749
"../../../Engine/Content/EngineMaterials/Substrate/Glints2/dict_0002_0162.uasset" 8750
"../../../Engine/Content/EngineMaterials/Substrate/Glints2/dict_0002_0163.uasset" 8751
"../../../Engine/Content/EngineMaterials/Substrate/Glints2/dict_0002_0165.uasset" 8752
"../../../Engine/Content/EngineMaterials/Substrate/Glints2/dict_0002_0159.uasset" 8753
"../../../Engine/Content/EngineMaterials/Substrate/Glints2/dict_0002_0160.uasset" 8754
"../../../Engine/Content/EngineMaterials/Substrate/Glints2/dict_0002_0164.uasset" 8755
"/Engine/EngineMaterials/Substrate/Glints2/dict_0002_0146" 8756
"/Engine/EngineMaterials/Substrate/Glints2/dict_0002_0145" 8757
"/Engine/EngineMaterials/Substrate/Glints2/dict_0002_0144" 8758
"/Engine/EngineMaterials/Substrate/Glints2/dict_0002_0143" 8759
"/Engine/EngineMaterials/Substrate/Glints2/dict_0002_0142" 8760
"/Engine/EngineMaterials/Substrate/Glints2/dict_0002_0141" 8761
"/Engine/EngineMaterials/Substrate/Glints2/dict_0002_0140" 8762
"/Engine/EngineMaterials/Substrate/Glints2/dict_0002_0139" 8763
"/Engine/EngineMaterials/Substrate/Glints2/dict_0002_0138" 8764
"/Engine/EngineMaterials/Substrate/Glints2/dict_0002_0137" 8765
"/Engine/EngineMaterials/Substrate/Glints2/dict_0002_0136" 8766
"/Engine/EngineMaterials/Substrate/Glints2/dict_0002_0135" 8767
"/Engine/EngineMaterials/Substrate/Glints2/dict_0002_0134" 8768
"../../../Engine/Content/EngineMaterials/Substrate/Glints2/dict_0002_0166.uasset" 8769
"../../../Engine/Content/EngineMaterials/Substrate/Glints2/dict_0002_0168.uasset" 8770
"../../../Engine/Content/EngineMaterials/Substrate/Glints2/dict_0002_0167.uasset" 8771
"../../../Engine/Content/EngineMaterials/Substrate/Glints2/dict_0002_0169.uasset" 8772
"../../../Engine/Content/EngineMaterials/Substrate/Glints2/dict_0002_0174.uasset" 8773
"../../../Engine/Content/EngineMaterials/Substrate/Glints2/dict_0002_0179.uasset" 8774
"/Engine/EngineMaterials/Substrate/Glints2/dict_0002_0165" 8775
"../../../Engine/Content/EngineMaterials/Substrate/Glints2/dict_0002_0175.uasset" 8776
"../../../Engine/Content/EngineMaterials/Substrate/Glints2/dict_0002_0170.uasset" 8777
"../../../Engine/Content/EngineMaterials/Substrate/Glints2/dict_0002_0176.uasset" 8778
"../../../Engine/Content/EngineMaterials/Substrate/Glints2/dict_0002_0173.uasset" 8779
"../../../Engine/Content/EngineMaterials/Substrate/Glints2/dict_0002_0171.uasset" 8780
"../../../Engine/Content/EngineMaterials/Substrate/Glints2/dict_0002_0178.uasset" 8781
"../../../Engine/Content/EngineMaterials/Substrate/Glints2/dict_0002_0177.uasset" 8782
"../../../Engine/Content/EngineMaterials/Substrate/Glints2/dict_0002_0172.uasset" 8783
"/Engine/EngineMaterials/Substrate/Glints2/dict_0002_0164" 8784
"/Engine/EngineMaterials/Substrate/Glints2/dict_0002_0163" 8785
"/Engine/EngineMaterials/Substrate/Glints2/dict_0002_0162" 8786
"/Engine/EngineMaterials/Substrate/Glints2/dict_0002_0161" 8787
"/Engine/EngineMaterials/Substrate/Glints2/dict_0002_0160" 8788
"/Engine/EngineMaterials/Substrate/Glints2/dict_0002_0159" 8789
"/Engine/EngineMaterials/Substrate/Glints2/dict_0002_0158" 8790
"/Engine/EngineMaterials/Substrate/Glints2/dict_0002_0157" 8791
"/Engine/EngineMaterials/Substrate/Glints2/dict_0002_0156" 8792
"/Engine/EngineMaterials/Substrate/Glints2/dict_0002_0155" 8793
"/Engine/EngineMaterials/Substrate/Glints2/dict_0002_0154" 8794
"/Engine/EngineMaterials/Substrate/Glints2/dict_0002_0153" 8795
"/Engine/EngineMaterials/Substrate/Glints2/dict_0002_0152" 8796
"/Engine/EngineMaterials/Substrate/Glints2/dict_0002_0151" 8797
"/Engine/EngineMaterials/Substrate/Glints2/dict_0002_0150" 8798
"/Engine/EngineMaterials/Substrate/Glints2/dict_0002_0149" 8799
"/Engine/EngineMaterials/Substrate/Glints2/dict_0002_0148" 8800
"../../../Engine/Content/EngineMaterials/Substrate/Glints2/dict_0002_0180.uasset" 8801
"../../../Engine/Content/EngineMaterials/Substrate/Glints2/dict_0002_0181.uasset" 8802
"../../../Engine/Content/EngineMaterials/Substrate/Glints2/dict_0002_0182.uasset" 8803
"../../../Engine/Content/EngineMaterials/Substrate/Glints2/dict_0002_0185.uasset" 8804
"../../../Engine/Content/EngineMaterials/Substrate/Glints2/dict_0002_0183.uasset" 8805
"../../../Engine/Content/EngineMaterials/Substrate/Glints2/dict_0002_0186.uasset" 8806
"../../../Engine/Content/EngineMaterials/Substrate/Glints2/dict_0002_0190.uasset" 8807
"../../../Engine/Content/EngineMaterials/Substrate/Glints2/dict_0002_0193.uasset" 8808
"../../../Engine/Content/EngineMaterials/Substrate/Glints2/dict_0002_0188.uasset" 8809
"/Engine/EngineMaterials/Substrate/Glints2/dict_0002_0179" 8810
"../../../Engine/Content/EngineMaterials/Substrate/Glints2/dict_0002_0196.uasset" 8811
"../../../Engine/Content/EngineMaterials/Substrate/Glints2/dict_0002_0194.uasset" 8812
"../../../Engine/Content/EngineMaterials/Substrate/Glints2/dict_0002_0184.uasset" 8813
"../../../Engine/Content/EngineMaterials/Substrate/Glints2/dict_0002_0195.uasset" 8814
"../../../Engine/Content/EngineMaterials/Substrate/Glints2/dict_0002_0189.uasset" 8815
"../../../Engine/Content/EngineMaterials/Substrate/Glints2/dict_0002_0191.uasset" 8816
"../../../Engine/Content/EngineMaterials/Substrate/Glints2/dict_0002_0187.uasset" 8817
"../../../Engine/Content/EngineMaterials/Substrate/Glints2/dict_0002_0192.uasset" 8818
"../../../Engine/Content/EngineMaterials/Substrate/Glints2/dict_0002_0197.uasset" 8819
"/Engine/EngineMaterials/Substrate/Glints2/dict_0002_0178" 8820
"/Engine/EngineMaterials/Substrate/Glints2/dict_0002_0177" 8821
"/Engine/EngineMaterials/Substrate/Glints2/dict_0002_0176" 8822
"/Engine/EngineMaterials/Substrate/Glints2/dict_0002_0175" 8823
"/Engine/EngineMaterials/Substrate/Glints2/dict_0002_0174" 8824
"/Engine/EngineMaterials/Substrate/Glints2/dict_0002_0173" 8825
"/Engine/EngineMaterials/Substrate/Glints2/dict_0002_0172" 8826
"/Engine/EngineMaterials/Substrate/Glints2/dict_0002_0171" 8827
"/Engine/EngineMaterials/Substrate/Glints2/dict_0002_0170" 8828
"/Engine/EngineMaterials/Substrate/Glints2/dict_0002_0169" 8829
"/Engine/EngineMaterials/Substrate/Glints2/dict_0002_0168" 8830
"/Engine/EngineMaterials/Substrate/Glints2/dict_0002_0167" 8831
"/Engine/EngineMaterials/Substrate/Glints2/dict_0002_0166" 8832
"../../../Engine/Content/EngineMaterials/Substrate/Glints2/dict_0002_0199.uasset" 8833
"../../../Engine/Content/EngineMaterials/Substrate/Glints2/dict_0002_0202.uasset" 8834
"../../../Engine/Content/EngineMaterials/Substrate/Glints2/dict_0002_0200.uasset" 8835
"../../../Engine/Content/EngineMaterials/Substrate/Glints2/dict_0002_0206.uasset" 8836
"../../../Engine/Content/EngineMaterials/Substrate/Glints2/dict_0002_0203.uasset" 8837
"../../../Engine/Content/EngineMaterials/Substrate/Glints2/dict_0002_0208.uasset" 8838
"../../../Engine/Content/EngineMaterials/Substrate/Glints2/dict_0002_0201.uasset" 8839
"/Engine/EngineMaterials/Substrate/Glints2/dict_0002_0197" 8840
"../../../Engine/Content/EngineMaterials/Substrate/Glints2/dict_0002_0198.uasset" 8841
"../../../Engine/Content/EngineMaterials/Substrate/Glints2/dict_0002_0205.uasset" 8842
"../../../Engine/Content/EngineMaterials/Substrate/Glints2/dict_0002_0211.uasset" 8843
"../../../Engine/Content/EngineMaterials/Substrate/Glints2/dict_0002_0207.uasset" 8844
"../../../Engine/Content/EngineMaterials/Substrate/Glints2/dict_0002_0210.uasset" 8845
"../../../Engine/Content/EngineMaterials/Substrate/Glints2/dict_0002_0204.uasset" 8846
"../../../Engine/Content/EngineMaterials/Substrate/Glints2/dict_0002_0209.uasset" 8847
"/Engine/EngineMaterials/Substrate/Glints2/dict_0002_0196" 8848
"/Engine/EngineMaterials/Substrate/Glints2/dict_0002_0195" 8849
"/Engine/EngineMaterials/Substrate/Glints2/dict_0002_0194" 8850
"/Engine/EngineMaterials/Substrate/Glints2/dict_0002_0193" 8851
"/Engine/EngineMaterials/Substrate/Glints2/dict_0002_0192" 8852
"/Engine/EngineMaterials/Substrate/Glints2/dict_0002_0191" 8853
"/Engine/EngineMaterials/Substrate/Glints2/dict_0002_0190" 8854
"/Engine/EngineMaterials/Substrate/Glints2/dict_0002_0189" 8855
"/Engine/EngineMaterials/Substrate/Glints2/dict_0002_0188" 8856
"/Engine/EngineMaterials/Substrate/Glints2/dict_0002_0187" 8857
"/Engine/EngineMaterials/Substrate/Glints2/dict_0002_0186" 8858
"/Engine/EngineMaterials/Substrate/Glints2/dict_0002_0185" 8859
"/Engine/EngineMaterials/Substrate/Glints2/dict_0002_0184" 8860
"/Engine/EngineMaterials/Substrate/Glints2/dict_0002_0183" 8861
"/Engine/EngineMaterials/Substrate/Glints2/dict_0002_0182" 8862
"/Engine/EngineMaterials/Substrate/Glints2/dict_0002_0181" 8863
"/Engine/EngineMaterials/Substrate/Glints2/dict_0002_0180" 8864
"../../../Engine/Content/EngineMaterials/Substrate/Glints2/dict_0002_0213.uasset" 8865
"../../../Engine/Content/EngineMaterials/Substrate/Glints2/dict_0002_0215.uasset" 8866
"../../../Engine/Content/EngineMaterials/Substrate/Glints2/dict_0002_0214.uasset" 8867
"../../../Engine/Content/EngineMaterials/Substrate/Glints2/dict_0002_0224.uasset" 8868
"../../../Engine/Content/EngineMaterials/Substrate/Glints2/dict_0002_0212.uasset" 8869
"/Engine/EngineMaterials/Substrate/Glints2/dict_0002_0211" 8870
"../../../Engine/Content/EngineMaterials/Substrate/Glints2/dict_0002_0223.uasset" 8871
"../../../Engine/Content/EngineMaterials/Substrate/Glints2/dict_0002_0217.uasset" 8872
"../../../Engine/Content/EngineMaterials/Substrate/Glints2/dict_0002_0221.uasset" 8873
"../../../Engine/Content/EngineMaterials/Substrate/Glints2/dict_0002_0222.uasset" 8874
"../../../Engine/Content/EngineMaterials/Substrate/Glints2/dict_0002_0225.uasset" 8875
"../../../Engine/Content/EngineMaterials/Substrate/Glints2/dict_0002_0226.uasset" 8876
"../../../Engine/Content/EngineMaterials/Substrate/Glints2/dict_0002_0220.uasset" 8877
"../../../Engine/Content/EngineMaterials/Substrate/Glints2/dict_0002_0219.uasset" 8878
"../../../Engine/Content/EngineMaterials/Substrate/Glints2/dict_0002_0227.uasset" 8879
"../../../Engine/Content/EngineMaterials/Substrate/Glints2/dict_0002_0218.uasset" 8880
"../../../Engine/Content/EngineMaterials/Substrate/Glints2/dict_0002_0229.uasset" 8881
"../../../Engine/Content/EngineMaterials/Substrate/Glints2/dict_0002_0216.uasset" 8882
"../../../Engine/Content/EngineMaterials/Substrate/Glints2/dict_0002_0228.uasset" 8883
"/Engine/EngineMaterials/Substrate/Glints2/dict_0002_0210" 8884
"/Engine/EngineMaterials/Substrate/Glints2/dict_0002_0209" 8885
"/Engine/EngineMaterials/Substrate/Glints2/dict_0002_0208" 8886
"/Engine/EngineMaterials/Substrate/Glints2/dict_0002_0207" 8887
"/Engine/EngineMaterials/Substrate/Glints2/dict_0002_0206" 8888
"/Engine/EngineMaterials/Substrate/Glints2/dict_0002_0205" 8889
"/Engine/EngineMaterials/Substrate/Glints2/dict_0002_0204" 8890
"/Engine/EngineMaterials/Substrate/Glints2/dict_0002_0203" 8891
"/Engine/EngineMaterials/Substrate/Glints2/dict_0002_0202" 8892
"/Engine/EngineMaterials/Substrate/Glints2/dict_0002_0201" 8893
"/Engine/EngineMaterials/Substrate/Glints2/dict_0002_0200" 8894
"/Engine/EngineMaterials/Substrate/Glints2/dict_0002_0199" 8895
"/Engine/EngineMaterials/Substrate/Glints2/dict_0002_0198" 8896
"../../../Engine/Content/EngineMaterials/Substrate/Glints2/dict_0002_0230.uasset" 8897
"../../../Engine/Content/EngineMaterials/Substrate/Glints2/dict_0002_0233.uasset" 8898
"../../../Engine/Content/EngineMaterials/Substrate/Glints2/dict_0002_0231.uasset" 8899
"../../../Engine/Content/EngineMaterials/Substrate/Glints2/dict_0002_0232.uasset" 8900
"../../../Engine/Content/EngineMaterials/Substrate/Glints2/dict_0002_0239.uasset" 8901
"../../../Engine/Content/EngineMaterials/Substrate/Glints2/dict_0002_0235.uasset" 8902
"../../../Engine/Content/EngineMaterials/Substrate/Glints2/dict_0002_0238.uasset" 8903
"../../../Engine/Content/EngineMaterials/Substrate/Glints2/dict_0002_0234.uasset" 8904
"/Engine/EngineMaterials/Substrate/Glints2/dict_0002_0229" 8905
"../../../Engine/Content/EngineMaterials/Substrate/Glints2/dict_0002_0236.uasset" 8906
"../../../Engine/Content/EngineMaterials/Substrate/Glints2/dict_0002_0241.uasset" 8907
"../../../Engine/Content/EngineMaterials/Substrate/Glints2/dict_0002_0243.uasset" 8908
"../../../Engine/Content/EngineMaterials/Substrate/Glints2/dict_0002_0240.uasset" 8909
"../../../Engine/Content/EngineMaterials/Substrate/Glints2/dict_0002_0237.uasset" 8910
"../../../Engine/Content/EngineMaterials/Substrate/Glints2/dict_0002_0242.uasset" 8911
"/Engine/EngineMaterials/Substrate/Glints2/dict_0002_0228" 8912
"/Engine/EngineMaterials/Substrate/Glints2/dict_0002_0227" 8913
"/Engine/EngineMaterials/Substrate/Glints2/dict_0002_0226" 8914
"/Engine/EngineMaterials/Substrate/Glints2/dict_0002_0225" 8915
"/Engine/EngineMaterials/Substrate/Glints2/dict_0002_0224" 8916
"/Engine/EngineMaterials/Substrate/Glints2/dict_0002_0223" 8917
"/Engine/EngineMaterials/Substrate/Glints2/dict_0002_0222" 8918
"/Engine/EngineMaterials/Substrate/Glints2/dict_0002_0221" 8919
"/Engine/EngineMaterials/Substrate/Glints2/dict_0002_0220" 8920
"/Engine/EngineMaterials/Substrate/Glints2/dict_0002_0219" 8921
"/Engine/EngineMaterials/Substrate/Glints2/dict_0002_0218" 8922
"/Engine/EngineMaterials/Substrate/Glints2/dict_0002_0217" 8923
"/Engine/EngineMaterials/Substrate/Glints2/dict_0002_0216" 8924
"/Engine/EngineMaterials/Substrate/Glints2/dict_0002_0215" 8925
"/Engine/EngineMaterials/Substrate/Glints2/dict_0002_0214" 8926
"/Engine/EngineMaterials/Substrate/Glints2/dict_0002_0213" 8927
"/Engine/EngineMaterials/Substrate/Glints2/dict_0002_0212" 8928
"../../../Engine/Content/EngineMaterials/Substrate/Glints2/dict_0002_0245.uasset" 8929
"../../../Engine/Content/EngineMaterials/Substrate/Glints2/dict_0002_0244.uasset" 8930
"../../../Engine/Content/EngineMaterials/Substrate/Glints2/dict_0002_0247.uasset" 8931
"../../../Engine/Content/EngineMaterials/Substrate/Glints2/dict_0002_0250.uasset" 8932
"../../../Engine/Content/EngineMaterials/Substrate/Glints2/dict_0003_0000.uasset" 8933
"../../../Engine/Content/EngineMaterials/Substrate/Glints2/dict_0002_0254.uasset" 8934
"../../../Engine/Content/EngineMaterials/Substrate/Glints2/dict_0002_0253.uasset" 8935
"../../../Engine/Content/EngineMaterials/Substrate/Glints2/dict_0003_0004.uasset" 8936
"/Engine/EngineMaterials/Substrate/Glints2/dict_0002_0243" 8937
"../../../Engine/Content/EngineMaterials/Substrate/Glints2/dict_0003_0005.uasset" 8938
"../../../Engine/Content/EngineMaterials/Substrate/Glints2/dict_0002_0248.uasset" 8939
"../../../Engine/Content/EngineMaterials/Substrate/Glints2/dict_0002_0251.uasset" 8940
"../../../Engine/Content/EngineMaterials/Substrate/Glints2/dict_0003_0003.uasset" 8941
"../../../Engine/Content/EngineMaterials/Substrate/Glints2/dict_0002_0246.uasset" 8942
"../../../Engine/Content/EngineMaterials/Substrate/Glints2/dict_0003_0002.uasset" 8943
"../../../Engine/Content/EngineMaterials/Substrate/Glints2/dict_0003_0001.uasset" 8944
"../../../Engine/Content/EngineMaterials/Substrate/Glints2/dict_0002_0255.uasset" 8945
"../../../Engine/Content/EngineMaterials/Substrate/Glints2/dict_0002_0249.uasset" 8946
"../../../Engine/Content/EngineMaterials/Substrate/Glints2/dict_0002_0252.uasset" 8947
"/Engine/EngineMaterials/Substrate/Glints2/dict_0002_0242" 8948
"/Engine/EngineMaterials/Substrate/Glints2/dict_0002_0241" 8949
"/Engine/EngineMaterials/Substrate/Glints2/dict_0002_0240" 8950
"/Engine/EngineMaterials/Substrate/Glints2/dict_0002_0239" 8951
"/Engine/EngineMaterials/Substrate/Glints2/dict_0002_0238" 8952
"/Engine/EngineMaterials/Substrate/Glints2/dict_0002_0237" 8953
"/Engine/EngineMaterials/Substrate/Glints2/dict_0002_0236" 8954
"/Engine/EngineMaterials/Substrate/Glints2/dict_0002_0235" 8955
"/Engine/EngineMaterials/Substrate/Glints2/dict_0002_0234" 8956
"/Engine/EngineMaterials/Substrate/Glints2/dict_0002_0233" 8957
"/Engine/EngineMaterials/Substrate/Glints2/dict_0002_0232" 8958
"/Engine/EngineMaterials/Substrate/Glints2/dict_0002_0231" 8959
"/Engine/EngineMaterials/Substrate/Glints2/dict_0002_0230" 8960
"../../../Engine/Content/EngineMaterials/Substrate/Glints2/dict_0003_0009.uasset" 8961
"../../../Engine/Content/EngineMaterials/Substrate/Glints2/dict_0003_0018.uasset" 8962
"../../../Engine/Content/EngineMaterials/Substrate/Glints2/dict_0003_0006.uasset" 8963
"/Engine/EngineMaterials/Substrate/Glints2/dict_0003_0005" 8964
"../../../Engine/Content/EngineMaterials/Substrate/Glints2/dict_0003_0014.uasset" 8965
"../../../Engine/Content/EngineMaterials/Substrate/Glints2/dict_0003_0012.uasset" 8966
"../../../Engine/Content/EngineMaterials/Substrate/Glints2/dict_0003_0016.uasset" 8967
"../../../Engine/Content/EngineMaterials/Substrate/Glints2/dict_0003_0008.uasset" 8968
"../../../Engine/Content/EngineMaterials/Substrate/Glints2/dict_0003_0010.uasset" 8969
"../../../Engine/Content/EngineMaterials/Substrate/Glints2/dict_0003_0019.uasset" 8970
"../../../Engine/Content/EngineMaterials/Substrate/Glints2/dict_0003_0017.uasset" 8971
"../../../Engine/Content/EngineMaterials/Substrate/Glints2/dict_0003_0007.uasset" 8972
"../../../Engine/Content/EngineMaterials/Substrate/Glints2/dict_0003_0015.uasset" 8973
"../../../Engine/Content/EngineMaterials/Substrate/Glints2/dict_0003_0011.uasset" 8974
"../../../Engine/Content/EngineMaterials/Substrate/Glints2/dict_0003_0013.uasset" 8975
"/Engine/EngineMaterials/Substrate/Glints2/dict_0003_0004" 8976
"/Engine/EngineMaterials/Substrate/Glints2/dict_0003_0003" 8977
"/Engine/EngineMaterials/Substrate/Glints2/dict_0003_0002" 8978
"/Engine/EngineMaterials/Substrate/Glints2/dict_0003_0001" 8979
"/Engine/EngineMaterials/Substrate/Glints2/dict_0003_0000" 8980
"/Engine/EngineMaterials/Substrate/Glints2/dict_0002_0255" 8981
"/Engine/EngineMaterials/Substrate/Glints2/dict_0002_0254" 8982
"/Engine/EngineMaterials/Substrate/Glints2/dict_0002_0253" 8983
"/Engine/EngineMaterials/Substrate/Glints2/dict_0002_0252" 8984
"/Engine/EngineMaterials/Substrate/Glints2/dict_0002_0251" 8985
"/Engine/EngineMaterials/Substrate/Glints2/dict_0002_0250" 8986
"/Engine/EngineMaterials/Substrate/Glints2/dict_0002_0249" 8987
"/Engine/EngineMaterials/Substrate/Glints2/dict_0002_0248" 8988
"/Engine/EngineMaterials/Substrate/Glints2/dict_0002_0247" 8989
"/Engine/EngineMaterials/Substrate/Glints2/dict_0002_0246" 8990
"/Engine/EngineMaterials/Substrate/Glints2/dict_0002_0245" 8991
"/Engine/EngineMaterials/Substrate/Glints2/dict_0002_0244" 8992
"../../../Engine/Content/EngineMaterials/Substrate/Glints2/dict_0003_0026.uasset" 8993
"../../../Engine/Content/EngineMaterials/Substrate/Glints2/dict_0003_0023.uasset" 8994
"../../../Engine/Content/EngineMaterials/Substrate/Glints2/dict_0003_0025.uasset" 8995
"../../../Engine/Content/EngineMaterials/Substrate/Glints2/dict_0003_0024.uasset" 8996
"../../../Engine/Content/EngineMaterials/Substrate/Glints2/dict_0003_0020.uasset" 8997
"../../../Engine/Content/EngineMaterials/Substrate/Glints2/dict_0003_0033.uasset" 8998
"../../../Engine/Content/EngineMaterials/Substrate/Glints2/dict_0003_0037.uasset" 8999
"../../../Engine/Content/EngineMaterials/Substrate/Glints2/dict_0003_0028.uasset" 9000
"../../../Engine/Content/EngineMaterials/Substrate/Glints2/dict_0003_0029.uasset" 9001
"../../../Engine/Content/EngineMaterials/Substrate/Glints2/dict_0003_0036.uasset" 9002
"../../../Engine/Content/EngineMaterials/Substrate/Glints2/dict_0003_0027.uasset" 9003
"../../../Engine/Content/EngineMaterials/Substrate/Glints2/dict_0003_0022.uasset" 9004
"../../../Engine/Content/EngineMaterials/Substrate/Glints2/dict_0003_0021.uasset" 9005
"../../../Engine/Content/EngineMaterials/Substrate/Glints2/dict_0003_0031.uasset" 9006
"../../../Engine/Content/EngineMaterials/Substrate/Glints2/dict_0003_0030.uasset" 9007
"/Engine/EngineMaterials/Substrate/Glints2/dict_0003_0019" 9008
"../../../Engine/Content/EngineMaterials/Substrate/Glints2/dict_0003_0035.uasset" 9009
"../../../Engine/Content/EngineMaterials/Substrate/Glints2/dict_0003_0034.uasset" 9010
"../../../Engine/Content/EngineMaterials/Substrate/Glints2/dict_0003_0032.uasset" 9011
"/Engine/EngineMaterials/Substrate/Glints2/dict_0003_0018" 9012
"/Engine/EngineMaterials/Substrate/Glints2/dict_0003_0017" 9013
"/Engine/EngineMaterials/Substrate/Glints2/dict_0003_0016" 9014
"/Engine/EngineMaterials/Substrate/Glints2/dict_0003_0015" 9015
"/Engine/EngineMaterials/Substrate/Glints2/dict_0003_0014" 9016
"/Engine/EngineMaterials/Substrate/Glints2/dict_0003_0013" 9017
"/Engine/EngineMaterials/Substrate/Glints2/dict_0003_0012" 9018
"/Engine/EngineMaterials/Substrate/Glints2/dict_0003_0011" 9019
"/Engine/EngineMaterials/Substrate/Glints2/dict_0003_0010" 9020
"/Engine/EngineMaterials/Substrate/Glints2/dict_0003_0009" 9021
"/Engine/EngineMaterials/Substrate/Glints2/dict_0003_0008" 9022
"/Engine/EngineMaterials/Substrate/Glints2/dict_0003_0007" 9023
"/Engine/EngineMaterials/Substrate/Glints2/dict_0003_0006" 9024
"../../../Engine/Content/EngineMaterials/Substrate/Glints2/dict_0003_0044.uasset" 9025
"../../../Engine/Content/EngineMaterials/Substrate/Glints2/dict_0003_0039.uasset" 9026
"../../../Engine/Content/EngineMaterials/Substrate/Glints2/dict_0003_0040.uasset" 9027
"/Engine/EngineMaterials/Substrate/Glints2/dict_0003_0037" 9028
"../../../Engine/Content/EngineMaterials/Substrate/Glints2/dict_0003_0047.uasset" 9029
"../../../Engine/Content/EngineMaterials/Substrate/Glints2/dict_0003_0038.uasset" 9030
"../../../Engine/Content/EngineMaterials/Substrate/Glints2/dict_0003_0041.uasset" 9031
"../../../Engine/Content/EngineMaterials/Substrate/Glints2/dict_0003_0048.uasset" 9032
"../../../Engine/Content/EngineMaterials/Substrate/Glints2/dict_0003_0042.uasset" 9033
"../../../Engine/Content/EngineMaterials/Substrate/Glints2/dict_0003_0043.uasset" 9034
"../../../Engine/Content/EngineMaterials/Substrate/Glints2/dict_0003_0049.uasset" 9035
"../../../Engine/Content/EngineMaterials/Substrate/Glints2/dict_0003_0050.uasset" 9036
"../../../Engine/Content/EngineMaterials/Substrate/Glints2/dict_0003_0046.uasset" 9037
"../../../Engine/Content/EngineMaterials/Substrate/Glints2/dict_0003_0051.uasset" 9038
"../../../Engine/Content/EngineMaterials/Substrate/Glints2/dict_0003_0045.uasset" 9039
"/Engine/EngineMaterials/Substrate/Glints2/dict_0003_0036" 9040
"/Engine/EngineMaterials/Substrate/Glints2/dict_0003_0035" 9041
"/Engine/EngineMaterials/Substrate/Glints2/dict_0003_0034" 9042
"/Engine/EngineMaterials/Substrate/Glints2/dict_0003_0033" 9043
"/Engine/EngineMaterials/Substrate/Glints2/dict_0003_0032" 9044
"/Engine/EngineMaterials/Substrate/Glints2/dict_0003_0031" 9045
"/Engine/EngineMaterials/Substrate/Glints2/dict_0003_0030" 9046
"/Engine/EngineMaterials/Substrate/Glints2/dict_0003_0029" 9047
"/Engine/EngineMaterials/Substrate/Glints2/dict_0003_0028" 9048
"/Engine/EngineMaterials/Substrate/Glints2/dict_0003_0027" 9049
"/Engine/EngineMaterials/Substrate/Glints2/dict_0003_0026" 9050
"/Engine/EngineMaterials/Substrate/Glints2/dict_0003_0025" 9051
"/Engine/EngineMaterials/Substrate/Glints2/dict_0003_0024" 9052
"/Engine/EngineMaterials/Substrate/Glints2/dict_0003_0023" 9053
"/Engine/EngineMaterials/Substrate/Glints2/dict_0003_0022" 9054
"/Engine/EngineMaterials/Substrate/Glints2/dict_0003_0021" 9055
"/Engine/EngineMaterials/Substrate/Glints2/dict_0003_0020" 9056
"../../../Engine/Content/EngineMaterials/Substrate/Glints2/dict_0003_0052.uasset" 9057
"../../../Engine/Content/EngineMaterials/Substrate/Glints2/dict_0003_0053.uasset" 9058
"../../../Engine/Content/EngineMaterials/Substrate/Glints2/dict_0003_0056.uasset" 9059
"../../../Engine/Content/EngineMaterials/Substrate/Glints2/dict_0003_0061.uasset" 9060
"../../../Engine/Content/EngineMaterials/Substrate/Glints2/dict_0003_0054.uasset" 9061
"../../../Engine/Content/EngineMaterials/Substrate/Glints2/dict_0003_0060.uasset" 9062
"/Engine/EngineMaterials/Substrate/Glints2/dict_0003_0051" 9063
"../../../Engine/Content/EngineMaterials/Substrate/Glints2/dict_0003_0058.uasset" 9064
"../../../Engine/Content/EngineMaterials/Substrate/Glints2/dict_0003_0066.uasset" 9065
"../../../Engine/Content/EngineMaterials/Substrate/Glints2/dict_0003_0068.uasset" 9066
"../../../Engine/Content/EngineMaterials/Substrate/Glints2/dict_0003_0069.uasset" 9067
"../../../Engine/Content/EngineMaterials/Substrate/Glints2/dict_0003_0057.uasset" 9068
"../../../Engine/Content/EngineMaterials/Substrate/Glints2/dict_0003_0064.uasset" 9069
"../../../Engine/Content/EngineMaterials/Substrate/Glints2/dict_0003_0063.uasset" 9070
"../../../Engine/Content/EngineMaterials/Substrate/Glints2/dict_0003_0059.uasset" 9071
"../../../Engine/Content/EngineMaterials/Substrate/Glints2/dict_0003_0055.uasset" 9072
"../../../Engine/Content/EngineMaterials/Substrate/Glints2/dict_0003_0067.uasset" 9073
"../../../Engine/Content/EngineMaterials/Substrate/Glints2/dict_0003_0062.uasset" 9074
"../../../Engine/Content/EngineMaterials/Substrate/Glints2/dict_0003_0065.uasset" 9075
"/Engine/EngineMaterials/Substrate/Glints2/dict_0003_0050" 9076
"/Engine/EngineMaterials/Substrate/Glints2/dict_0003_0049" 9077
"/Engine/EngineMaterials/Substrate/Glints2/dict_0003_0048" 9078
"/Engine/EngineMaterials/Substrate/Glints2/dict_0003_0047" 9079
"/Engine/EngineMaterials/Substrate/Glints2/dict_0003_0046" 9080
"/Engine/EngineMaterials/Substrate/Glints2/dict_0003_0045" 9081
"/Engine/EngineMaterials/Substrate/Glints2/dict_0003_0044" 9082
"/Engine/EngineMaterials/Substrate/Glints2/dict_0003_0043" 9083
"/Engine/EngineMaterials/Substrate/Glints2/dict_0003_0042" 9084
"/Engine/EngineMaterials/Substrate/Glints2/dict_0003_0041" 9085
"/Engine/EngineMaterials/Substrate/Glints2/dict_0003_0040" 9086
"/Engine/EngineMaterials/Substrate/Glints2/dict_0003_0039" 9087
"/Engine/EngineMaterials/Substrate/Glints2/dict_0003_0038" 9088
"../../../Engine/Content/EngineMaterials/Substrate/Glints2/dict_0003_0070.uasset" 9089
"../../../Engine/Content/EngineMaterials/Substrate/Glints2/dict_0003_0073.uasset" 9090
"../../../Engine/Content/EngineMaterials/Substrate/Glints2/dict_0003_0072.uasset" 9091
"../../../Engine/Content/EngineMaterials/Substrate/Glints2/dict_0003_0078.uasset" 9092
"../../../Engine/Content/EngineMaterials/Substrate/Glints2/dict_0003_0076.uasset" 9093
"../../../Engine/Content/EngineMaterials/Substrate/Glints2/dict_0003_0074.uasset" 9094
"../../../Engine/Content/EngineMaterials/Substrate/Glints2/dict_0003_0077.uasset" 9095
"../../../Engine/Content/EngineMaterials/Substrate/Glints2/dict_0003_0080.uasset" 9096
"/Engine/EngineMaterials/Substrate/Glints2/dict_0003_0069" 9097
"../../../Engine/Content/EngineMaterials/Substrate/Glints2/dict_0003_0081.uasset" 9098
"../../../Engine/Content/EngineMaterials/Substrate/Glints2/dict_0003_0071.uasset" 9099
"../../../Engine/Content/EngineMaterials/Substrate/Glints2/dict_0003_0082.uasset" 9100
"../../../Engine/Content/EngineMaterials/Substrate/Glints2/dict_0003_0079.uasset" 9101
"../../../Engine/Content/EngineMaterials/Substrate/Glints2/dict_0003_0075.uasset" 9102
"../../../Engine/Content/EngineMaterials/Substrate/Glints2/dict_0003_0083.uasset" 9103
"/Engine/EngineMaterials/Substrate/Glints2/dict_0003_0068" 9104
"/Engine/EngineMaterials/Substrate/Glints2/dict_0003_0067" 9105
"/Engine/EngineMaterials/Substrate/Glints2/dict_0003_0066" 9106
"/Engine/EngineMaterials/Substrate/Glints2/dict_0003_0065" 9107
"/Engine/EngineMaterials/Substrate/Glints2/dict_0003_0064" 9108
"/Engine/EngineMaterials/Substrate/Glints2/dict_0003_0063" 9109
"/Engine/EngineMaterials/Substrate/Glints2/dict_0003_0062" 9110
"/Engine/EngineMaterials/Substrate/Glints2/dict_0003_0061" 9111
"/Engine/EngineMaterials/Substrate/Glints2/dict_0003_0060" 9112
"/Engine/EngineMaterials/Substrate/Glints2/dict_0003_0059" 9113
"/Engine/EngineMaterials/Substrate/Glints2/dict_0003_0058" 9114
"/Engine/EngineMaterials/Substrate/Glints2/dict_0003_0057" 9115
"/Engine/EngineMaterials/Substrate/Glints2/dict_0003_0056" 9116
"/Engine/EngineMaterials/Substrate/Glints2/dict_0003_0055" 9117
"/Engine/EngineMaterials/Substrate/Glints2/dict_0003_0054" 9118
"/Engine/EngineMaterials/Substrate/Glints2/dict_0003_0053" 9119
"/Engine/EngineMaterials/Substrate/Glints2/dict_0003_0052" 9120
"../../../Engine/Content/EngineMaterials/Substrate/Glints2/dict_0003_0084.uasset" 9121
"../../../Engine/Content/EngineMaterials/Substrate/Glints2/dict_0003_0087.uasset" 9122
"../../../Engine/Content/EngineMaterials/Substrate/Glints2/dict_0003_0085.uasset" 9123
"../../../Engine/Content/EngineMaterials/Substrate/Glints2/dict_0003_0086.uasset" 9124
"../../../Engine/Content/EngineMaterials/Substrate/Glints2/dict_0003_0090.uasset" 9125
"../../../Engine/Content/EngineMaterials/Substrate/Glints2/dict_0003_0088.uasset" 9126
"/Engine/EngineMaterials/Substrate/Glints2/dict_0003_0083" 9127
"../../../Engine/Content/EngineMaterials/Substrate/Glints2/dict_0003_0096.uasset" 9128
"../../../Engine/Content/EngineMaterials/Substrate/Glints2/dict_0003_0093.uasset" 9129
"../../../Engine/Content/EngineMaterials/Substrate/Glints2/dict_0003_0095.uasset" 9130
"../../../Engine/Content/EngineMaterials/Substrate/Glints2/dict_0003_0091.uasset" 9131
"../../../Engine/Content/EngineMaterials/Substrate/Glints2/dict_0003_0101.uasset" 9132
"../../../Engine/Content/EngineMaterials/Substrate/Glints2/dict_0003_0094.uasset" 9133
"../../../Engine/Content/EngineMaterials/Substrate/Glints2/dict_0003_0092.uasset" 9134
"../../../Engine/Content/EngineMaterials/Substrate/Glints2/dict_0003_0099.uasset" 9135
"../../../Engine/Content/EngineMaterials/Substrate/Glints2/dict_0003_0100.uasset" 9136
"../../../Engine/Content/EngineMaterials/Substrate/Glints2/dict_0003_0097.uasset" 9137
"../../../Engine/Content/EngineMaterials/Substrate/Glints2/dict_0003_0089.uasset" 9138
"../../../Engine/Content/EngineMaterials/Substrate/Glints2/dict_0003_0098.uasset" 9139
"/Engine/EngineMaterials/Substrate/Glints2/dict_0003_0082" 9140
"/Engine/EngineMaterials/Substrate/Glints2/dict_0003_0081" 9141
"/Engine/EngineMaterials/Substrate/Glints2/dict_0003_0080" 9142
"/Engine/EngineMaterials/Substrate/Glints2/dict_0003_0079" 9143
"/Engine/EngineMaterials/Substrate/Glints2/dict_0003_0078" 9144
"/Engine/EngineMaterials/Substrate/Glints2/dict_0003_0077" 9145
"/Engine/EngineMaterials/Substrate/Glints2/dict_0003_0076" 9146
"/Engine/EngineMaterials/Substrate/Glints2/dict_0003_0075" 9147
"/Engine/EngineMaterials/Substrate/Glints2/dict_0003_0074" 9148
"/Engine/EngineMaterials/Substrate/Glints2/dict_0003_0073" 9149
"/Engine/EngineMaterials/Substrate/Glints2/dict_0003_0072" 9150
"/Engine/EngineMaterials/Substrate/Glints2/dict_0003_0071" 9151
"/Engine/EngineMaterials/Substrate/Glints2/dict_0003_0070" 9152
"../../../Engine/Content/EngineMaterials/Substrate/Glints2/dict_0003_0102.uasset" 9153
"../../../Engine/Content/EngineMaterials/Substrate/Glints2/dict_0003_0108.uasset" 9154
"../../../Engine/Content/EngineMaterials/Substrate/Glints2/dict_0003_0103.uasset" 9155
"../../../Engine/Content/EngineMaterials/Substrate/Glints2/dict_0003_0109.uasset" 9156
"../../../Engine/Content/EngineMaterials/Substrate/Glints2/dict_0003_0106.uasset" 9157
"../../../Engine/Content/EngineMaterials/Substrate/Glints2/dict_0003_0114.uasset" 9158
"../../../Engine/Content/EngineMaterials/Substrate/Glints2/dict_0003_0105.uasset" 9159
"../../../Engine/Content/EngineMaterials/Substrate/Glints2/dict_0003_0107.uasset" 9160
"/Engine/EngineMaterials/Substrate/Glints2/dict_0003_0101" 9161
"../../../Engine/Content/EngineMaterials/Substrate/Glints2/dict_0003_0113.uasset" 9162
"../../../Engine/Content/EngineMaterials/Substrate/Glints2/dict_0003_0115.uasset" 9163
"../../../Engine/Content/EngineMaterials/Substrate/Glints2/dict_0003_0111.uasset" 9164
"../../../Engine/Content/EngineMaterials/Substrate/Glints2/dict_0003_0112.uasset" 9165
"../../../Engine/Content/EngineMaterials/Substrate/Glints2/dict_0003_0104.uasset" 9166
"../../../Engine/Content/EngineMaterials/Substrate/Glints2/dict_0003_0110.uasset" 9167
"/Engine/EngineMaterials/Substrate/Glints2/dict_0003_0100" 9168
"/Engine/EngineMaterials/Substrate/Glints2/dict_0003_0099" 9169
"/Engine/EngineMaterials/Substrate/Glints2/dict_0003_0098" 9170
"/Engine/EngineMaterials/Substrate/Glints2/dict_0003_0097" 9171
"/Engine/EngineMaterials/Substrate/Glints2/dict_0003_0096" 9172
"/Engine/EngineMaterials/Substrate/Glints2/dict_0003_0095" 9173
"/Engine/EngineMaterials/Substrate/Glints2/dict_0003_0094" 9174
"/Engine/EngineMaterials/Substrate/Glints2/dict_0003_0093" 9175
"/Engine/EngineMaterials/Substrate/Glints2/dict_0003_0092" 9176
"/Engine/EngineMaterials/Substrate/Glints2/dict_0003_0091" 9177
"/Engine/EngineMaterials/Substrate/Glints2/dict_0003_0090" 9178
"/Engine/EngineMaterials/Substrate/Glints2/dict_0003_0089" 9179
"/Engine/EngineMaterials/Substrate/Glints2/dict_0003_0088" 9180
"/Engine/EngineMaterials/Substrate/Glints2/dict_0003_0087" 9181
"/Engine/EngineMaterials/Substrate/Glints2/dict_0003_0086" 9182
"/Engine/EngineMaterials/Substrate/Glints2/dict_0003_0085" 9183
"/Engine/EngineMaterials/Substrate/Glints2/dict_0003_0084" 9184
"../../../Engine/Content/EngineMaterials/Substrate/Glints2/dict_0003_0117.uasset" 9185
"../../../Engine/Content/EngineMaterials/Substrate/Glints2/dict_0003_0120.uasset" 9186
"../../../Engine/Content/EngineMaterials/Substrate/Glints2/dict_0003_0118.uasset" 9187
"../../../Engine/Content/EngineMaterials/Substrate/Glints2/dict_0003_0116.uasset" 9188
"../../../Engine/Content/EngineMaterials/Substrate/Glints2/dict_0003_0128.uasset" 9189
"../../../Engine/Content/EngineMaterials/Substrate/Glints2/dict_0003_0129.uasset" 9190
"../../../Engine/Content/EngineMaterials/Substrate/Glints2/dict_0003_0133.uasset" 9191
"../../../Engine/Content/EngineMaterials/Substrate/Glints2/dict_0003_0132.uasset" 9192
"../../../Engine/Content/EngineMaterials/Substrate/Glints2/dict_0003_0119.uasset" 9193
"../../../Engine/Content/EngineMaterials/Substrate/Glints2/dict_0003_0124.uasset" 9194
"../../../Engine/Content/EngineMaterials/Substrate/Glints2/dict_0003_0127.uasset" 9195
"../../../Engine/Content/EngineMaterials/Substrate/Glints2/dict_0003_0121.uasset" 9196
"../../../Engine/Content/EngineMaterials/Substrate/Glints2/dict_0003_0131.uasset" 9197
"../../../Engine/Content/EngineMaterials/Substrate/Glints2/dict_0003_0130.uasset" 9198
"../../../Engine/Content/EngineMaterials/Substrate/Glints2/dict_0003_0125.uasset" 9199
"/Engine/EngineMaterials/Substrate/Glints2/dict_0003_0115" 9200
"../../../Engine/Content/EngineMaterials/Substrate/Glints2/dict_0003_0122.uasset" 9201
"../../../Engine/Content/EngineMaterials/Substrate/Glints2/dict_0003_0123.uasset" 9202
"../../../Engine/Content/EngineMaterials/Substrate/Glints2/dict_0003_0126.uasset" 9203
"/Engine/EngineMaterials/Substrate/Glints2/dict_0003_0114" 9204
"/Engine/EngineMaterials/Substrate/Glints2/dict_0003_0113" 9205
"/Engine/EngineMaterials/Substrate/Glints2/dict_0003_0112" 9206
"/Engine/EngineMaterials/Substrate/Glints2/dict_0003_0111" 9207
"/Engine/EngineMaterials/Substrate/Glints2/dict_0003_0110" 9208
"/Engine/EngineMaterials/Substrate/Glints2/dict_0003_0109" 9209
"/Engine/EngineMaterials/Substrate/Glints2/dict_0003_0108" 9210
"/Engine/EngineMaterials/Substrate/Glints2/dict_0003_0107" 9211
"/Engine/EngineMaterials/Substrate/Glints2/dict_0003_0106" 9212
"/Engine/EngineMaterials/Substrate/Glints2/dict_0003_0105" 9213
"/Engine/EngineMaterials/Substrate/Glints2/dict_0003_0104" 9214
"/Engine/EngineMaterials/Substrate/Glints2/dict_0003_0103" 9215
"/Engine/EngineMaterials/Substrate/Glints2/dict_0003_0102" 9216
"../../../Engine/Content/EngineMaterials/Substrate/Glints2/dict_0003_0134.uasset" 9217
"../../../Engine/Content/EngineMaterials/Substrate/Glints2/dict_0003_0135.uasset" 9218
"../../../Engine/Content/EngineMaterials/Substrate/Glints2/dict_0003_0137.uasset" 9219
"../../../Engine/Content/EngineMaterials/Substrate/Glints2/dict_0003_0138.uasset" 9220
"../../../Engine/Content/EngineMaterials/Substrate/Glints2/dict_0003_0141.uasset" 9221
"/Engine/EngineMaterials/Substrate/Glints2/dict_0003_0133" 9222
"../../../Engine/Content/EngineMaterials/Substrate/Glints2/dict_0003_0136.uasset" 9223
"../../../Engine/Content/EngineMaterials/Substrate/Glints2/dict_0003_0144.uasset" 9224
"../../../Engine/Content/EngineMaterials/Substrate/Glints2/dict_0003_0139.uasset" 9225
"../../../Engine/Content/EngineMaterials/Substrate/Glints2/dict_0003_0147.uasset" 9226
"../../../Engine/Content/EngineMaterials/Substrate/Glints2/dict_0003_0143.uasset" 9227
"../../../Engine/Content/EngineMaterials/Substrate/Glints2/dict_0003_0142.uasset" 9228
"../../../Engine/Content/EngineMaterials/Substrate/Glints2/dict_0003_0140.uasset" 9229
"../../../Engine/Content/EngineMaterials/Substrate/Glints2/dict_0003_0146.uasset" 9230
"../../../Engine/Content/EngineMaterials/Substrate/Glints2/dict_0003_0145.uasset" 9231
"/Engine/EngineMaterials/Substrate/Glints2/dict_0003_0132" 9232
"/Engine/EngineMaterials/Substrate/Glints2/dict_0003_0131" 9233
"/Engine/EngineMaterials/Substrate/Glints2/dict_0003_0130" 9234
"/Engine/EngineMaterials/Substrate/Glints2/dict_0003_0129" 9235
"/Engine/EngineMaterials/Substrate/Glints2/dict_0003_0128" 9236
"/Engine/EngineMaterials/Substrate/Glints2/dict_0003_0127" 9237
"/Engine/EngineMaterials/Substrate/Glints2/dict_0003_0126" 9238
"/Engine/EngineMaterials/Substrate/Glints2/dict_0003_0125" 9239
"/Engine/EngineMaterials/Substrate/Glints2/dict_0003_0124" 9240
"/Engine/EngineMaterials/Substrate/Glints2/dict_0003_0123" 9241
"/Engine/EngineMaterials/Substrate/Glints2/dict_0003_0122" 9242
"/Engine/EngineMaterials/Substrate/Glints2/dict_0003_0121" 9243
"/Engine/EngineMaterials/Substrate/Glints2/dict_0003_0120" 9244
"/Engine/EngineMaterials/Substrate/Glints2/dict_0003_0119" 9245
"/Engine/EngineMaterials/Substrate/Glints2/dict_0003_0118" 9246
"/Engine/EngineMaterials/Substrate/Glints2/dict_0003_0117" 9247
"/Engine/EngineMaterials/Substrate/Glints2/dict_0003_0116" 9248
"../../../Engine/Content/EngineMaterials/Substrate/Glints2/dict_0003_0150.uasset" 9249
"../../../Engine/Content/EngineMaterials/Substrate/Glints2/dict_0003_0148.uasset" 9250
"../../../Engine/Content/EngineMaterials/Substrate/Glints2/dict_0003_0151.uasset" 9251
"../../../Engine/Content/EngineMaterials/Substrate/Glints2/dict_0003_0154.uasset" 9252
"../../../Engine/Content/EngineMaterials/Substrate/Glints2/dict_0003_0152.uasset" 9253
"../../../Engine/Content/EngineMaterials/Substrate/Glints2/dict_0003_0160.uasset" 9254
"../../../Engine/Content/EngineMaterials/Substrate/Glints2/dict_0003_0158.uasset" 9255
"../../../Engine/Content/EngineMaterials/Substrate/Glints2/dict_0003_0149.uasset" 9256
"/Engine/EngineMaterials/Substrate/Glints2/dict_0003_0147" 9257
"../../../Engine/Content/EngineMaterials/Substrate/Glints2/dict_0003_0159.uasset" 9258
"../../../Engine/Content/EngineMaterials/Substrate/Glints2/dict_0003_0156.uasset" 9259
"../../../Engine/Content/EngineMaterials/Substrate/Glints2/dict_0003_0163.uasset" 9260
"../../../Engine/Content/EngineMaterials/Substrate/Glints2/dict_0003_0164.uasset" 9261
"../../../Engine/Content/EngineMaterials/Substrate/Glints2/dict_0003_0162.uasset" 9262
"../../../Engine/Content/EngineMaterials/Substrate/Glints2/dict_0003_0161.uasset" 9263
"../../../Engine/Content/EngineMaterials/Substrate/Glints2/dict_0003_0155.uasset" 9264
"../../../Engine/Content/EngineMaterials/Substrate/Glints2/dict_0003_0157.uasset" 9265
"../../../Engine/Content/EngineMaterials/Substrate/Glints2/dict_0003_0165.uasset" 9266
"../../../Engine/Content/EngineMaterials/Substrate/Glints2/dict_0003_0153.uasset" 9267
"/Engine/EngineMaterials/Substrate/Glints2/dict_0003_0146" 9268
"/Engine/EngineMaterials/Substrate/Glints2/dict_0003_0145" 9269
"/Engine/EngineMaterials/Substrate/Glints2/dict_0003_0144" 9270
"/Engine/EngineMaterials/Substrate/Glints2/dict_0003_0143" 9271
"/Engine/EngineMaterials/Substrate/Glints2/dict_0003_0142" 9272
"/Engine/EngineMaterials/Substrate/Glints2/dict_0003_0141" 9273
"/Engine/EngineMaterials/Substrate/Glints2/dict_0003_0140" 9274
"/Engine/EngineMaterials/Substrate/Glints2/dict_0003_0139" 9275
"/Engine/EngineMaterials/Substrate/Glints2/dict_0003_0138" 9276
"/Engine/EngineMaterials/Substrate/Glints2/dict_0003_0137" 9277
"/Engine/EngineMaterials/Substrate/Glints2/dict_0003_0136" 9278
"/Engine/EngineMaterials/Substrate/Glints2/dict_0003_0135" 9279
"/Engine/EngineMaterials/Substrate/Glints2/dict_0003_0134" 9280
"../../../Engine/Content/EngineMaterials/Substrate/Glints2/dict_0003_0167.uasset" 9281
"../../../Engine/Content/EngineMaterials/Substrate/Glints2/dict_0003_0177.uasset" 9282
"../../../Engine/Content/EngineMaterials/Substrate/Glints2/dict_0003_0169.uasset" 9283
"../../../Engine/Content/EngineMaterials/Substrate/Glints2/dict_0003_0175.uasset" 9284
"../../../Engine/Content/EngineMaterials/Substrate/Glints2/dict_0003_0170.uasset" 9285
"../../../Engine/Content/EngineMaterials/Substrate/Glints2/dict_0003_0166.uasset" 9286
"/Engine/EngineMaterials/Substrate/Glints2/dict_0003_0165" 9287
"../../../Engine/Content/EngineMaterials/Substrate/Glints2/dict_0003_0174.uasset" 9288
"../../../Engine/Content/EngineMaterials/Substrate/Glints2/dict_0003_0179.uasset" 9289
"../../../Engine/Content/EngineMaterials/Substrate/Glints2/dict_0003_0168.uasset" 9290
"../../../Engine/Content/EngineMaterials/Substrate/Glints2/dict_0003_0172.uasset" 9291
"../../../Engine/Content/EngineMaterials/Substrate/Glints2/dict_0003_0178.uasset" 9292
"../../../Engine/Content/EngineMaterials/Substrate/Glints2/dict_0003_0171.uasset" 9293
"../../../Engine/Content/EngineMaterials/Substrate/Glints2/dict_0003_0176.uasset" 9294
"../../../Engine/Content/EngineMaterials/Substrate/Glints2/dict_0003_0173.uasset" 9295
"/Engine/EngineMaterials/Substrate/Glints2/dict_0003_0164" 9296
"/Engine/EngineMaterials/Substrate/Glints2/dict_0003_0163" 9297
"/Engine/EngineMaterials/Substrate/Glints2/dict_0003_0162" 9298
"/Engine/EngineMaterials/Substrate/Glints2/dict_0003_0161" 9299
"/Engine/EngineMaterials/Substrate/Glints2/dict_0003_0160" 9300
"/Engine/EngineMaterials/Substrate/Glints2/dict_0003_0159" 9301
"/Engine/EngineMaterials/Substrate/Glints2/dict_0003_0158" 9302
"/Engine/EngineMaterials/Substrate/Glints2/dict_0003_0157" 9303
"/Engine/EngineMaterials/Substrate/Glints2/dict_0003_0156" 9304
"/Engine/EngineMaterials/Substrate/Glints2/dict_0003_0155" 9305
"/Engine/EngineMaterials/Substrate/Glints2/dict_0003_0154" 9306
"/Engine/EngineMaterials/Substrate/Glints2/dict_0003_0153" 9307
"/Engine/EngineMaterials/Substrate/Glints2/dict_0003_0152" 9308
"/Engine/EngineMaterials/Substrate/Glints2/dict_0003_0151" 9309
"/Engine/EngineMaterials/Substrate/Glints2/dict_0003_0150" 9310
"/Engine/EngineMaterials/Substrate/Glints2/dict_0003_0149" 9311
"/Engine/EngineMaterials/Substrate/Glints2/dict_0003_0148" 9312
"../../../Engine/Content/EngineMaterials/Substrate/Glints2/dict_0003_0180.uasset" 9313
"../../../Engine/Content/EngineMaterials/Substrate/Glints2/dict_0003_0182.uasset" 9314
"../../../Engine/Content/EngineMaterials/Substrate/Glints2/dict_0003_0181.uasset" 9315
"../../../Engine/Content/EngineMaterials/Substrate/Glints2/dict_0003_0185.uasset" 9316
"../../../Engine/Content/EngineMaterials/Substrate/Glints2/dict_0003_0186.uasset" 9317
"../../../Engine/Content/EngineMaterials/Substrate/Glints2/dict_0003_0188.uasset" 9318
"../../../Engine/Content/EngineMaterials/Substrate/Glints2/dict_0003_0189.uasset" 9319
"../../../Engine/Content/EngineMaterials/Substrate/Glints2/dict_0003_0191.uasset" 9320
"/Engine/EngineMaterials/Substrate/Glints2/dict_0003_0179" 9321
"../../../Engine/Content/EngineMaterials/Substrate/Glints2/dict_0003_0190.uasset" 9322
"../../../Engine/Content/EngineMaterials/Substrate/Glints2/dict_0003_0194.uasset" 9323
"../../../Engine/Content/EngineMaterials/Substrate/Glints2/dict_0003_0187.uasset" 9324
"../../../Engine/Content/EngineMaterials/Substrate/Glints2/dict_0003_0184.uasset" 9325
"../../../Engine/Content/EngineMaterials/Substrate/Glints2/dict_0003_0193.uasset" 9326
"../../../Engine/Content/EngineMaterials/Substrate/Glints2/dict_0003_0192.uasset" 9327
"../../../Engine/Content/EngineMaterials/Substrate/Glints2/dict_0003_0183.uasset" 9328
"../../../Engine/Content/EngineMaterials/Substrate/Glints2/dict_0003_0195.uasset" 9329
"../../../Engine/Content/EngineMaterials/Substrate/Glints2/dict_0003_0196.uasset" 9330
"../../../Engine/Content/EngineMaterials/Substrate/Glints2/dict_0003_0197.uasset" 9331
"/Engine/EngineMaterials/Substrate/Glints2/dict_0003_0178" 9332
"/Engine/EngineMaterials/Substrate/Glints2/dict_0003_0177" 9333
"/Engine/EngineMaterials/Substrate/Glints2/dict_0003_0176" 9334
"/Engine/EngineMaterials/Substrate/Glints2/dict_0003_0175" 9335
"/Engine/EngineMaterials/Substrate/Glints2/dict_0003_0174" 9336
"/Engine/EngineMaterials/Substrate/Glints2/dict_0003_0173" 9337
"/Engine/EngineMaterials/Substrate/Glints2/dict_0003_0172" 9338
"/Engine/EngineMaterials/Substrate/Glints2/dict_0003_0171" 9339
"/Engine/EngineMaterials/Substrate/Glints2/dict_0003_0170" 9340
"/Engine/EngineMaterials/Substrate/Glints2/dict_0003_0169" 9341
"/Engine/EngineMaterials/Substrate/Glints2/dict_0003_0168" 9342
"/Engine/EngineMaterials/Substrate/Glints2/dict_0003_0167" 9343
"/Engine/EngineMaterials/Substrate/Glints2/dict_0003_0166" 9344
"/Engine/EngineMaterials/Substrate/Glints2/dict_0003_0180" 9345
"../../../Engine/Content/EngineMaterials/Substrate/Glints2/dict_0003_0206.uasset" 9346
"../../../Engine/Content/EngineMaterials/Substrate/Glints2/dict_0003_0198.uasset" 9347
"../../../Engine/Content/EngineMaterials/Substrate/Glints2/dict_0003_0204.uasset" 9348
"../../../Engine/Content/EngineMaterials/Substrate/Glints2/dict_0003_0199.uasset" 9349
"../../../Engine/Content/EngineMaterials/Substrate/Glints2/dict_0003_0208.uasset" 9350
"../../../Engine/Content/EngineMaterials/Substrate/Glints2/dict_0003_0210.uasset" 9351
"../../../Engine/Content/EngineMaterials/Substrate/Glints2/dict_0003_0207.uasset" 9352
"../../../Engine/Content/EngineMaterials/Substrate/Glints2/dict_0003_0209.uasset" 9353
"../../../Engine/Content/EngineMaterials/Substrate/Glints2/dict_0003_0205.uasset" 9354
"../../../Engine/Content/EngineMaterials/Substrate/Glints2/dict_0003_0200.uasset" 9355
"../../../Engine/Content/EngineMaterials/Substrate/Glints2/dict_0003_0203.uasset" 9356
"../../../Engine/Content/EngineMaterials/Substrate/Glints2/dict_0003_0201.uasset" 9357
"../../../Engine/Content/EngineMaterials/Substrate/Glints2/dict_0003_0212.uasset" 9358
"../../../Engine/Content/EngineMaterials/Substrate/Glints2/dict_0003_0202.uasset" 9359
"/Engine/EngineMaterials/Substrate/Glints2/dict_0003_0197" 9360
"../../../Engine/Content/EngineMaterials/Substrate/Glints2/dict_0003_0211.uasset" 9361
"/Engine/EngineMaterials/Substrate/Glints2/dict_0003_0196" 9362
"/Engine/EngineMaterials/Substrate/Glints2/dict_0003_0195" 9363
"/Engine/EngineMaterials/Substrate/Glints2/dict_0003_0194" 9364
"/Engine/EngineMaterials/Substrate/Glints2/dict_0003_0193" 9365
"/Engine/EngineMaterials/Substrate/Glints2/dict_0003_0192" 9366
"/Engine/EngineMaterials/Substrate/Glints2/dict_0003_0191" 9367
"/Engine/EngineMaterials/Substrate/Glints2/dict_0003_0190" 9368
"/Engine/EngineMaterials/Substrate/Glints2/dict_0003_0189" 9369
"/Engine/EngineMaterials/Substrate/Glints2/dict_0003_0188" 9370
"/Engine/EngineMaterials/Substrate/Glints2/dict_0003_0187" 9371
"/Engine/EngineMaterials/Substrate/Glints2/dict_0003_0186" 9372
"/Engine/EngineMaterials/Substrate/Glints2/dict_0003_0185" 9373
"/Engine/EngineMaterials/Substrate/Glints2/dict_0003_0184" 9374
"/Engine/EngineMaterials/Substrate/Glints2/dict_0003_0183" 9375
"/Engine/EngineMaterials/Substrate/Glints2/dict_0003_0182" 9376
"/Engine/EngineMaterials/Substrate/Glints2/dict_0003_0181" 9377
"../../../Engine/Content/EngineMaterials/Substrate/Glints2/dict_0003_0223.uasset" 9378
"../../../Engine/Content/EngineMaterials/Substrate/Glints2/dict_0003_0217.uasset" 9379
"../../../Engine/Content/EngineMaterials/Substrate/Glints2/dict_0003_0218.uasset" 9380
"../../../Engine/Content/EngineMaterials/Substrate/Glints2/dict_0003_0222.uasset" 9381
"/Engine/EngineMaterials/Substrate/Glints2/dict_0003_0212" 9382
"../../../Engine/Content/EngineMaterials/Substrate/Glints2/dict_0003_0216.uasset" 9383
"../../../Engine/Content/EngineMaterials/Substrate/Glints2/dict_0003_0224.uasset" 9384
"../../../Engine/Content/EngineMaterials/Substrate/Glints2/dict_0003_0220.uasset" 9385
"../../../Engine/Content/EngineMaterials/Substrate/Glints2/dict_0003_0225.uasset" 9386
"../../../Engine/Content/EngineMaterials/Substrate/Glints2/dict_0003_0228.uasset" 9387
"../../../Engine/Content/EngineMaterials/Substrate/Glints2/dict_0003_0215.uasset" 9388
"../../../Engine/Content/EngineMaterials/Substrate/Glints2/dict_0003_0213.uasset" 9389
"../../../Engine/Content/EngineMaterials/Substrate/Glints2/dict_0003_0226.uasset" 9390
"../../../Engine/Content/EngineMaterials/Substrate/Glints2/dict_0003_0219.uasset" 9391
"../../../Engine/Content/EngineMaterials/Substrate/Glints2/dict_0003_0214.uasset" 9392
"../../../Engine/Content/EngineMaterials/Substrate/Glints2/dict_0003_0227.uasset" 9393
"../../../Engine/Content/EngineMaterials/Substrate/Glints2/dict_0003_0221.uasset" 9394
"../../../Engine/Content/EngineMaterials/Substrate/Glints2/dict_0003_0229.uasset" 9395
"/Engine/EngineMaterials/Substrate/Glints2/dict_0003_0211" 9396
"/Engine/EngineMaterials/Substrate/Glints2/dict_0003_0210" 9397
"/Engine/EngineMaterials/Substrate/Glints2/dict_0003_0209" 9398
"/Engine/EngineMaterials/Substrate/Glints2/dict_0003_0208" 9399
"/Engine/EngineMaterials/Substrate/Glints2/dict_0003_0207" 9400
"/Engine/EngineMaterials/Substrate/Glints2/dict_0003_0206" 9401
"/Engine/EngineMaterials/Substrate/Glints2/dict_0003_0205" 9402
"/Engine/EngineMaterials/Substrate/Glints2/dict_0003_0204" 9403
"/Engine/EngineMaterials/Substrate/Glints2/dict_0003_0203" 9404
"/Engine/EngineMaterials/Substrate/Glints2/dict_0003_0202" 9405
"/Engine/EngineMaterials/Substrate/Glints2/dict_0003_0201" 9406
"/Engine/EngineMaterials/Substrate/Glints2/dict_0003_0200" 9407
"/Engine/EngineMaterials/Substrate/Glints2/dict_0003_0199" 9408
"/Engine/EngineMaterials/Substrate/Glints2/dict_0003_0198" 9409
"../../../Engine/Content/EngineMaterials/Substrate/Glints2/dict_0003_0231.uasset" 9410
"../../../Engine/Content/EngineMaterials/Substrate/Glints2/dict_0003_0232.uasset" 9411
"../../../Engine/Content/EngineMaterials/Substrate/Glints2/dict_0003_0239.uasset" 9412
"../../../Engine/Content/EngineMaterials/Substrate/Glints2/dict_0003_0235.uasset" 9413
"/Engine/EngineMaterials/Substrate/Glints2/dict_0003_0229" 9414
"../../../Engine/Content/EngineMaterials/Substrate/Glints2/dict_0003_0233.uasset" 9415
"../../../Engine/Content/EngineMaterials/Substrate/Glints2/dict_0003_0242.uasset" 9416
"../../../Engine/Content/EngineMaterials/Substrate/Glints2/dict_0003_0238.uasset" 9417
"../../../Engine/Content/EngineMaterials/Substrate/Glints2/dict_0003_0230.uasset" 9418
"../../../Engine/Content/EngineMaterials/Substrate/Glints2/dict_0003_0236.uasset" 9419
"../../../Engine/Content/EngineMaterials/Substrate/Glints2/dict_0003_0234.uasset" 9420
"../../../Engine/Content/EngineMaterials/Substrate/Glints2/dict_0003_0244.uasset" 9421
"../../../Engine/Content/EngineMaterials/Substrate/Glints2/dict_0003_0241.uasset" 9422
"../../../Engine/Content/EngineMaterials/Substrate/Glints2/dict_0003_0243.uasset" 9423
"../../../Engine/Content/EngineMaterials/Substrate/Glints2/dict_0003_0237.uasset" 9424
"../../../Engine/Content/EngineMaterials/Substrate/Glints2/dict_0003_0240.uasset" 9425
"/Engine/EngineMaterials/Substrate/Glints2/dict_0003_0228" 9426
"/Engine/EngineMaterials/Substrate/Glints2/dict_0003_0227" 9427
"/Engine/EngineMaterials/Substrate/Glints2/dict_0003_0226" 9428
"/Engine/EngineMaterials/Substrate/Glints2/dict_0003_0225" 9429
"/Engine/EngineMaterials/Substrate/Glints2/dict_0003_0224" 9430
"/Engine/EngineMaterials/Substrate/Glints2/dict_0003_0223" 9431
"/Engine/EngineMaterials/Substrate/Glints2/dict_0003_0222" 9432
"/Engine/EngineMaterials/Substrate/Glints2/dict_0003_0221" 9433
"/Engine/EngineMaterials/Substrate/Glints2/dict_0003_0220" 9434
"/Engine/EngineMaterials/Substrate/Glints2/dict_0003_0219" 9435
"/Engine/EngineMaterials/Substrate/Glints2/dict_0003_0218" 9436
"/Engine/EngineMaterials/Substrate/Glints2/dict_0003_0217" 9437
"/Engine/EngineMaterials/Substrate/Glints2/dict_0003_0216" 9438
"/Engine/EngineMaterials/Substrate/Glints2/dict_0003_0215" 9439
"/Engine/EngineMaterials/Substrate/Glints2/dict_0003_0214" 9440
"/Engine/EngineMaterials/Substrate/Glints2/dict_0003_0213" 9441
"../../../Engine/Content/EngineMaterials/Substrate/Glints2/dict_0003_0246.uasset" 9442
"../../../Engine/Content/EngineMaterials/Substrate/Glints2/dict_0003_0247.uasset" 9443
"../../../Engine/Content/EngineMaterials/Substrate/Glints2/dict_0003_0245.uasset" 9444
"../../../Engine/Content/EngineMaterials/Substrate/Glints2/dict_0003_0252.uasset" 9445
"../../../Engine/Content/EngineMaterials/Substrate/Glints2/dict_0003_0255.uasset" 9446
"../../../Engine/Content/EngineMaterials/Substrate/Glints2/dict_0003_0250.uasset" 9447
"../../../Engine/Content/EngineMaterials/Substrate/Glints2/dict_0003_0249.uasset" 9448
"../../../Engine/Content/EngineMaterials/Substrate/Glints2/dict_0003_0251.uasset" 9449
"/Engine/EngineMaterials/Substrate/Glints2/dict_0003_0244" 9450
"../../../Engine/Content/EngineMaterials/Substrate/Glints2/dict_0004_0003.uasset" 9451
"../../../Engine/Content/EngineMaterials/Substrate/Glints2/dict_0003_0253.uasset" 9452
"../../../Engine/Content/EngineMaterials/Substrate/Glints2/dict_0003_0248.uasset" 9453
"../../../Engine/Content/EngineMaterials/Substrate/Glints2/dict_0004_0005.uasset" 9454
"../../../Engine/Content/EngineMaterials/Substrate/Glints2/dict_0003_0254.uasset" 9455
"../../../Engine/Content/EngineMaterials/Substrate/Glints2/dict_0004_0001.uasset" 9456
"../../../Engine/Content/EngineMaterials/Substrate/Glints2/dict_0004_0002.uasset" 9457
"../../../Engine/Content/EngineMaterials/Substrate/Glints2/dict_0004_0000.uasset" 9458
"../../../Engine/Content/EngineMaterials/Substrate/Glints2/dict_0004_0004.uasset" 9459
"/Engine/EngineMaterials/Substrate/Glints2/dict_0003_0243" 9460
"/Engine/EngineMaterials/Substrate/Glints2/dict_0003_0242" 9461
"/Engine/EngineMaterials/Substrate/Glints2/dict_0003_0241" 9462
"/Engine/EngineMaterials/Substrate/Glints2/dict_0003_0240" 9463
"/Engine/EngineMaterials/Substrate/Glints2/dict_0003_0239" 9464
"/Engine/EngineMaterials/Substrate/Glints2/dict_0003_0238" 9465
"/Engine/EngineMaterials/Substrate/Glints2/dict_0003_0237" 9466
"/Engine/EngineMaterials/Substrate/Glints2/dict_0003_0236" 9467
"/Engine/EngineMaterials/Substrate/Glints2/dict_0003_0235" 9468
"/Engine/EngineMaterials/Substrate/Glints2/dict_0003_0234" 9469
"/Engine/EngineMaterials/Substrate/Glints2/dict_0003_0233" 9470
"/Engine/EngineMaterials/Substrate/Glints2/dict_0003_0232" 9471
"/Engine/EngineMaterials/Substrate/Glints2/dict_0003_0231" 9472
"/Engine/EngineMaterials/Substrate/Glints2/dict_0003_0230" 9473
"../../../Engine/Content/EngineMaterials/Substrate/Glints2/dict_0004_0010.uasset" 9474
"../../../Engine/Content/EngineMaterials/Substrate/Glints2/dict_0004_0008.uasset" 9475
"../../../Engine/Content/EngineMaterials/Substrate/Glints2/dict_0004_0009.uasset" 9476
"../../../Engine/Content/EngineMaterials/Substrate/Glints2/dict_0004_0013.uasset" 9477
"../../../Engine/Content/EngineMaterials/Substrate/Glints2/dict_0004_0017.uasset" 9478
"../../../Engine/Content/EngineMaterials/Substrate/Glints2/dict_0004_0019.uasset" 9479
"../../../Engine/Content/EngineMaterials/Substrate/Glints2/dict_0004_0012.uasset" 9480
"/Engine/EngineMaterials/Substrate/Glints2/dict_0004_0005" 9481
"../../../Engine/Content/EngineMaterials/Substrate/Glints2/dict_0004_0015.uasset" 9482
"../../../Engine/Content/EngineMaterials/Substrate/Glints2/dict_0004_0011.uasset" 9483
"../../../Engine/Content/EngineMaterials/Substrate/Glints2/dict_0004_0016.uasset" 9484
"../../../Engine/Content/EngineMaterials/Substrate/Glints2/dict_0004_0007.uasset" 9485
"../../../Engine/Content/EngineMaterials/Substrate/Glints2/dict_0004_0006.uasset" 9486
"../../../Engine/Content/EngineMaterials/Substrate/Glints2/dict_0004_0014.uasset" 9487
"../../../Engine/Content/EngineMaterials/Substrate/Glints2/dict_0004_0018.uasset" 9488
"../../../Engine/Content/EngineMaterials/Substrate/Glints2/dict_0004_0020.uasset" 9489
"/Engine/EngineMaterials/Substrate/Glints2/dict_0004_0004" 9490
"/Engine/EngineMaterials/Substrate/Glints2/dict_0004_0003" 9491
"/Engine/EngineMaterials/Substrate/Glints2/dict_0004_0002" 9492
"/Engine/EngineMaterials/Substrate/Glints2/dict_0004_0001" 9493
"/Engine/EngineMaterials/Substrate/Glints2/dict_0004_0000" 9494
"/Engine/EngineMaterials/Substrate/Glints2/dict_0003_0255" 9495
"/Engine/EngineMaterials/Substrate/Glints2/dict_0003_0254" 9496
"/Engine/EngineMaterials/Substrate/Glints2/dict_0003_0253" 9497
"/Engine/EngineMaterials/Substrate/Glints2/dict_0003_0252" 9498
"/Engine/EngineMaterials/Substrate/Glints2/dict_0003_0251" 9499
"/Engine/EngineMaterials/Substrate/Glints2/dict_0003_0250" 9500
"/Engine/EngineMaterials/Substrate/Glints2/dict_0003_0249" 9501
"/Engine/EngineMaterials/Substrate/Glints2/dict_0003_0248" 9502
"/Engine/EngineMaterials/Substrate/Glints2/dict_0003_0247" 9503
"/Engine/EngineMaterials/Substrate/Glints2/dict_0003_0246" 9504
"/Engine/EngineMaterials/Substrate/Glints2/dict_0003_0245" 9505
"../../../Engine/Content/EngineMaterials/Substrate/Glints2/dict_0004_0023.uasset" 9506
"../../../Engine/Content/EngineMaterials/Substrate/Glints2/dict_0004_0025.uasset" 9507
"../../../Engine/Content/EngineMaterials/Substrate/Glints2/dict_0004_0022.uasset" 9508
"../../../Engine/Content/EngineMaterials/Substrate/Glints2/dict_0004_0021.uasset" 9509
"../../../Engine/Content/EngineMaterials/Substrate/Glints2/dict_0004_0035.uasset" 9510
"../../../Engine/Content/EngineMaterials/Substrate/Glints2/dict_0004_0029.uasset" 9511
"../../../Engine/Content/EngineMaterials/Substrate/Glints2/dict_0004_0028.uasset" 9512
"../../../Engine/Content/EngineMaterials/Substrate/Glints2/dict_0004_0024.uasset" 9513
"../../../Engine/Content/EngineMaterials/Substrate/Glints2/dict_0004_0031.uasset" 9514
"../../../Engine/Content/EngineMaterials/Substrate/Glints2/dict_0004_0027.uasset" 9515
"/Engine/EngineMaterials/Substrate/Glints2/dict_0004_0020" 9516
"../../../Engine/Content/EngineMaterials/Substrate/Glints2/dict_0004_0033.uasset" 9517
"../../../Engine/Content/EngineMaterials/Substrate/Glints2/dict_0004_0030.uasset" 9518
"../../../Engine/Content/EngineMaterials/Substrate/Glints2/dict_0004_0034.uasset" 9519
"../../../Engine/Content/EngineMaterials/Substrate/Glints2/dict_0004_0026.uasset" 9520
"../../../Engine/Content/EngineMaterials/Substrate/Glints2/dict_0004_0036.uasset" 9521
"../../../Engine/Content/EngineMaterials/Substrate/Glints2/dict_0004_0032.uasset" 9522
"../../../Engine/Content/EngineMaterials/Substrate/Glints2/dict_0004_0037.uasset" 9523
"/Engine/EngineMaterials/Substrate/Glints2/dict_0004_0019" 9524
"/Engine/EngineMaterials/Substrate/Glints2/dict_0004_0018" 9525
"/Engine/EngineMaterials/Substrate/Glints2/dict_0004_0017" 9526
"/Engine/EngineMaterials/Substrate/Glints2/dict_0004_0016" 9527
"/Engine/EngineMaterials/Substrate/Glints2/dict_0004_0015" 9528
"/Engine/EngineMaterials/Substrate/Glints2/dict_0004_0014" 9529
"/Engine/EngineMaterials/Substrate/Glints2/dict_0004_0013" 9530
"/Engine/EngineMaterials/Substrate/Glints2/dict_0004_0012" 9531
"/Engine/EngineMaterials/Substrate/Glints2/dict_0004_0011" 9532
"/Engine/EngineMaterials/Substrate/Glints2/dict_0004_0010" 9533
"/Engine/EngineMaterials/Substrate/Glints2/dict_0004_0009" 9534
"/Engine/EngineMaterials/Substrate/Glints2/dict_0004_0008" 9535
"/Engine/EngineMaterials/Substrate/Glints2/dict_0004_0007" 9536
"/Engine/EngineMaterials/Substrate/Glints2/dict_0004_0006" 9537
"../../../Engine/Content/EngineMaterials/Substrate/Glints2/dict_0004_0038.uasset" 9538
"../../../Engine/Content/EngineMaterials/Substrate/Glints2/dict_0004_0040.uasset" 9539
"../../../Engine/Content/EngineMaterials/Substrate/Glints2/dict_0004_0045.uasset" 9540
"../../../Engine/Content/EngineMaterials/Substrate/Glints2/dict_0004_0044.uasset" 9541
"../../../Engine/Content/EngineMaterials/Substrate/Glints2/dict_0004_0043.uasset" 9542
"../../../Engine/Content/EngineMaterials/Substrate/Glints2/dict_0004_0039.uasset" 9543
"../../../Engine/Content/EngineMaterials/Substrate/Glints2/dict_0004_0050.uasset" 9544
"../../../Engine/Content/EngineMaterials/Substrate/Glints2/dict_0004_0048.uasset" 9545
"../../../Engine/Content/EngineMaterials/Substrate/Glints2/dict_0004_0041.uasset" 9546
"../../../Engine/Content/EngineMaterials/Substrate/Glints2/dict_0004_0047.uasset" 9547
"../../../Engine/Content/EngineMaterials/Substrate/Glints2/dict_0004_0046.uasset" 9548
"../../../Engine/Content/EngineMaterials/Substrate/Glints2/dict_0004_0049.uasset" 9549
"../../../Engine/Content/EngineMaterials/Substrate/Glints2/dict_0004_0052.uasset" 9550
"../../../Engine/Content/EngineMaterials/Substrate/Glints2/dict_0004_0051.uasset" 9551
"../../../Engine/Content/EngineMaterials/Substrate/Glints2/dict_0004_0042.uasset" 9552
"/Engine/EngineMaterials/Substrate/Glints2/dict_0004_0037" 9553
"/Engine/EngineMaterials/Substrate/Glints2/dict_0004_0036" 9554
"/Engine/EngineMaterials/Substrate/Glints2/dict_0004_0035" 9555
"/Engine/EngineMaterials/Substrate/Glints2/dict_0004_0034" 9556
"/Engine/EngineMaterials/Substrate/Glints2/dict_0004_0033" 9557
"/Engine/EngineMaterials/Substrate/Glints2/dict_0004_0032" 9558
"/Engine/EngineMaterials/Substrate/Glints2/dict_0004_0031" 9559
"/Engine/EngineMaterials/Substrate/Glints2/dict_0004_0030" 9560
"/Engine/EngineMaterials/Substrate/Glints2/dict_0004_0029" 9561
"/Engine/EngineMaterials/Substrate/Glints2/dict_0004_0028" 9562
"/Engine/EngineMaterials/Substrate/Glints2/dict_0004_0027" 9563
"/Engine/EngineMaterials/Substrate/Glints2/dict_0004_0026" 9564
"/Engine/EngineMaterials/Substrate/Glints2/dict_0004_0025" 9565
"/Engine/EngineMaterials/Substrate/Glints2/dict_0004_0024" 9566
"/Engine/EngineMaterials/Substrate/Glints2/dict_0004_0023" 9567
"/Engine/EngineMaterials/Substrate/Glints2/dict_0004_0022" 9568
"/Engine/EngineMaterials/Substrate/Glints2/dict_0004_0021" 9569
"../../../Engine/Content/EngineMaterials/Substrate/Glints2/dict_0004_0053.uasset" 9570
"../../../Engine/Content/EngineMaterials/Substrate/Glints2/dict_0004_0055.uasset" 9571
"../../../Engine/Content/EngineMaterials/Substrate/Glints2/dict_0004_0054.uasset" 9572
"../../../Engine/Content/EngineMaterials/Substrate/Glints2/dict_0004_0056.uasset" 9573
"../../../Engine/Content/EngineMaterials/Substrate/Glints2/dict_0004_0057.uasset" 9574
"../../../Engine/Content/EngineMaterials/Substrate/Glints2/dict_0004_0059.uasset" 9575
"/Engine/EngineMaterials/Substrate/Glints2/dict_0004_0052" 9576
"../../../Engine/Content/EngineMaterials/Substrate/Glints2/dict_0004_0063.uasset" 9577
"../../../Engine/Content/EngineMaterials/Substrate/Glints2/dict_0004_0062.uasset" 9578
"../../../Engine/Content/EngineMaterials/Substrate/Glints2/dict_0004_0066.uasset" 9579
"../../../Engine/Content/EngineMaterials/Substrate/Glints2/dict_0004_0068.uasset" 9580
"../../../Engine/Content/EngineMaterials/Substrate/Glints2/dict_0004_0064.uasset" 9581
"../../../Engine/Content/EngineMaterials/Substrate/Glints2/dict_0004_0067.uasset" 9582
"../../../Engine/Content/EngineMaterials/Substrate/Glints2/dict_0004_0060.uasset" 9583
"../../../Engine/Content/EngineMaterials/Substrate/Glints2/dict_0004_0069.uasset" 9584
"../../../Engine/Content/EngineMaterials/Substrate/Glints2/dict_0004_0061.uasset" 9585
"../../../Engine/Content/EngineMaterials/Substrate/Glints2/dict_0004_0065.uasset" 9586
"../../../Engine/Content/EngineMaterials/Substrate/Glints2/dict_0004_0058.uasset" 9587
"/Engine/EngineMaterials/Substrate/Glints2/dict_0004_0051" 9588
"/Engine/EngineMaterials/Substrate/Glints2/dict_0004_0050" 9589
"/Engine/EngineMaterials/Substrate/Glints2/dict_0004_0049" 9590
"/Engine/EngineMaterials/Substrate/Glints2/dict_0004_0048" 9591
"/Engine/EngineMaterials/Substrate/Glints2/dict_0004_0047" 9592
"/Engine/EngineMaterials/Substrate/Glints2/dict_0004_0046" 9593
"/Engine/EngineMaterials/Substrate/Glints2/dict_0004_0045" 9594
"/Engine/EngineMaterials/Substrate/Glints2/dict_0004_0044" 9595
"/Engine/EngineMaterials/Substrate/Glints2/dict_0004_0043" 9596
"/Engine/EngineMaterials/Substrate/Glints2/dict_0004_0042" 9597
"/Engine/EngineMaterials/Substrate/Glints2/dict_0004_0041" 9598
"/Engine/EngineMaterials/Substrate/Glints2/dict_0004_0040" 9599
"/Engine/EngineMaterials/Substrate/Glints2/dict_0004_0039" 9600
"/Engine/EngineMaterials/Substrate/Glints2/dict_0004_0038" 9601
"../../../Engine/Content/EngineMaterials/Substrate/Glints2/dict_0004_0070.uasset" 9602
"../../../Engine/Content/EngineMaterials/Substrate/Glints2/dict_0004_0072.uasset" 9603
"../../../Engine/Content/EngineMaterials/Substrate/Glints2/dict_0004_0074.uasset" 9604
"../../../Engine/Content/EngineMaterials/Substrate/Glints2/dict_0004_0075.uasset" 9605
"../../../Engine/Content/EngineMaterials/Substrate/Glints2/dict_0004_0076.uasset" 9606
"../../../Engine/Content/EngineMaterials/Substrate/Glints2/dict_0004_0079.uasset" 9607
"../../../Engine/Content/EngineMaterials/Substrate/Glints2/dict_0004_0080.uasset" 9608
"../../../Engine/Content/EngineMaterials/Substrate/Glints2/dict_0004_0078.uasset" 9609
"../../../Engine/Content/EngineMaterials/Substrate/Glints2/dict_0004_0077.uasset" 9610
"../../../Engine/Content/EngineMaterials/Substrate/Glints2/dict_0004_0081.uasset" 9611
"../../../Engine/Content/EngineMaterials/Substrate/Glints2/dict_0004_0073.uasset" 9612
"../../../Engine/Content/EngineMaterials/Substrate/Glints2/dict_0004_0082.uasset" 9613
"../../../Engine/Content/EngineMaterials/Substrate/Glints2/dict_0004_0084.uasset" 9614
"/Engine/EngineMaterials/Substrate/Glints2/dict_0004_0069" 9615
"../../../Engine/Content/EngineMaterials/Substrate/Glints2/dict_0004_0071.uasset" 9616
"../../../Engine/Content/EngineMaterials/Substrate/Glints2/dict_0004_0083.uasset" 9617
"/Engine/EngineMaterials/Substrate/Glints2/dict_0004_0068" 9618
"/Engine/EngineMaterials/Substrate/Glints2/dict_0004_0067" 9619
"/Engine/EngineMaterials/Substrate/Glints2/dict_0004_0066" 9620
"/Engine/EngineMaterials/Substrate/Glints2/dict_0004_0065" 9621
"/Engine/EngineMaterials/Substrate/Glints2/dict_0004_0064" 9622
"/Engine/EngineMaterials/Substrate/Glints2/dict_0004_0063" 9623
"/Engine/EngineMaterials/Substrate/Glints2/dict_0004_0062" 9624
"/Engine/EngineMaterials/Substrate/Glints2/dict_0004_0061" 9625
"/Engine/EngineMaterials/Substrate/Glints2/dict_0004_0060" 9626
"/Engine/EngineMaterials/Substrate/Glints2/dict_0004_0059" 9627
"/Engine/EngineMaterials/Substrate/Glints2/dict_0004_0058" 9628
"/Engine/EngineMaterials/Substrate/Glints2/dict_0004_0057" 9629
"/Engine/EngineMaterials/Substrate/Glints2/dict_0004_0056" 9630
"/Engine/EngineMaterials/Substrate/Glints2/dict_0004_0055" 9631
"/Engine/EngineMaterials/Substrate/Glints2/dict_0004_0054" 9632
"/Engine/EngineMaterials/Substrate/Glints2/dict_0004_0053" 9633
"../../../Engine/Content/EngineMaterials/Substrate/Glints2/dict_0004_0086.uasset" 9634
"../../../Engine/Content/EngineMaterials/Substrate/Glints2/dict_0004_0087.uasset" 9635
"../../../Engine/Content/EngineMaterials/Substrate/Glints2/dict_0004_0088.uasset" 9636
"../../../Engine/Content/EngineMaterials/Substrate/Glints2/dict_0004_0089.uasset" 9637
"../../../Engine/Content/EngineMaterials/Substrate/Glints2/dict_0004_0091.uasset" 9638
"../../../Engine/Content/EngineMaterials/Substrate/Glints2/dict_0004_0092.uasset" 9639
"/Engine/EngineMaterials/Substrate/Glints2/dict_0004_0084" 9640
"../../../Engine/Content/EngineMaterials/Substrate/Glints2/dict_0004_0090.uasset" 9641
"../../../Engine/Content/EngineMaterials/Substrate/Glints2/dict_0004_0093.uasset" 9642
"../../../Engine/Content/EngineMaterials/Substrate/Glints2/dict_0004_0096.uasset" 9643
"../../../Engine/Content/EngineMaterials/Substrate/Glints2/dict_0004_0098.uasset" 9644
"../../../Engine/Content/EngineMaterials/Substrate/Glints2/dict_0004_0101.uasset" 9645
"../../../Engine/Content/EngineMaterials/Substrate/Glints2/dict_0004_0085.uasset" 9646
"../../../Engine/Content/EngineMaterials/Substrate/Glints2/dict_0004_0099.uasset" 9647
"../../../Engine/Content/EngineMaterials/Substrate/Glints2/dict_0004_0100.uasset" 9648
"../../../Engine/Content/EngineMaterials/Substrate/Glints2/dict_0004_0095.uasset" 9649
"../../../Engine/Content/EngineMaterials/Substrate/Glints2/dict_0004_0094.uasset" 9650
"../../../Engine/Content/EngineMaterials/Substrate/Glints2/dict_0004_0097.uasset" 9651
"/Engine/EngineMaterials/Substrate/Glints2/dict_0004_0083" 9652
"/Engine/EngineMaterials/Substrate/Glints2/dict_0004_0082" 9653
"/Engine/EngineMaterials/Substrate/Glints2/dict_0004_0081" 9654
"/Engine/EngineMaterials/Substrate/Glints2/dict_0004_0080" 9655
"/Engine/EngineMaterials/Substrate/Glints2/dict_0004_0079" 9656
"/Engine/EngineMaterials/Substrate/Glints2/dict_0004_0078" 9657
"/Engine/EngineMaterials/Substrate/Glints2/dict_0004_0077" 9658
"/Engine/EngineMaterials/Substrate/Glints2/dict_0004_0076" 9659
"/Engine/EngineMaterials/Substrate/Glints2/dict_0004_0075" 9660
"/Engine/EngineMaterials/Substrate/Glints2/dict_0004_0074" 9661
"/Engine/EngineMaterials/Substrate/Glints2/dict_0004_0073" 9662
"/Engine/EngineMaterials/Substrate/Glints2/dict_0004_0072" 9663
"/Engine/EngineMaterials/Substrate/Glints2/dict_0004_0071" 9664
"/Engine/EngineMaterials/Substrate/Glints2/dict_0004_0070" 9665
"../../../Engine/Content/EngineMaterials/Substrate/Glints2/dict_0004_0105.uasset" 9666
"../../../Engine/Content/EngineMaterials/Substrate/Glints2/dict_0004_0107.uasset" 9667
"../../../Engine/Content/EngineMaterials/Substrate/Glints2/dict_0004_0106.uasset" 9668
"../../../Engine/Content/EngineMaterials/Substrate/Glints2/dict_0004_0102.uasset" 9669
"../../../Engine/Content/EngineMaterials/Substrate/Glints2/dict_0004_0112.uasset" 9670
"../../../Engine/Content/EngineMaterials/Substrate/Glints2/dict_0004_0113.uasset" 9671
"../../../Engine/Content/EngineMaterials/Substrate/Glints2/dict_0004_0115.uasset" 9672
"../../../Engine/Content/EngineMaterials/Substrate/Glints2/dict_0004_0111.uasset" 9673
"../../../Engine/Content/EngineMaterials/Substrate/Glints2/dict_0004_0114.uasset" 9674
"/Engine/EngineMaterials/Substrate/Glints2/dict_0004_0101" 9675
"../../../Engine/Content/EngineMaterials/Substrate/Glints2/dict_0004_0116.uasset" 9676
"../../../Engine/Content/EngineMaterials/Substrate/Glints2/dict_0004_0104.uasset" 9677
"../../../Engine/Content/EngineMaterials/Substrate/Glints2/dict_0004_0103.uasset" 9678
"../../../Engine/Content/EngineMaterials/Substrate/Glints2/dict_0004_0110.uasset" 9679
"../../../Engine/Content/EngineMaterials/Substrate/Glints2/dict_0004_0108.uasset" 9680
"../../../Engine/Content/EngineMaterials/Substrate/Glints2/dict_0004_0109.uasset" 9681
"/Engine/EngineMaterials/Substrate/Glints2/dict_0004_0100" 9682
"/Engine/EngineMaterials/Substrate/Glints2/dict_0004_0099" 9683
"/Engine/EngineMaterials/Substrate/Glints2/dict_0004_0098" 9684
"/Engine/EngineMaterials/Substrate/Glints2/dict_0004_0097" 9685
"/Engine/EngineMaterials/Substrate/Glints2/dict_0004_0096" 9686
"/Engine/EngineMaterials/Substrate/Glints2/dict_0004_0095" 9687
"/Engine/EngineMaterials/Substrate/Glints2/dict_0004_0094" 9688
"/Engine/EngineMaterials/Substrate/Glints2/dict_0004_0093" 9689
"/Engine/EngineMaterials/Substrate/Glints2/dict_0004_0092" 9690
"/Engine/EngineMaterials/Substrate/Glints2/dict_0004_0091" 9691
"/Engine/EngineMaterials/Substrate/Glints2/dict_0004_0090" 9692
"/Engine/EngineMaterials/Substrate/Glints2/dict_0004_0089" 9693
"/Engine/EngineMaterials/Substrate/Glints2/dict_0004_0088" 9694
"/Engine/EngineMaterials/Substrate/Glints2/dict_0004_0087" 9695
"/Engine/EngineMaterials/Substrate/Glints2/dict_0004_0086" 9696
"/Engine/EngineMaterials/Substrate/Glints2/dict_0004_0085" 9697
"../../../Engine/Content/EngineMaterials/Substrate/Glints2/dict_0004_0118.uasset" 9698
"../../../Engine/Content/EngineMaterials/Substrate/Glints2/dict_0004_0120.uasset" 9699
"../../../Engine/Content/EngineMaterials/Substrate/Glints2/dict_0004_0117.uasset" 9700
"../../../Engine/Content/EngineMaterials/Substrate/Glints2/dict_0004_0119.uasset" 9701
"../../../Engine/Content/EngineMaterials/Substrate/Glints2/dict_0004_0122.uasset" 9702
"../../../Engine/Content/EngineMaterials/Substrate/Glints2/dict_0004_0121.uasset" 9703
"../../../Engine/Content/EngineMaterials/Substrate/Glints2/dict_0004_0125.uasset" 9704
"../../../Engine/Content/EngineMaterials/Substrate/Glints2/dict_0004_0124.uasset" 9705
"../../../Engine/Content/EngineMaterials/Substrate/Glints2/dict_0004_0126.uasset" 9706
"/Engine/EngineMaterials/Substrate/Glints2/dict_0004_0116" 9707
"../../../Engine/Content/EngineMaterials/Substrate/Glints2/dict_0004_0123.uasset" 9708
"../../../Engine/Content/EngineMaterials/Substrate/Glints2/dict_0004_0129.uasset" 9709
"../../../Engine/Content/EngineMaterials/Substrate/Glints2/dict_0004_0128.uasset" 9710
"../../../Engine/Content/EngineMaterials/Substrate/Glints2/dict_0004_0131.uasset" 9711
"../../../Engine/Content/EngineMaterials/Substrate/Glints2/dict_0004_0127.uasset" 9712
"../../../Engine/Content/EngineMaterials/Substrate/Glints2/dict_0004_0130.uasset" 9713
"../../../Engine/Content/EngineMaterials/Substrate/Glints2/dict_0004_0133.uasset" 9714
"../../../Engine/Content/EngineMaterials/Substrate/Glints2/dict_0004_0132.uasset" 9715
"/Engine/EngineMaterials/Substrate/Glints2/dict_0004_0115" 9716
"/Engine/EngineMaterials/Substrate/Glints2/dict_0004_0114" 9717
"/Engine/EngineMaterials/Substrate/Glints2/dict_0004_0113" 9718
"/Engine/EngineMaterials/Substrate/Glints2/dict_0004_0112" 9719
"/Engine/EngineMaterials/Substrate/Glints2/dict_0004_0111" 9720
"/Engine/EngineMaterials/Substrate/Glints2/dict_0004_0110" 9721
"/Engine/EngineMaterials/Substrate/Glints2/dict_0004_0109" 9722
"/Engine/EngineMaterials/Substrate/Glints2/dict_0004_0108" 9723
"/Engine/EngineMaterials/Substrate/Glints2/dict_0004_0107" 9724
"/Engine/EngineMaterials/Substrate/Glints2/dict_0004_0106" 9725
"/Engine/EngineMaterials/Substrate/Glints2/dict_0004_0105" 9726
"/Engine/EngineMaterials/Substrate/Glints2/dict_0004_0104" 9727
"/Engine/EngineMaterials/Substrate/Glints2/dict_0004_0103" 9728
"/Engine/EngineMaterials/Substrate/Glints2/dict_0004_0102" 9729
"../../../Engine/Content/EngineMaterials/Substrate/Glints2/dict_0004_0139.uasset" 9730
"../../../Engine/Content/EngineMaterials/Substrate/Glints2/dict_0004_0135.uasset" 9731
"../../../Engine/Content/EngineMaterials/Substrate/Glints2/dict_0004_0140.uasset" 9732
"../../../Engine/Content/EngineMaterials/Substrate/Glints2/dict_0004_0141.uasset" 9733
"../../../Engine/Content/EngineMaterials/Substrate/Glints2/dict_0004_0136.uasset" 9734
"/Engine/EngineMaterials/Substrate/Glints2/dict_0004_0133" 9735
"../../../Engine/Content/EngineMaterials/Substrate/Glints2/dict_0004_0138.uasset" 9736
"../../../Engine/Content/EngineMaterials/Substrate/Glints2/dict_0004_0146.uasset" 9737
"../../../Engine/Content/EngineMaterials/Substrate/Glints2/dict_0004_0137.uasset" 9738
"../../../Engine/Content/EngineMaterials/Substrate/Glints2/dict_0004_0147.uasset" 9739
"../../../Engine/Content/EngineMaterials/Substrate/Glints2/dict_0004_0148.uasset" 9740
"../../../Engine/Content/EngineMaterials/Substrate/Glints2/dict_0004_0142.uasset" 9741
"../../../Engine/Content/EngineMaterials/Substrate/Glints2/dict_0004_0145.uasset" 9742
"../../../Engine/Content/EngineMaterials/Substrate/Glints2/dict_0004_0144.uasset" 9743
"../../../Engine/Content/EngineMaterials/Substrate/Glints2/dict_0004_0143.uasset" 9744
"../../../Engine/Content/EngineMaterials/Substrate/Glints2/dict_0004_0134.uasset" 9745
"/Engine/EngineMaterials/Substrate/Glints2/dict_0004_0132" 9746
"/Engine/EngineMaterials/Substrate/Glints2/dict_0004_0131" 9747
"/Engine/EngineMaterials/Substrate/Glints2/dict_0004_0130" 9748
"/Engine/EngineMaterials/Substrate/Glints2/dict_0004_0129" 9749
"/Engine/EngineMaterials/Substrate/Glints2/dict_0004_0128" 9750
"/Engine/EngineMaterials/Substrate/Glints2/dict_0004_0127" 9751
"/Engine/EngineMaterials/Substrate/Glints2/dict_0004_0126" 9752
"/Engine/EngineMaterials/Substrate/Glints2/dict_0004_0125" 9753
"/Engine/EngineMaterials/Substrate/Glints2/dict_0004_0124" 9754
"/Engine/EngineMaterials/Substrate/Glints2/dict_0004_0123" 9755
"/Engine/EngineMaterials/Substrate/Glints2/dict_0004_0122" 9756
"/Engine/EngineMaterials/Substrate/Glints2/dict_0004_0121" 9757
"/Engine/EngineMaterials/Substrate/Glints2/dict_0004_0120" 9758
"/Engine/EngineMaterials/Substrate/Glints2/dict_0004_0119" 9759
"/Engine/EngineMaterials/Substrate/Glints2/dict_0004_0118" 9760
"/Engine/EngineMaterials/Substrate/Glints2/dict_0004_0117" 9761
"../../../Engine/Content/EngineMaterials/Substrate/Glints2/dict_0004_0149.uasset" 9762
"../../../Engine/Content/EngineMaterials/Substrate/Glints2/dict_0004_0150.uasset" 9763
"../../../Engine/Content/EngineMaterials/Substrate/Glints2/dict_0004_0153.uasset" 9764
"../../../Engine/Content/EngineMaterials/Substrate/Glints2/dict_0004_0155.uasset" 9765
"../../../Engine/Content/EngineMaterials/Substrate/Glints2/dict_0004_0160.uasset" 9766
"../../../Engine/Content/EngineMaterials/Substrate/Glints2/dict_0004_0159.uasset" 9767
"../../../Engine/Content/EngineMaterials/Substrate/Glints2/dict_0004_0161.uasset" 9768
"../../../Engine/Content/EngineMaterials/Substrate/Glints2/dict_0004_0162.uasset" 9769
"../../../Engine/Content/EngineMaterials/Substrate/Glints2/dict_0004_0151.uasset" 9770
"../../../Engine/Content/EngineMaterials/Substrate/Glints2/dict_0004_0165.uasset" 9771
"/Engine/EngineMaterials/Substrate/Glints2/dict_0004_0148" 9772
"../../../Engine/Content/EngineMaterials/Substrate/Glints2/dict_0004_0152.uasset" 9773
"../../../Engine/Content/EngineMaterials/Substrate/Glints2/dict_0004_0156.uasset" 9774
"../../../Engine/Content/EngineMaterials/Substrate/Glints2/dict_0004_0163.uasset" 9775
"../../../Engine/Content/EngineMaterials/Substrate/Glints2/dict_0004_0158.uasset" 9776
"../../../Engine/Content/EngineMaterials/Substrate/Glints2/dict_0004_0164.uasset" 9777
"../../../Engine/Content/EngineMaterials/Substrate/Glints2/dict_0004_0157.uasset" 9778
"../../../Engine/Content/EngineMaterials/Substrate/Glints2/dict_0004_0154.uasset" 9779
"/Engine/EngineMaterials/Substrate/Glints2/dict_0004_0147" 9780
"/Engine/EngineMaterials/Substrate/Glints2/dict_0004_0146" 9781
"/Engine/EngineMaterials/Substrate/Glints2/dict_0004_0145" 9782
"/Engine/EngineMaterials/Substrate/Glints2/dict_0004_0144" 9783
"/Engine/EngineMaterials/Substrate/Glints2/dict_0004_0143" 9784
"/Engine/EngineMaterials/Substrate/Glints2/dict_0004_0142" 9785
"/Engine/EngineMaterials/Substrate/Glints2/dict_0004_0141" 9786
"/Engine/EngineMaterials/Substrate/Glints2/dict_0004_0140" 9787
"/Engine/EngineMaterials/Substrate/Glints2/dict_0004_0139" 9788
"/Engine/EngineMaterials/Substrate/Glints2/dict_0004_0138" 9789
"/Engine/EngineMaterials/Substrate/Glints2/dict_0004_0137" 9790
"/Engine/EngineMaterials/Substrate/Glints2/dict_0004_0136" 9791
"/Engine/EngineMaterials/Substrate/Glints2/dict_0004_0135" 9792
"/Engine/EngineMaterials/Substrate/Glints2/dict_0004_0134" 9793
"../../../Engine/Content/EngineMaterials/Substrate/Glints2/dict_0004_0166.uasset" 9794
"../../../Engine/Content/EngineMaterials/Substrate/Glints2/dict_0004_0167.uasset" 9795
"../../../Engine/Content/EngineMaterials/Substrate/Glints2/dict_0004_0169.uasset" 9796
"../../../Engine/Content/EngineMaterials/Substrate/Glints2/dict_0004_0172.uasset" 9797
"../../../Engine/Content/EngineMaterials/Substrate/Glints2/dict_0004_0173.uasset" 9798
"../../../Engine/Content/EngineMaterials/Substrate/Glints2/dict_0004_0175.uasset" 9799
"../../../Engine/Content/EngineMaterials/Substrate/Glints2/dict_0004_0176.uasset" 9800
"../../../Engine/Content/EngineMaterials/Substrate/Glints2/dict_0004_0170.uasset" 9801
"../../../Engine/Content/EngineMaterials/Substrate/Glints2/dict_0004_0171.uasset" 9802
"../../../Engine/Content/EngineMaterials/Substrate/Glints2/dict_0004_0168.uasset" 9803
"../../../Engine/Content/EngineMaterials/Substrate/Glints2/dict_0004_0177.uasset" 9804
"../../../Engine/Content/EngineMaterials/Substrate/Glints2/dict_0004_0174.uasset" 9805
"../../../Engine/Content/EngineMaterials/Substrate/Glints2/dict_0004_0178.uasset" 9806
"../../../Engine/Content/EngineMaterials/Substrate/Glints2/dict_0004_0180.uasset" 9807
"/Engine/EngineMaterials/Substrate/Glints2/dict_0004_0165" 9808
"../../../Engine/Content/EngineMaterials/Substrate/Glints2/dict_0004_0179.uasset" 9809
"/Engine/EngineMaterials/Substrate/Glints2/dict_0004_0164" 9810
"/Engine/EngineMaterials/Substrate/Glints2/dict_0004_0163" 9811
"/Engine/EngineMaterials/Substrate/Glints2/dict_0004_0162" 9812
"/Engine/EngineMaterials/Substrate/Glints2/dict_0004_0161" 9813
"/Engine/EngineMaterials/Substrate/Glints2/dict_0004_0160" 9814
"/Engine/EngineMaterials/Substrate/Glints2/dict_0004_0159" 9815
"/Engine/EngineMaterials/Substrate/Glints2/dict_0004_0158" 9816
"/Engine/EngineMaterials/Substrate/Glints2/dict_0004_0157" 9817
"/Engine/EngineMaterials/Substrate/Glints2/dict_0004_0156" 9818
"/Engine/EngineMaterials/Substrate/Glints2/dict_0004_0155" 9819
"/Engine/EngineMaterials/Substrate/Glints2/dict_0004_0154" 9820
"/Engine/EngineMaterials/Substrate/Glints2/dict_0004_0153" 9821
"/Engine/EngineMaterials/Substrate/Glints2/dict_0004_0152" 9822
"/Engine/EngineMaterials/Substrate/Glints2/dict_0004_0151" 9823
"/Engine/EngineMaterials/Substrate/Glints2/dict_0004_0150" 9824
"/Engine/EngineMaterials/Substrate/Glints2/dict_0004_0149" 9825
"../../../Engine/Content/EngineMaterials/Substrate/Glints2/dict_0004_0182.uasset" 9826
"../../../Engine/Content/EngineMaterials/Substrate/Glints2/dict_0004_0185.uasset" 9827
"../../../Engine/Content/EngineMaterials/Substrate/Glints2/dict_0004_0183.uasset" 9828
"../../../Engine/Content/EngineMaterials/Substrate/Glints2/dict_0004_0181.uasset" 9829
"../../../Engine/Content/EngineMaterials/Substrate/Glints2/dict_0004_0189.uasset" 9830
"../../../Engine/Content/EngineMaterials/Substrate/Glints2/dict_0004_0187.uasset" 9831
"../../../Engine/Content/EngineMaterials/Substrate/Glints2/dict_0004_0190.uasset" 9832
"../../../Engine/Content/EngineMaterials/Substrate/Glints2/dict_0004_0191.uasset" 9833
"/Engine/EngineMaterials/Substrate/Glints2/dict_0004_0180" 9834
"../../../Engine/Content/EngineMaterials/Substrate/Glints2/dict_0004_0184.uasset" 9835
"../../../Engine/Content/EngineMaterials/Substrate/Glints2/dict_0004_0192.uasset" 9836
"../../../Engine/Content/EngineMaterials/Substrate/Glints2/dict_0004_0194.uasset" 9837
"../../../Engine/Content/EngineMaterials/Substrate/Glints2/dict_0004_0195.uasset" 9838
"../../../Engine/Content/EngineMaterials/Substrate/Glints2/dict_0004_0197.uasset" 9839
"../../../Engine/Content/EngineMaterials/Substrate/Glints2/dict_0004_0186.uasset" 9840
"../../../Engine/Content/EngineMaterials/Substrate/Glints2/dict_0004_0193.uasset" 9841
"../../../Engine/Content/EngineMaterials/Substrate/Glints2/dict_0004_0196.uasset" 9842
"../../../Engine/Content/EngineMaterials/Substrate/Glints2/dict_0004_0188.uasset" 9843
"/Engine/EngineMaterials/Substrate/Glints2/dict_0004_0179" 9844
"/Engine/EngineMaterials/Substrate/Glints2/dict_0004_0178" 9845
"/Engine/EngineMaterials/Substrate/Glints2/dict_0004_0177" 9846
"/Engine/EngineMaterials/Substrate/Glints2/dict_0004_0176" 9847
"/Engine/EngineMaterials/Substrate/Glints2/dict_0004_0175" 9848
"/Engine/EngineMaterials/Substrate/Glints2/dict_0004_0174" 9849
"/Engine/EngineMaterials/Substrate/Glints2/dict_0004_0173" 9850
"/Engine/EngineMaterials/Substrate/Glints2/dict_0004_0172" 9851
"/Engine/EngineMaterials/Substrate/Glints2/dict_0004_0171" 9852
"/Engine/EngineMaterials/Substrate/Glints2/dict_0004_0170" 9853
"/Engine/EngineMaterials/Substrate/Glints2/dict_0004_0169" 9854
"/Engine/EngineMaterials/Substrate/Glints2/dict_0004_0168" 9855
"/Engine/EngineMaterials/Substrate/Glints2/dict_0004_0167" 9856
"/Engine/EngineMaterials/Substrate/Glints2/dict_0004_0166" 9857
"../../../Engine/Content/EngineMaterials/Substrate/Glints2/dict_0004_0198.uasset" 9858
"../../../Engine/Content/EngineMaterials/Substrate/Glints2/dict_0004_0199.uasset" 9859
"../../../Engine/Content/EngineMaterials/Substrate/Glints2/dict_0004_0200.uasset" 9860
"../../../Engine/Content/EngineMaterials/Substrate/Glints2/dict_0004_0202.uasset" 9861
"../../../Engine/Content/EngineMaterials/Substrate/Glints2/dict_0004_0201.uasset" 9862
"../../../Engine/Content/EngineMaterials/Substrate/Glints2/dict_0004_0204.uasset" 9863
"/Engine/EngineMaterials/Substrate/Glints2/dict_0004_0197" 9864
"../../../Engine/Content/EngineMaterials/Substrate/Glints2/dict_0004_0206.uasset" 9865
"../../../Engine/Content/EngineMaterials/Substrate/Glints2/dict_0004_0205.uasset" 9866
"../../../Engine/Content/EngineMaterials/Substrate/Glints2/dict_0004_0203.uasset" 9867
"../../../Engine/Content/EngineMaterials/Substrate/Glints2/dict_0004_0208.uasset" 9868
"../../../Engine/Content/EngineMaterials/Substrate/Glints2/dict_0004_0210.uasset" 9869
"../../../Engine/Content/EngineMaterials/Substrate/Glints2/dict_0004_0212.uasset" 9870
"../../../Engine/Content/EngineMaterials/Substrate/Glints2/dict_0004_0211.uasset" 9871
"/Engine/EngineMaterials/Substrate/Glints2/dict_0004_0196" 9872
"../../../Engine/Content/EngineMaterials/Substrate/Glints2/dict_0004_0207.uasset" 9873
"../../../Engine/Content/EngineMaterials/Substrate/Glints2/dict_0004_0209.uasset" 9874
"/Engine/EngineMaterials/Substrate/Glints2/dict_0004_0195" 9875
"/Engine/EngineMaterials/Substrate/Glints2/dict_0004_0194" 9876
"/Engine/EngineMaterials/Substrate/Glints2/dict_0004_0193" 9877
"/Engine/EngineMaterials/Substrate/Glints2/dict_0004_0192" 9878
"/Engine/EngineMaterials/Substrate/Glints2/dict_0004_0191" 9879
"/Engine/EngineMaterials/Substrate/Glints2/dict_0004_0190" 9880
"/Engine/EngineMaterials/Substrate/Glints2/dict_0004_0189" 9881
"/Engine/EngineMaterials/Substrate/Glints2/dict_0004_0188" 9882
"/Engine/EngineMaterials/Substrate/Glints2/dict_0004_0187" 9883
"/Engine/EngineMaterials/Substrate/Glints2/dict_0004_0186" 9884
"/Engine/EngineMaterials/Substrate/Glints2/dict_0004_0185" 9885
"/Engine/EngineMaterials/Substrate/Glints2/dict_0004_0184" 9886
"/Engine/EngineMaterials/Substrate/Glints2/dict_0004_0183" 9887
"/Engine/EngineMaterials/Substrate/Glints2/dict_0004_0182" 9888
"/Engine/EngineMaterials/Substrate/Glints2/dict_0004_0181" 9889
"../../../Engine/Content/EngineMaterials/Substrate/Glints2/dict_0004_0213.uasset" 9890
"../../../Engine/Content/EngineMaterials/Substrate/Glints2/dict_0004_0214.uasset" 9891
"../../../Engine/Content/EngineMaterials/Substrate/Glints2/dict_0004_0222.uasset" 9892
"../../../Engine/Content/EngineMaterials/Substrate/Glints2/dict_0004_0215.uasset" 9893
"../../../Engine/Content/EngineMaterials/Substrate/Glints2/dict_0004_0216.uasset" 9894
"../../../Engine/Content/EngineMaterials/Substrate/Glints2/dict_0004_0219.uasset" 9895
"/Engine/EngineMaterials/Substrate/Glints2/dict_0004_0212" 9896
"../../../Engine/Content/EngineMaterials/Substrate/Glints2/dict_0004_0223.uasset" 9897
"../../../Engine/Content/EngineMaterials/Substrate/Glints2/dict_0004_0228.uasset" 9898
"../../../Engine/Content/EngineMaterials/Substrate/Glints2/dict_0004_0217.uasset" 9899
"../../../Engine/Content/EngineMaterials/Substrate/Glints2/dict_0004_0227.uasset" 9900
"../../../Engine/Content/EngineMaterials/Substrate/Glints2/dict_0004_0220.uasset" 9901
"../../../Engine/Content/EngineMaterials/Substrate/Glints2/dict_0004_0225.uasset" 9902
"../../../Engine/Content/EngineMaterials/Substrate/Glints2/dict_0004_0226.uasset" 9903
"../../../Engine/Content/EngineMaterials/Substrate/Glints2/dict_0004_0224.uasset" 9904
"../../../Engine/Content/EngineMaterials/Substrate/Glints2/dict_0004_0229.uasset" 9905
"../../../Engine/Content/EngineMaterials/Substrate/Glints2/dict_0004_0221.uasset" 9906
"../../../Engine/Content/EngineMaterials/Substrate/Glints2/dict_0004_0218.uasset" 9907
"/Engine/EngineMaterials/Substrate/Glints2/dict_0004_0211" 9908
"/Engine/EngineMaterials/Substrate/Glints2/dict_0004_0210" 9909
"/Engine/EngineMaterials/Substrate/Glints2/dict_0004_0209" 9910
"/Engine/EngineMaterials/Substrate/Glints2/dict_0004_0208" 9911
"/Engine/EngineMaterials/Substrate/Glints2/dict_0004_0207" 9912
"/Engine/EngineMaterials/Substrate/Glints2/dict_0004_0206" 9913
"/Engine/EngineMaterials/Substrate/Glints2/dict_0004_0205" 9914
"/Engine/EngineMaterials/Substrate/Glints2/dict_0004_0204" 9915
"/Engine/EngineMaterials/Substrate/Glints2/dict_0004_0203" 9916
"/Engine/EngineMaterials/Substrate/Glints2/dict_0004_0202" 9917
"/Engine/EngineMaterials/Substrate/Glints2/dict_0004_0201" 9918
"/Engine/EngineMaterials/Substrate/Glints2/dict_0004_0200" 9919
"/Engine/EngineMaterials/Substrate/Glints2/dict_0004_0199" 9920
"/Engine/EngineMaterials/Substrate/Glints2/dict_0004_0198" 9921
"../../../Engine/Content/EngineMaterials/Substrate/Glints2/dict_0004_0230.uasset" 9922
"../../../Engine/Content/EngineMaterials/Substrate/Glints2/dict_0004_0231.uasset" 9923
"../../../Engine/Content/EngineMaterials/Substrate/Glints2/dict_0004_0233.uasset" 9924
"../../../Engine/Content/EngineMaterials/Substrate/Glints2/dict_0004_0234.uasset" 9925
"../../../Engine/Content/EngineMaterials/Substrate/Glints2/dict_0004_0237.uasset" 9926
"../../../Engine/Content/EngineMaterials/Substrate/Glints2/dict_0004_0232.uasset" 9927
"../../../Engine/Content/EngineMaterials/Substrate/Glints2/dict_0004_0236.uasset" 9928
"../../../Engine/Content/EngineMaterials/Substrate/Glints2/dict_0004_0239.uasset" 9929
"/Engine/EngineMaterials/Substrate/Glints2/dict_0004_0229" 9930
"../../../Engine/Content/EngineMaterials/Substrate/Glints2/dict_0004_0235.uasset" 9931
"../../../Engine/Content/EngineMaterials/Substrate/Glints2/dict_0004_0240.uasset" 9932
"../../../Engine/Content/EngineMaterials/Substrate/Glints2/dict_0004_0242.uasset" 9933
"../../../Engine/Content/EngineMaterials/Substrate/Glints2/dict_0004_0238.uasset" 9934
"../../../Engine/Content/EngineMaterials/Substrate/Glints2/dict_0004_0244.uasset" 9935
"../../../Engine/Content/EngineMaterials/Substrate/Glints2/dict_0004_0241.uasset" 9936
"../../../Engine/Content/EngineMaterials/Substrate/Glints2/dict_0004_0243.uasset" 9937
"/Engine/EngineMaterials/Substrate/Glints2/dict_0004_0228" 9938
"/Engine/EngineMaterials/Substrate/Glints2/dict_0004_0227" 9939
"/Engine/EngineMaterials/Substrate/Glints2/dict_0004_0226" 9940
"/Engine/EngineMaterials/Substrate/Glints2/dict_0004_0225" 9941
"/Engine/EngineMaterials/Substrate/Glints2/dict_0004_0224" 9942
"/Engine/EngineMaterials/Substrate/Glints2/dict_0004_0223" 9943
"/Engine/EngineMaterials/Substrate/Glints2/dict_0004_0222" 9944
"/Engine/EngineMaterials/Substrate/Glints2/dict_0004_0221" 9945
"/Engine/EngineMaterials/Substrate/Glints2/dict_0004_0220" 9946
"/Engine/EngineMaterials/Substrate/Glints2/dict_0004_0219" 9947
"/Engine/EngineMaterials/Substrate/Glints2/dict_0004_0218" 9948
"/Engine/EngineMaterials/Substrate/Glints2/dict_0004_0217" 9949
"/Engine/EngineMaterials/Substrate/Glints2/dict_0004_0216" 9950
"/Engine/EngineMaterials/Substrate/Glints2/dict_0004_0215" 9951
"/Engine/EngineMaterials/Substrate/Glints2/dict_0004_0214" 9952
"/Engine/EngineMaterials/Substrate/Glints2/dict_0004_0213" 9953
"/Engine/EngineMaterials/Substrate/Glints2/dict_0004_0230" 9954
"../../../Engine/Content/EngineMaterials/Substrate/Glints2/dict_0004_0250.uasset" 9955
"../../../Engine/Content/EngineMaterials/Substrate/Glints2/dict_0004_0246.uasset" 9956
"../../../Engine/Content/EngineMaterials/Substrate/Glints2/dict_0004_0249.uasset" 9957
"../../../Engine/Content/EngineMaterials/Substrate/Glints2/dict_0004_0253.uasset" 9958
"../../../Engine/Content/EngineMaterials/Substrate/Glints2/dict_0004_0255.uasset" 9959
"../../../Engine/Content/EngineMaterials/Substrate/Glints2/dict_0004_0254.uasset" 9960
"../../../Engine/Content/EngineMaterials/Substrate/Glints2/dict_0004_0248.uasset" 9961
"../../../Engine/Content/EngineMaterials/Substrate/Glints2/dict_0004_0251.uasset" 9962
"../../../Engine/Content/EngineMaterials/Substrate/Glints2/dict_0004_0245.uasset" 9963
"../../../Engine/Content/EngineMaterials/Substrate/Glints2/dict_0005_0000.uasset" 9964
"../../../Engine/Content/EngineMaterials/Substrate/Glints2/dict_0005_0004.uasset" 9965
"../../../Engine/Content/EngineMaterials/Substrate/Glints2/dict_0005_0005.uasset" 9966
"/Engine/EngineMaterials/Substrate/Glints2/dict_0004_0244" 9967
"../../../Engine/Content/EngineMaterials/Substrate/Glints2/dict_0005_0001.uasset" 9968
"../../../Engine/Content/EngineMaterials/Substrate/Glints2/dict_0005_0003.uasset" 9969
"../../../Engine/Content/EngineMaterials/Substrate/Glints2/dict_0005_0002.uasset" 9970
"../../../Engine/Content/EngineMaterials/Substrate/Glints2/dict_0004_0252.uasset" 9971
"../../../Engine/Content/EngineMaterials/Substrate/Glints2/dict_0004_0247.uasset" 9972
"../../../Engine/Content/EngineMaterials/Substrate/Glints2/dict_0005_0006.uasset" 9973
"/Engine/EngineMaterials/Substrate/Glints2/dict_0004_0243" 9974
"/Engine/EngineMaterials/Substrate/Glints2/dict_0004_0242" 9975
"/Engine/EngineMaterials/Substrate/Glints2/dict_0004_0241" 9976
"/Engine/EngineMaterials/Substrate/Glints2/dict_0004_0240" 9977
"/Engine/EngineMaterials/Substrate/Glints2/dict_0004_0239" 9978
"/Engine/EngineMaterials/Substrate/Glints2/dict_0004_0238" 9979
"/Engine/EngineMaterials/Substrate/Glints2/dict_0004_0237" 9980
"/Engine/EngineMaterials/Substrate/Glints2/dict_0004_0236" 9981
"/Engine/EngineMaterials/Substrate/Glints2/dict_0004_0235" 9982
"/Engine/EngineMaterials/Substrate/Glints2/dict_0004_0234" 9983
"/Engine/EngineMaterials/Substrate/Glints2/dict_0004_0233" 9984
"/Engine/EngineMaterials/Substrate/Glints2/dict_0004_0232" 9985
"/Engine/EngineMaterials/Substrate/Glints2/dict_0004_0231" 9986
"../../../Engine/Content/EngineMaterials/Substrate/Glints2/dict_0005_0007.uasset" 9987
"../../../Engine/Content/EngineMaterials/Substrate/Glints2/dict_0005_0008.uasset" 9988
"../../../Engine/Content/EngineMaterials/Substrate/Glints2/dict_0005_0009.uasset" 9989
"../../../Engine/Content/EngineMaterials/Substrate/Glints2/dict_0005_0010.uasset" 9990
"../../../Engine/Content/EngineMaterials/Substrate/Glints2/dict_0005_0011.uasset" 9991
"../../../Engine/Content/EngineMaterials/Substrate/Glints2/dict_0005_0012.uasset" 9992
"../../../Engine/Content/EngineMaterials/Substrate/Glints2/dict_0005_0015.uasset" 9993
"../../../Engine/Content/EngineMaterials/Substrate/Glints2/dict_0005_0014.uasset" 9994
"/Engine/EngineMaterials/Substrate/Glints2/dict_0005_0006" 9995
"../../../Engine/Content/EngineMaterials/Substrate/Glints2/dict_0005_0018.uasset" 9996
"../../../Engine/Content/EngineMaterials/Substrate/Glints2/dict_0005_0013.uasset" 9997
"../../../Engine/Content/EngineMaterials/Substrate/Glints2/dict_0005_0020.uasset" 9998
"../../../Engine/Content/EngineMaterials/Substrate/Glints2/dict_0005_0016.uasset" 9999
"../../../Engine/Content/EngineMaterials/Substrate/Glints2/dict_0005_0017.uasset" 10000
"../../../Engine/Content/EngineMaterials/Substrate/Glints2/dict_0005_0019.uasset" 10001
"/Engine/EngineMaterials/Substrate/Glints2/dict_0005_0005" 10002
"/Engine/EngineMaterials/Substrate/Glints2/dict_0005_0004" 10003
"/Engine/EngineMaterials/Substrate/Glints2/dict_0005_0003" 10004
"/Engine/EngineMaterials/Substrate/Glints2/dict_0005_0002" 10005
"/Engine/EngineMaterials/Substrate/Glints2/dict_0005_0001" 10006
"/Engine/EngineMaterials/Substrate/Glints2/dict_0005_0000" 10007
"/Engine/EngineMaterials/Substrate/Glints2/dict_0004_0255" 10008
"/Engine/EngineMaterials/Substrate/Glints2/dict_0004_0254" 10009
"/Engine/EngineMaterials/Substrate/Glints2/dict_0004_0253" 10010
"/Engine/EngineMaterials/Substrate/Glints2/dict_0004_0252" 10011
"/Engine/EngineMaterials/Substrate/Glints2/dict_0004_0251" 10012
"/Engine/EngineMaterials/Substrate/Glints2/dict_0004_0250" 10013
"/Engine/EngineMaterials/Substrate/Glints2/dict_0004_0249" 10014
"/Engine/EngineMaterials/Substrate/Glints2/dict_0004_0248" 10015
"/Engine/EngineMaterials/Substrate/Glints2/dict_0004_0247" 10016
"/Engine/EngineMaterials/Substrate/Glints2/dict_0004_0246" 10017
"/Engine/EngineMaterials/Substrate/Glints2/dict_0004_0245" 10018
"../../../Engine/Content/EngineMaterials/Substrate/Glints2/dict_0005_0022.uasset" 10019
"../../../Engine/Content/EngineMaterials/Substrate/Glints2/dict_0005_0024.uasset" 10020
"../../../Engine/Content/EngineMaterials/Substrate/Glints2/dict_0005_0028.uasset" 10021
"../../../Engine/Content/EngineMaterials/Substrate/Glints2/dict_0005_0021.uasset" 10022
"../../../Engine/Content/EngineMaterials/Substrate/Glints2/dict_0005_0026.uasset" 10023
"../../../Engine/Content/EngineMaterials/Substrate/Glints2/dict_0005_0023.uasset" 10024
"../../../Engine/Content/EngineMaterials/Substrate/Glints2/dict_0005_0035.uasset" 10025
"../../../Engine/Content/EngineMaterials/Substrate/Glints2/dict_0005_0033.uasset" 10026
"../../../Engine/Content/EngineMaterials/Substrate/Glints2/dict_0005_0036.uasset" 10027
"/Engine/EngineMaterials/Substrate/Glints2/dict_0005_0020" 10028
"../../../Engine/Content/EngineMaterials/Substrate/Glints2/dict_0005_0037.uasset" 10029
"../../../Engine/Content/EngineMaterials/Substrate/Glints2/dict_0005_0031.uasset" 10030
"../../../Engine/Content/EngineMaterials/Substrate/Glints2/dict_0005_0034.uasset" 10031
"../../../Engine/Content/EngineMaterials/Substrate/Glints2/dict_0005_0025.uasset" 10032
"../../../Engine/Content/EngineMaterials/Substrate/Glints2/dict_0005_0029.uasset" 10033
"../../../Engine/Content/EngineMaterials/Substrate/Glints2/dict_0005_0027.uasset" 10034
"../../../Engine/Content/EngineMaterials/Substrate/Glints2/dict_0005_0032.uasset" 10035
"../../../Engine/Content/EngineMaterials/Substrate/Glints2/dict_0005_0038.uasset" 10036
"../../../Engine/Content/EngineMaterials/Substrate/Glints2/dict_0005_0030.uasset" 10037
"/Engine/EngineMaterials/Substrate/Glints2/dict_0005_0019" 10038
"/Engine/EngineMaterials/Substrate/Glints2/dict_0005_0018" 10039
"/Engine/EngineMaterials/Substrate/Glints2/dict_0005_0017" 10040
"/Engine/EngineMaterials/Substrate/Glints2/dict_0005_0016" 10041
"/Engine/EngineMaterials/Substrate/Glints2/dict_0005_0015" 10042
"/Engine/EngineMaterials/Substrate/Glints2/dict_0005_0014" 10043
"/Engine/EngineMaterials/Substrate/Glints2/dict_0005_0013" 10044
"/Engine/EngineMaterials/Substrate/Glints2/dict_0005_0012" 10045
"/Engine/EngineMaterials/Substrate/Glints2/dict_0005_0011" 10046
"/Engine/EngineMaterials/Substrate/Glints2/dict_0005_0010" 10047
"/Engine/EngineMaterials/Substrate/Glints2/dict_0005_0009" 10048
"/Engine/EngineMaterials/Substrate/Glints2/dict_0005_0008" 10049
"/Engine/EngineMaterials/Substrate/Glints2/dict_0005_0007" 10050
"../../../Engine/Content/EngineMaterials/Substrate/Glints2/dict_0005_0039.uasset" 10051
"../../../Engine/Content/EngineMaterials/Substrate/Glints2/dict_0005_0041.uasset" 10052
"../../../Engine/Content/EngineMaterials/Substrate/Glints2/dict_0005_0046.uasset" 10053
"../../../Engine/Content/EngineMaterials/Substrate/Glints2/dict_0005_0044.uasset" 10054
"../../../Engine/Content/EngineMaterials/Substrate/Glints2/dict_0005_0043.uasset" 10055
"/Engine/EngineMaterials/Substrate/Glints2/dict_0005_0038" 10056
"../../../Engine/Content/EngineMaterials/Substrate/Glints2/dict_0005_0045.uasset" 10057
"../../../Engine/Content/EngineMaterials/Substrate/Glints2/dict_0005_0048.uasset" 10058
"../../../Engine/Content/EngineMaterials/Substrate/Glints2/dict_0005_0050.uasset" 10059
"../../../Engine/Content/EngineMaterials/Substrate/Glints2/dict_0005_0049.uasset" 10060
"../../../Engine/Content/EngineMaterials/Substrate/Glints2/dict_0005_0052.uasset" 10061
"../../../Engine/Content/EngineMaterials/Substrate/Glints2/dict_0005_0051.uasset" 10062
"../../../Engine/Content/EngineMaterials/Substrate/Glints2/dict_0005_0040.uasset" 10063
"../../../Engine/Content/EngineMaterials/Substrate/Glints2/dict_0005_0047.uasset" 10064
"/Engine/EngineMaterials/Substrate/Glints2/dict_0005_0037" 10065
"/Engine/EngineMaterials/Substrate/Glints2/dict_0005_0036" 10066
"../../../Engine/Content/EngineMaterials/Substrate/Glints2/dict_0005_0042.uasset" 10067
"/Engine/EngineMaterials/Substrate/Glints2/dict_0005_0035" 10068
"/Engine/EngineMaterials/Substrate/Glints2/dict_0005_0034" 10069
"/Engine/EngineMaterials/Substrate/Glints2/dict_0005_0033" 10070
"/Engine/EngineMaterials/Substrate/Glints2/dict_0005_0032" 10071
"/Engine/EngineMaterials/Substrate/Glints2/dict_0005_0031" 10072
"/Engine/EngineMaterials/Substrate/Glints2/dict_0005_0030" 10073
"/Engine/EngineMaterials/Substrate/Glints2/dict_0005_0029" 10074
"/Engine/EngineMaterials/Substrate/Glints2/dict_0005_0028" 10075
"/Engine/EngineMaterials/Substrate/Glints2/dict_0005_0027" 10076
"/Engine/EngineMaterials/Substrate/Glints2/dict_0005_0026" 10077
"/Engine/EngineMaterials/Substrate/Glints2/dict_0005_0025" 10078
"/Engine/EngineMaterials/Substrate/Glints2/dict_0005_0024" 10079
"/Engine/EngineMaterials/Substrate/Glints2/dict_0005_0023" 10080
"/Engine/EngineMaterials/Substrate/Glints2/dict_0005_0022" 10081
"/Engine/EngineMaterials/Substrate/Glints2/dict_0005_0021" 10082
"../../../Engine/Content/EngineMaterials/Substrate/Glints2/dict_0005_0053.uasset" 10083
"../../../Engine/Content/EngineMaterials/Substrate/Glints2/dict_0005_0056.uasset" 10084
"../../../Engine/Content/EngineMaterials/Substrate/Glints2/dict_0005_0054.uasset" 10085
"../../../Engine/Content/EngineMaterials/Substrate/Glints2/dict_0005_0055.uasset" 10086
"../../../Engine/Content/EngineMaterials/Substrate/Glints2/dict_0005_0057.uasset" 10087
"/Engine/EngineMaterials/Substrate/Glints2/dict_0005_0052" 10088
"../../../Engine/Content/EngineMaterials/Substrate/Glints2/dict_0005_0060.uasset" 10089
"../../../Engine/Content/EngineMaterials/Substrate/Glints2/dict_0005_0067.uasset" 10090
"../../../Engine/Content/EngineMaterials/Substrate/Glints2/dict_0005_0064.uasset" 10091
"../../../Engine/Content/EngineMaterials/Substrate/Glints2/dict_0005_0065.uasset" 10092
"../../../Engine/Content/EngineMaterials/Substrate/Glints2/dict_0005_0066.uasset" 10093
"../../../Engine/Content/EngineMaterials/Substrate/Glints2/dict_0005_0062.uasset" 10094
"../../../Engine/Content/EngineMaterials/Substrate/Glints2/dict_0005_0070.uasset" 10095
"../../../Engine/Content/EngineMaterials/Substrate/Glints2/dict_0005_0063.uasset" 10096
"../../../Engine/Content/EngineMaterials/Substrate/Glints2/dict_0005_0069.uasset" 10097
"../../../Engine/Content/EngineMaterials/Substrate/Glints2/dict_0005_0058.uasset" 10098
"../../../Engine/Content/EngineMaterials/Substrate/Glints2/dict_0005_0061.uasset" 10099
"../../../Engine/Content/EngineMaterials/Substrate/Glints2/dict_0005_0068.uasset" 10100
"../../../Engine/Content/EngineMaterials/Substrate/Glints2/dict_0005_0059.uasset" 10101
"/Engine/EngineMaterials/Substrate/Glints2/dict_0005_0051" 10102
"/Engine/EngineMaterials/Substrate/Glints2/dict_0005_0050" 10103
"/Engine/EngineMaterials/Substrate/Glints2/dict_0005_0049" 10104
"/Engine/EngineMaterials/Substrate/Glints2/dict_0005_0048" 10105
"/Engine/EngineMaterials/Substrate/Glints2/dict_0005_0047" 10106
"/Engine/EngineMaterials/Substrate/Glints2/dict_0005_0046" 10107
"/Engine/EngineMaterials/Substrate/Glints2/dict_0005_0045" 10108
"/Engine/EngineMaterials/Substrate/Glints2/dict_0005_0044" 10109
"/Engine/EngineMaterials/Substrate/Glints2/dict_0005_0043" 10110
"/Engine/EngineMaterials/Substrate/Glints2/dict_0005_0042" 10111
"/Engine/EngineMaterials/Substrate/Glints2/dict_0005_0041" 10112
"/Engine/EngineMaterials/Substrate/Glints2/dict_0005_0040" 10113
"/Engine/EngineMaterials/Substrate/Glints2/dict_0005_0039" 10114
"/Engine/EngineMaterials/Substrate/Glints2/dict_0005_0053" 10115
"../../../Engine/Content/EngineMaterials/Substrate/Glints2/dict_0005_0071.uasset" 10116
"../../../Engine/Content/EngineMaterials/Substrate/Glints2/dict_0005_0072.uasset" 10117
"../../../Engine/Content/EngineMaterials/Substrate/Glints2/dict_0005_0073.uasset" 10118
"../../../Engine/Content/EngineMaterials/Substrate/Glints2/dict_0005_0080.uasset" 10119
"../../../Engine/Content/EngineMaterials/Substrate/Glints2/dict_0005_0078.uasset" 10120
"../../../Engine/Content/EngineMaterials/Substrate/Glints2/dict_0005_0075.uasset" 10121
"../../../Engine/Content/EngineMaterials/Substrate/Glints2/dict_0005_0082.uasset" 10122
"../../../Engine/Content/EngineMaterials/Substrate/Glints2/dict_0005_0079.uasset" 10123
"../../../Engine/Content/EngineMaterials/Substrate/Glints2/dict_0005_0085.uasset" 10124
"../../../Engine/Content/EngineMaterials/Substrate/Glints2/dict_0005_0081.uasset" 10125
"../../../Engine/Content/EngineMaterials/Substrate/Glints2/dict_0005_0084.uasset" 10126
"../../../Engine/Content/EngineMaterials/Substrate/Glints2/dict_0005_0074.uasset" 10127
"../../../Engine/Content/EngineMaterials/Substrate/Glints2/dict_0005_0076.uasset" 10128
"/Engine/EngineMaterials/Substrate/Glints2/dict_0005_0070" 10129
"../../../Engine/Content/EngineMaterials/Substrate/Glints2/dict_0005_0083.uasset" 10130
"../../../Engine/Content/EngineMaterials/Substrate/Glints2/dict_0005_0077.uasset" 10131
"/Engine/EngineMaterials/Substrate/Glints2/dict_0005_0069" 10132
"/Engine/EngineMaterials/Substrate/Glints2/dict_0005_0068" 10133
"/Engine/EngineMaterials/Substrate/Glints2/dict_0005_0067" 10134
"/Engine/EngineMaterials/Substrate/Glints2/dict_0005_0066" 10135
"/Engine/EngineMaterials/Substrate/Glints2/dict_0005_0065" 10136
"/Engine/EngineMaterials/Substrate/Glints2/dict_0005_0064" 10137
"/Engine/EngineMaterials/Substrate/Glints2/dict_0005_0063" 10138
"/Engine/EngineMaterials/Substrate/Glints2/dict_0005_0062" 10139
"/Engine/EngineMaterials/Substrate/Glints2/dict_0005_0061" 10140
"/Engine/EngineMaterials/Substrate/Glints2/dict_0005_0060" 10141
"/Engine/EngineMaterials/Substrate/Glints2/dict_0005_0059" 10142
"/Engine/EngineMaterials/Substrate/Glints2/dict_0005_0058" 10143
"/Engine/EngineMaterials/Substrate/Glints2/dict_0005_0057" 10144
"/Engine/EngineMaterials/Substrate/Glints2/dict_0005_0056" 10145
"/Engine/EngineMaterials/Substrate/Glints2/dict_0005_0055" 10146
"/Engine/EngineMaterials/Substrate/Glints2/dict_0005_0054" 10147
"/Engine/EngineMaterials/Substrate/Glints2/dict_0005_0071" 10148
"../../../Engine/Content/EngineMaterials/Substrate/Glints2/dict_0005_0087.uasset" 10149
"../../../Engine/Content/EngineMaterials/Substrate/Glints2/dict_0005_0091.uasset" 10150
"../../../Engine/Content/EngineMaterials/Substrate/Glints2/dict_0005_0089.uasset" 10151
"../../../Engine/Content/EngineMaterials/Substrate/Glints2/dict_0005_0095.uasset" 10152
"../../../Engine/Content/EngineMaterials/Substrate/Glints2/dict_0005_0092.uasset" 10153
"../../../Engine/Content/EngineMaterials/Substrate/Glints2/dict_0005_0096.uasset" 10154
"../../../Engine/Content/EngineMaterials/Substrate/Glints2/dict_0005_0086.uasset" 10155
"/Engine/EngineMaterials/Substrate/Glints2/dict_0005_0085" 10156
"../../../Engine/Content/EngineMaterials/Substrate/Glints2/dict_0005_0100.uasset" 10157
"../../../Engine/Content/EngineMaterials/Substrate/Glints2/dict_0005_0099.uasset" 10158
"../../../Engine/Content/EngineMaterials/Substrate/Glints2/dict_0005_0102.uasset" 10159
"../../../Engine/Content/EngineMaterials/Substrate/Glints2/dict_0005_0101.uasset" 10160
"../../../Engine/Content/EngineMaterials/Substrate/Glints2/dict_0005_0093.uasset" 10161
"../../../Engine/Content/EngineMaterials/Substrate/Glints2/dict_0005_0088.uasset" 10162
"../../../Engine/Content/EngineMaterials/Substrate/Glints2/dict_0005_0097.uasset" 10163
"../../../Engine/Content/EngineMaterials/Substrate/Glints2/dict_0005_0098.uasset" 10164
"../../../Engine/Content/EngineMaterials/Substrate/Glints2/dict_0005_0090.uasset" 10165
"../../../Engine/Content/EngineMaterials/Substrate/Glints2/dict_0005_0103.uasset" 10166
"../../../Engine/Content/EngineMaterials/Substrate/Glints2/dict_0005_0094.uasset" 10167
"/Engine/EngineMaterials/Substrate/Glints2/dict_0005_0084" 10168
"/Engine/EngineMaterials/Substrate/Glints2/dict_0005_0083" 10169
"/Engine/EngineMaterials/Substrate/Glints2/dict_0005_0082" 10170
"/Engine/EngineMaterials/Substrate/Glints2/dict_0005_0081" 10171
"/Engine/EngineMaterials/Substrate/Glints2/dict_0005_0080" 10172
"/Engine/EngineMaterials/Substrate/Glints2/dict_0005_0079" 10173
"/Engine/EngineMaterials/Substrate/Glints2/dict_0005_0078" 10174
"/Engine/EngineMaterials/Substrate/Glints2/dict_0005_0077" 10175
"/Engine/EngineMaterials/Substrate/Glints2/dict_0005_0076" 10176
"/Engine/EngineMaterials/Substrate/Glints2/dict_0005_0075" 10177
"/Engine/EngineMaterials/Substrate/Glints2/dict_0005_0074" 10178
"/Engine/EngineMaterials/Substrate/Glints2/dict_0005_0073" 10179
"/Engine/EngineMaterials/Substrate/Glints2/dict_0005_0072" 10180
"../../../Engine/Content/EngineMaterials/Substrate/Glints2/dict_0005_0104.uasset" 10181
"../../../Engine/Content/EngineMaterials/Substrate/Glints2/dict_0005_0106.uasset" 10182
"/Engine/EngineMaterials/Substrate/Glints2/dict_0005_0103" 10183
"../../../Engine/Content/EngineMaterials/Substrate/Glints2/dict_0005_0113.uasset" 10184
"../../../Engine/Content/EngineMaterials/Substrate/Glints2/dict_0005_0105.uasset" 10185
"../../../Engine/Content/EngineMaterials/Substrate/Glints2/dict_0005_0111.uasset" 10186
"../../../Engine/Content/EngineMaterials/Substrate/Glints2/dict_0005_0116.uasset" 10187
"../../../Engine/Content/EngineMaterials/Substrate/Glints2/dict_0005_0115.uasset" 10188
"../../../Engine/Content/EngineMaterials/Substrate/Glints2/dict_0005_0112.uasset" 10189
"../../../Engine/Content/EngineMaterials/Substrate/Glints2/dict_0005_0110.uasset" 10190
"../../../Engine/Content/EngineMaterials/Substrate/Glints2/dict_0005_0117.uasset" 10191
"../../../Engine/Content/EngineMaterials/Substrate/Glints2/dict_0005_0109.uasset" 10192
"../../../Engine/Content/EngineMaterials/Substrate/Glints2/dict_0005_0114.uasset" 10193
"../../../Engine/Content/EngineMaterials/Substrate/Glints2/dict_0005_0108.uasset" 10194
"../../../Engine/Content/EngineMaterials/Substrate/Glints2/dict_0005_0107.uasset" 10195
"/Engine/EngineMaterials/Substrate/Glints2/dict_0005_0102" 10196
"/Engine/EngineMaterials/Substrate/Glints2/dict_0005_0101" 10197
"/Engine/EngineMaterials/Substrate/Glints2/dict_0005_0100" 10198
"/Engine/EngineMaterials/Substrate/Glints2/dict_0005_0099" 10199
"/Engine/EngineMaterials/Substrate/Glints2/dict_0005_0098" 10200
"/Engine/EngineMaterials/Substrate/Glints2/dict_0005_0097" 10201
"/Engine/EngineMaterials/Substrate/Glints2/dict_0005_0096" 10202
"/Engine/EngineMaterials/Substrate/Glints2/dict_0005_0095" 10203
"/Engine/EngineMaterials/Substrate/Glints2/dict_0005_0094" 10204
"/Engine/EngineMaterials/Substrate/Glints2/dict_0005_0093" 10205
"/Engine/EngineMaterials/Substrate/Glints2/dict_0005_0092" 10206
"/Engine/EngineMaterials/Substrate/Glints2/dict_0005_0091" 10207
"/Engine/EngineMaterials/Substrate/Glints2/dict_0005_0090" 10208
"/Engine/EngineMaterials/Substrate/Glints2/dict_0005_0089" 10209
"/Engine/EngineMaterials/Substrate/Glints2/dict_0005_0088" 10210
"/Engine/EngineMaterials/Substrate/Glints2/dict_0005_0087" 10211
"/Engine/EngineMaterials/Substrate/Glints2/dict_0005_0086" 10212
"../../../Engine/Content/EngineMaterials/Substrate/Glints2/dict_0005_0119.uasset" 10213
"../../../Engine/Content/EngineMaterials/Substrate/Glints2/dict_0005_0118.uasset" 10214
"../../../Engine/Content/EngineMaterials/Substrate/Glints2/dict_0005_0122.uasset" 10215
"../../../Engine/Content/EngineMaterials/Substrate/Glints2/dict_0005_0121.uasset" 10216
"../../../Engine/Content/EngineMaterials/Substrate/Glints2/dict_0005_0123.uasset" 10217
"../../../Engine/Content/EngineMaterials/Substrate/Glints2/dict_0005_0125.uasset" 10218
"../../../Engine/Content/EngineMaterials/Substrate/Glints2/dict_0005_0127.uasset" 10219
"/Engine/EngineMaterials/Substrate/Glints2/dict_0005_0117" 10220
"../../../Engine/Content/EngineMaterials/Substrate/Glints2/dict_0005_0129.uasset" 10221
"../../../Engine/Content/EngineMaterials/Substrate/Glints2/dict_0005_0120.uasset" 10222
"../../../Engine/Content/EngineMaterials/Substrate/Glints2/dict_0005_0128.uasset" 10223
"../../../Engine/Content/EngineMaterials/Substrate/Glints2/dict_0005_0135.uasset" 10224
"../../../Engine/Content/EngineMaterials/Substrate/Glints2/dict_0005_0126.uasset" 10225
"../../../Engine/Content/EngineMaterials/Substrate/Glints2/dict_0005_0130.uasset" 10226
"../../../Engine/Content/EngineMaterials/Substrate/Glints2/dict_0005_0131.uasset" 10227
"../../../Engine/Content/EngineMaterials/Substrate/Glints2/dict_0005_0134.uasset" 10228
"../../../Engine/Content/EngineMaterials/Substrate/Glints2/dict_0005_0124.uasset" 10229
"../../../Engine/Content/EngineMaterials/Substrate/Glints2/dict_0005_0133.uasset" 10230
"../../../Engine/Content/EngineMaterials/Substrate/Glints2/dict_0005_0132.uasset" 10231
"/Engine/EngineMaterials/Substrate/Glints2/dict_0005_0116" 10232
"/Engine/EngineMaterials/Substrate/Glints2/dict_0005_0115" 10233
"/Engine/EngineMaterials/Substrate/Glints2/dict_0005_0114" 10234
"/Engine/EngineMaterials/Substrate/Glints2/dict_0005_0113" 10235
"/Engine/EngineMaterials/Substrate/Glints2/dict_0005_0112" 10236
"/Engine/EngineMaterials/Substrate/Glints2/dict_0005_0111" 10237
"/Engine/EngineMaterials/Substrate/Glints2/dict_0005_0110" 10238
"/Engine/EngineMaterials/Substrate/Glints2/dict_0005_0109" 10239
"/Engine/EngineMaterials/Substrate/Glints2/dict_0005_0108" 10240
"/Engine/EngineMaterials/Substrate/Glints2/dict_0005_0107" 10241
"/Engine/EngineMaterials/Substrate/Glints2/dict_0005_0106" 10242
"/Engine/EngineMaterials/Substrate/Glints2/dict_0005_0105" 10243
"/Engine/EngineMaterials/Substrate/Glints2/dict_0005_0104" 10244
"/Engine/EngineMaterials/Substrate/Glints2/dict_0005_0118" 10245
"../../../Engine/Content/EngineMaterials/Substrate/Glints2/dict_0005_0136.uasset" 10246
"../../../Engine/Content/EngineMaterials/Substrate/Glints2/dict_0005_0137.uasset" 10247
"../../../Engine/Content/EngineMaterials/Substrate/Glints2/dict_0005_0138.uasset" 10248
"../../../Engine/Content/EngineMaterials/Substrate/Glints2/dict_0005_0139.uasset" 10249
"../../../Engine/Content/EngineMaterials/Substrate/Glints2/dict_0005_0140.uasset" 10250
"../../../Engine/Content/EngineMaterials/Substrate/Glints2/dict_0005_0141.uasset" 10251
"../../../Engine/Content/EngineMaterials/Substrate/Glints2/dict_0005_0142.uasset" 10252
"../../../Engine/Content/EngineMaterials/Substrate/Glints2/dict_0005_0143.uasset" 10253
"/Engine/EngineMaterials/Substrate/Glints2/dict_0005_0135" 10254
"../../../Engine/Content/EngineMaterials/Substrate/Glints2/dict_0005_0149.uasset" 10255
"../../../Engine/Content/EngineMaterials/Substrate/Glints2/dict_0005_0145.uasset" 10256
"../../../Engine/Content/EngineMaterials/Substrate/Glints2/dict_0005_0150.uasset" 10257
"../../../Engine/Content/EngineMaterials/Substrate/Glints2/dict_0005_0147.uasset" 10258
"../../../Engine/Content/EngineMaterials/Substrate/Glints2/dict_0005_0146.uasset" 10259
"../../../Engine/Content/EngineMaterials/Substrate/Glints2/dict_0005_0148.uasset" 10260
"../../../Engine/Content/EngineMaterials/Substrate/Glints2/dict_0005_0144.uasset" 10261
"/Engine/EngineMaterials/Substrate/Glints2/dict_0005_0134" 10262
"/Engine/EngineMaterials/Substrate/Glints2/dict_0005_0133" 10263
"/Engine/EngineMaterials/Substrate/Glints2/dict_0005_0132" 10264
"/Engine/EngineMaterials/Substrate/Glints2/dict_0005_0131" 10265
"/Engine/EngineMaterials/Substrate/Glints2/dict_0005_0130" 10266
"/Engine/EngineMaterials/Substrate/Glints2/dict_0005_0129" 10267
"/Engine/EngineMaterials/Substrate/Glints2/dict_0005_0128" 10268
"/Engine/EngineMaterials/Substrate/Glints2/dict_0005_0127" 10269
"/Engine/EngineMaterials/Substrate/Glints2/dict_0005_0126" 10270
"/Engine/EngineMaterials/Substrate/Glints2/dict_0005_0125" 10271
"/Engine/EngineMaterials/Substrate/Glints2/dict_0005_0124" 10272
"/Engine/EngineMaterials/Substrate/Glints2/dict_0005_0123" 10273
"/Engine/EngineMaterials/Substrate/Glints2/dict_0005_0122" 10274
"/Engine/EngineMaterials/Substrate/Glints2/dict_0005_0121" 10275
"/Engine/EngineMaterials/Substrate/Glints2/dict_0005_0120" 10276
"/Engine/EngineMaterials/Substrate/Glints2/dict_0005_0119" 10277
"../../../Engine/Content/EngineMaterials/Substrate/Glints2/dict_0005_0153.uasset" 10278
"../../../Engine/Content/EngineMaterials/Substrate/Glints2/dict_0005_0154.uasset" 10279
"../../../Engine/Content/EngineMaterials/Substrate/Glints2/dict_0005_0151.uasset" 10280
"../../../Engine/Content/EngineMaterials/Substrate/Glints2/dict_0005_0155.uasset" 10281
"/Engine/EngineMaterials/Substrate/Glints2/dict_0005_0150" 10282
"../../../Engine/Content/EngineMaterials/Substrate/Glints2/dict_0005_0156.uasset" 10283
"../../../Engine/Content/EngineMaterials/Substrate/Glints2/dict_0005_0158.uasset" 10284
"../../../Engine/Content/EngineMaterials/Substrate/Glints2/dict_0005_0165.uasset" 10285
"../../../Engine/Content/EngineMaterials/Substrate/Glints2/dict_0005_0162.uasset" 10286
"../../../Engine/Content/EngineMaterials/Substrate/Glints2/dict_0005_0161.uasset" 10287
"../../../Engine/Content/EngineMaterials/Substrate/Glints2/dict_0005_0167.uasset" 10288
"../../../Engine/Content/EngineMaterials/Substrate/Glints2/dict_0005_0159.uasset" 10289
"../../../Engine/Content/EngineMaterials/Substrate/Glints2/dict_0005_0160.uasset" 10290
"../../../Engine/Content/EngineMaterials/Substrate/Glints2/dict_0005_0164.uasset" 10291
"../../../Engine/Content/EngineMaterials/Substrate/Glints2/dict_0005_0166.uasset" 10292
"../../../Engine/Content/EngineMaterials/Substrate/Glints2/dict_0005_0163.uasset" 10293
"/Engine/EngineMaterials/Substrate/Glints2/dict_0005_0149" 10294
"../../../Engine/Content/EngineMaterials/Substrate/Glints2/dict_0005_0152.uasset" 10295
"../../../Engine/Content/EngineMaterials/Substrate/Glints2/dict_0005_0157.uasset" 10296
"/Engine/EngineMaterials/Substrate/Glints2/dict_0005_0148" 10297
"/Engine/EngineMaterials/Substrate/Glints2/dict_0005_0147" 10298
"/Engine/EngineMaterials/Substrate/Glints2/dict_0005_0146" 10299
"/Engine/EngineMaterials/Substrate/Glints2/dict_0005_0145" 10300
"/Engine/EngineMaterials/Substrate/Glints2/dict_0005_0144" 10301
"/Engine/EngineMaterials/Substrate/Glints2/dict_0005_0143" 10302
"/Engine/EngineMaterials/Substrate/Glints2/dict_0005_0142" 10303
"/Engine/EngineMaterials/Substrate/Glints2/dict_0005_0141" 10304
"/Engine/EngineMaterials/Substrate/Glints2/dict_0005_0140" 10305
"/Engine/EngineMaterials/Substrate/Glints2/dict_0005_0139" 10306
"/Engine/EngineMaterials/Substrate/Glints2/dict_0005_0138" 10307
"/Engine/EngineMaterials/Substrate/Glints2/dict_0005_0137" 10308
"/Engine/EngineMaterials/Substrate/Glints2/dict_0005_0136" 10309
"../../../Engine/Content/EngineMaterials/Substrate/Glints2/dict_0005_0170.uasset" 10310
"../../../Engine/Content/EngineMaterials/Substrate/Glints2/dict_0005_0169.uasset" 10311
"../../../Engine/Content/EngineMaterials/Substrate/Glints2/dict_0005_0179.uasset" 10312
"../../../Engine/Content/EngineMaterials/Substrate/Glints2/dict_0005_0174.uasset" 10313
"../../../Engine/Content/EngineMaterials/Substrate/Glints2/dict_0005_0172.uasset" 10314
"../../../Engine/Content/EngineMaterials/Substrate/Glints2/dict_0005_0181.uasset" 10315
"/Engine/EngineMaterials/Substrate/Glints2/dict_0005_0167" 10316
"../../../Engine/Content/EngineMaterials/Substrate/Glints2/dict_0005_0182.uasset" 10317
"../../../Engine/Content/EngineMaterials/Substrate/Glints2/dict_0005_0176.uasset" 10318
"../../../Engine/Content/EngineMaterials/Substrate/Glints2/dict_0005_0171.uasset" 10319
"../../../Engine/Content/EngineMaterials/Substrate/Glints2/dict_0005_0178.uasset" 10320
"../../../Engine/Content/EngineMaterials/Substrate/Glints2/dict_0005_0175.uasset" 10321
"../../../Engine/Content/EngineMaterials/Substrate/Glints2/dict_0005_0173.uasset" 10322
"../../../Engine/Content/EngineMaterials/Substrate/Glints2/dict_0005_0168.uasset" 10323
"../../../Engine/Content/EngineMaterials/Substrate/Glints2/dict_0005_0180.uasset" 10324
"../../../Engine/Content/EngineMaterials/Substrate/Glints2/dict_0005_0177.uasset" 10325
"/Engine/EngineMaterials/Substrate/Glints2/dict_0005_0166" 10326
"/Engine/EngineMaterials/Substrate/Glints2/dict_0005_0165" 10327
"/Engine/EngineMaterials/Substrate/Glints2/dict_0005_0164" 10328
"/Engine/EngineMaterials/Substrate/Glints2/dict_0005_0163" 10329
"/Engine/EngineMaterials/Substrate/Glints2/dict_0005_0162" 10330
"/Engine/EngineMaterials/Substrate/Glints2/dict_0005_0161" 10331
"/Engine/EngineMaterials/Substrate/Glints2/dict_0005_0160" 10332
"/Engine/EngineMaterials/Substrate/Glints2/dict_0005_0159" 10333
"/Engine/EngineMaterials/Substrate/Glints2/dict_0005_0158" 10334
"/Engine/EngineMaterials/Substrate/Glints2/dict_0005_0157" 10335
"/Engine/EngineMaterials/Substrate/Glints2/dict_0005_0156" 10336
"/Engine/EngineMaterials/Substrate/Glints2/dict_0005_0155" 10337
"/Engine/EngineMaterials/Substrate/Glints2/dict_0005_0154" 10338
"/Engine/EngineMaterials/Substrate/Glints2/dict_0005_0153" 10339
"/Engine/EngineMaterials/Substrate/Glints2/dict_0005_0152" 10340
"/Engine/EngineMaterials/Substrate/Glints2/dict_0005_0151" 10341
"../../../Engine/Content/EngineMaterials/Substrate/Glints2/dict_0005_0184.uasset" 10342
"../../../Engine/Content/EngineMaterials/Substrate/Glints2/dict_0005_0188.uasset" 10343
"../../../Engine/Content/EngineMaterials/Substrate/Glints2/dict_0005_0196.uasset" 10344
"../../../Engine/Content/EngineMaterials/Substrate/Glints2/dict_0005_0190.uasset" 10345
"/Engine/EngineMaterials/Substrate/Glints2/dict_0005_0182" 10346
"../../../Engine/Content/EngineMaterials/Substrate/Glints2/dict_0005_0186.uasset" 10347
"../../../Engine/Content/EngineMaterials/Substrate/Glints2/dict_0005_0192.uasset" 10348
"../../../Engine/Content/EngineMaterials/Substrate/Glints2/dict_0005_0195.uasset" 10349
"../../../Engine/Content/EngineMaterials/Substrate/Glints2/dict_0005_0198.uasset" 10350
"../../../Engine/Content/EngineMaterials/Substrate/Glints2/dict_0005_0197.uasset" 10351
"../../../Engine/Content/EngineMaterials/Substrate/Glints2/dict_0005_0191.uasset" 10352
"../../../Engine/Content/EngineMaterials/Substrate/Glints2/dict_0005_0187.uasset" 10353
"../../../Engine/Content/EngineMaterials/Substrate/Glints2/dict_0005_0193.uasset" 10354
"../../../Engine/Content/EngineMaterials/Substrate/Glints2/dict_0005_0194.uasset" 10355
"../../../Engine/Content/EngineMaterials/Substrate/Glints2/dict_0005_0183.uasset" 10356
"../../../Engine/Content/EngineMaterials/Substrate/Glints2/dict_0005_0189.uasset" 10357
"../../../Engine/Content/EngineMaterials/Substrate/Glints2/dict_0005_0199.uasset" 10358
"../../../Engine/Content/EngineMaterials/Substrate/Glints2/dict_0005_0185.uasset" 10359
"/Engine/EngineMaterials/Substrate/Glints2/dict_0005_0181" 10360
"/Engine/EngineMaterials/Substrate/Glints2/dict_0005_0180" 10361
"/Engine/EngineMaterials/Substrate/Glints2/dict_0005_0179" 10362
"/Engine/EngineMaterials/Substrate/Glints2/dict_0005_0178" 10363
"/Engine/EngineMaterials/Substrate/Glints2/dict_0005_0177" 10364
"/Engine/EngineMaterials/Substrate/Glints2/dict_0005_0176" 10365
"/Engine/EngineMaterials/Substrate/Glints2/dict_0005_0175" 10366
"/Engine/EngineMaterials/Substrate/Glints2/dict_0005_0174" 10367
"/Engine/EngineMaterials/Substrate/Glints2/dict_0005_0173" 10368
"/Engine/EngineMaterials/Substrate/Glints2/dict_0005_0172" 10369
"/Engine/EngineMaterials/Substrate/Glints2/dict_0005_0171" 10370
"/Engine/EngineMaterials/Substrate/Glints2/dict_0005_0170" 10371
"/Engine/EngineMaterials/Substrate/Glints2/dict_0005_0169" 10372
"/Engine/EngineMaterials/Substrate/Glints2/dict_0005_0168" 10373
"../../../Engine/Content/EngineMaterials/Substrate/Glints2/dict_0005_0200.uasset" 10374
"../../../Engine/Content/EngineMaterials/Substrate/Glints2/dict_0005_0203.uasset" 10375
"../../../Engine/Content/EngineMaterials/Substrate/Glints2/dict_0005_0205.uasset" 10376
"../../../Engine/Content/EngineMaterials/Substrate/Glints2/dict_0005_0201.uasset" 10377
"../../../Engine/Content/EngineMaterials/Substrate/Glints2/dict_0005_0204.uasset" 10378
"../../../Engine/Content/EngineMaterials/Substrate/Glints2/dict_0005_0202.uasset" 10379
"../../../Engine/Content/EngineMaterials/Substrate/Glints2/dict_0005_0213.uasset" 10380
"/Engine/EngineMaterials/Substrate/Glints2/dict_0005_0199" 10381
"../../../Engine/Content/EngineMaterials/Substrate/Glints2/dict_0005_0211.uasset" 10382
"../../../Engine/Content/EngineMaterials/Substrate/Glints2/dict_0005_0214.uasset" 10383
"../../../Engine/Content/EngineMaterials/Substrate/Glints2/dict_0005_0206.uasset" 10384
"../../../Engine/Content/EngineMaterials/Substrate/Glints2/dict_0005_0208.uasset" 10385
"../../../Engine/Content/EngineMaterials/Substrate/Glints2/dict_0005_0212.uasset" 10386
"../../../Engine/Content/EngineMaterials/Substrate/Glints2/dict_0005_0207.uasset" 10387
"../../../Engine/Content/EngineMaterials/Substrate/Glints2/dict_0005_0210.uasset" 10388
"../../../Engine/Content/EngineMaterials/Substrate/Glints2/dict_0005_0209.uasset" 10389
"/Engine/EngineMaterials/Substrate/Glints2/dict_0005_0198" 10390
"/Engine/EngineMaterials/Substrate/Glints2/dict_0005_0197" 10391
"/Engine/EngineMaterials/Substrate/Glints2/dict_0005_0196" 10392
"/Engine/EngineMaterials/Substrate/Glints2/dict_0005_0195" 10393
"/Engine/EngineMaterials/Substrate/Glints2/dict_0005_0194" 10394
"/Engine/EngineMaterials/Substrate/Glints2/dict_0005_0193" 10395
"/Engine/EngineMaterials/Substrate/Glints2/dict_0005_0192" 10396
"/Engine/EngineMaterials/Substrate/Glints2/dict_0005_0191" 10397
"/Engine/EngineMaterials/Substrate/Glints2/dict_0005_0190" 10398
"/Engine/EngineMaterials/Substrate/Glints2/dict_0005_0189" 10399
"/Engine/EngineMaterials/Substrate/Glints2/dict_0005_0188" 10400
"/Engine/EngineMaterials/Substrate/Glints2/dict_0005_0187" 10401
"/Engine/EngineMaterials/Substrate/Glints2/dict_0005_0186" 10402
"/Engine/EngineMaterials/Substrate/Glints2/dict_0005_0185" 10403
"/Engine/EngineMaterials/Substrate/Glints2/dict_0005_0184" 10404
"/Engine/EngineMaterials/Substrate/Glints2/dict_0005_0183" 10405
"/Engine/EngineMaterials/Substrate/Glints2/dict_0005_0200" 10406
"../../../Engine/Content/EngineMaterials/Substrate/Glints2/dict_0005_0216.uasset" 10407
"../../../Engine/Content/EngineMaterials/Substrate/Glints2/dict_0005_0218.uasset" 10408
"../../../Engine/Content/EngineMaterials/Substrate/Glints2/dict_0005_0221.uasset" 10409
"../../../Engine/Content/EngineMaterials/Substrate/Glints2/dict_0005_0215.uasset" 10410
"../../../Engine/Content/EngineMaterials/Substrate/Glints2/dict_0005_0222.uasset" 10411
"../../../Engine/Content/EngineMaterials/Substrate/Glints2/dict_0005_0224.uasset" 10412
"../../../Engine/Content/EngineMaterials/Substrate/Glints2/dict_0005_0217.uasset" 10413
"../../../Engine/Content/EngineMaterials/Substrate/Glints2/dict_0005_0227.uasset" 10414
"../../../Engine/Content/EngineMaterials/Substrate/Glints2/dict_0005_0226.uasset" 10415
"../../../Engine/Content/EngineMaterials/Substrate/Glints2/dict_0005_0223.uasset" 10416
"/Engine/EngineMaterials/Substrate/Glints2/dict_0005_0214" 10417
"../../../Engine/Content/EngineMaterials/Substrate/Glints2/dict_0005_0228.uasset" 10418
"../../../Engine/Content/EngineMaterials/Substrate/Glints2/dict_0005_0229.uasset" 10419
"../../../Engine/Content/EngineMaterials/Substrate/Glints2/dict_0005_0219.uasset" 10420
"../../../Engine/Content/EngineMaterials/Substrate/Glints2/dict_0005_0231.uasset" 10421
"../../../Engine/Content/EngineMaterials/Substrate/Glints2/dict_0005_0225.uasset" 10422
"../../../Engine/Content/EngineMaterials/Substrate/Glints2/dict_0005_0232.uasset" 10423
"../../../Engine/Content/EngineMaterials/Substrate/Glints2/dict_0005_0230.uasset" 10424
"../../../Engine/Content/EngineMaterials/Substrate/Glints2/dict_0005_0220.uasset" 10425
"/Engine/EngineMaterials/Substrate/Glints2/dict_0005_0213" 10426
"/Engine/EngineMaterials/Substrate/Glints2/dict_0005_0212" 10427
"/Engine/EngineMaterials/Substrate/Glints2/dict_0005_0211" 10428
"/Engine/EngineMaterials/Substrate/Glints2/dict_0005_0210" 10429
"/Engine/EngineMaterials/Substrate/Glints2/dict_0005_0209" 10430
"/Engine/EngineMaterials/Substrate/Glints2/dict_0005_0208" 10431
"/Engine/EngineMaterials/Substrate/Glints2/dict_0005_0207" 10432
"/Engine/EngineMaterials/Substrate/Glints2/dict_0005_0206" 10433
"/Engine/EngineMaterials/Substrate/Glints2/dict_0005_0205" 10434
"/Engine/EngineMaterials/Substrate/Glints2/dict_0005_0204" 10435
"/Engine/EngineMaterials/Substrate/Glints2/dict_0005_0203" 10436
"/Engine/EngineMaterials/Substrate/Glints2/dict_0005_0202" 10437
"/Engine/EngineMaterials/Substrate/Glints2/dict_0005_0201" 10438
"../../../Engine/Content/EngineMaterials/Substrate/Glints2/dict_0005_0233.uasset" 10439
"../../../Engine/Content/EngineMaterials/Substrate/Glints2/dict_0005_0234.uasset" 10440
"../../../Engine/Content/EngineMaterials/Substrate/Glints2/dict_0005_0235.uasset" 10441
"../../../Engine/Content/EngineMaterials/Substrate/Glints2/dict_0005_0236.uasset" 10442
"../../../Engine/Content/EngineMaterials/Substrate/Glints2/dict_0005_0237.uasset" 10443
"../../../Engine/Content/EngineMaterials/Substrate/Glints2/dict_0005_0243.uasset" 10444
"../../../Engine/Content/EngineMaterials/Substrate/Glints2/dict_0005_0240.uasset" 10445
"../../../Engine/Content/EngineMaterials/Substrate/Glints2/dict_0005_0238.uasset" 10446
"../../../Engine/Content/EngineMaterials/Substrate/Glints2/dict_0005_0246.uasset" 10447
"../../../Engine/Content/EngineMaterials/Substrate/Glints2/dict_0005_0244.uasset" 10448
"../../../Engine/Content/EngineMaterials/Substrate/Glints2/dict_0005_0239.uasset" 10449
"/Engine/EngineMaterials/Substrate/Glints2/dict_0005_0232" 10450
"/Engine/EngineMaterials/Substrate/Glints2/dict_0005_0231" 10451
"../../../Engine/Content/EngineMaterials/Substrate/Glints2/dict_0005_0245.uasset" 10452
"../../../Engine/Content/EngineMaterials/Substrate/Glints2/dict_0005_0241.uasset" 10453
"../../../Engine/Content/EngineMaterials/Substrate/Glints2/dict_0005_0242.uasset" 10454
"/Engine/EngineMaterials/Substrate/Glints2/dict_0005_0230" 10455
"/Engine/EngineMaterials/Substrate/Glints2/dict_0005_0229" 10456
"/Engine/EngineMaterials/Substrate/Glints2/dict_0005_0228" 10457
"/Engine/EngineMaterials/Substrate/Glints2/dict_0005_0227" 10458
"/Engine/EngineMaterials/Substrate/Glints2/dict_0005_0226" 10459
"/Engine/EngineMaterials/Substrate/Glints2/dict_0005_0225" 10460
"/Engine/EngineMaterials/Substrate/Glints2/dict_0005_0224" 10461
"/Engine/EngineMaterials/Substrate/Glints2/dict_0005_0223" 10462
"/Engine/EngineMaterials/Substrate/Glints2/dict_0005_0222" 10463
"/Engine/EngineMaterials/Substrate/Glints2/dict_0005_0221" 10464
"/Engine/EngineMaterials/Substrate/Glints2/dict_0005_0220" 10465
"/Engine/EngineMaterials/Substrate/Glints2/dict_0005_0219" 10466
"/Engine/EngineMaterials/Substrate/Glints2/dict_0005_0218" 10467
"/Engine/EngineMaterials/Substrate/Glints2/dict_0005_0217" 10468
"/Engine/EngineMaterials/Substrate/Glints2/dict_0005_0216" 10469
"/Engine/EngineMaterials/Substrate/Glints2/dict_0005_0215" 10470
"../../../Engine/Content/EngineMaterials/Substrate/Glints2/dict_0005_0247.uasset" 10471
"../../../Engine/Content/EngineMaterials/Substrate/Glints2/dict_0005_0249.uasset" 10472
"../../../Engine/Content/EngineMaterials/Substrate/Glints2/dict_0005_0248.uasset" 10473
"../../../Engine/Content/EngineMaterials/Substrate/Glints2/dict_0005_0250.uasset" 10474
"../../../Engine/Content/EngineMaterials/Substrate/Glints2/dict_0005_0252.uasset" 10475
"../../../Engine/Content/EngineMaterials/Substrate/Glints2/dict_0005_0251.uasset" 10476
"../../../Engine/Content/EngineMaterials/Substrate/Glints2/dict_0005_0253.uasset" 10477
"/Engine/EngineMaterials/Substrate/Glints2/dict_0005_0246" 10478
"../../../Engine/Content/EngineMaterials/Substrate/Glints2/dict_0006_0006.uasset" 10479
"../../../Engine/Content/EngineMaterials/Substrate/Glints2/dict_0006_0001.uasset" 10480
"../../../Engine/Content/EngineMaterials/Substrate/Glints2/dict_0006_0007.uasset" 10481
"../../../Engine/Content/EngineMaterials/Substrate/Glints2/dict_0006_0005.uasset" 10482
"../../../Engine/Content/EngineMaterials/Substrate/Glints2/dict_0005_0255.uasset" 10483
"../../../Engine/Content/EngineMaterials/Substrate/Glints2/dict_0006_0000.uasset" 10484
"../../../Engine/Content/EngineMaterials/Substrate/Glints2/dict_0005_0254.uasset" 10485
"../../../Engine/Content/EngineMaterials/Substrate/Glints2/dict_0006_0008.uasset" 10486
"../../../Engine/Content/EngineMaterials/Substrate/Glints2/dict_0006_0003.uasset" 10487
"../../../Engine/Content/EngineMaterials/Substrate/Glints2/dict_0006_0004.uasset" 10488
"../../../Engine/Content/EngineMaterials/Substrate/Glints2/dict_0006_0002.uasset" 10489
"/Engine/EngineMaterials/Substrate/Glints2/dict_0005_0245" 10490
"/Engine/EngineMaterials/Substrate/Glints2/dict_0005_0244" 10491
"/Engine/EngineMaterials/Substrate/Glints2/dict_0005_0243" 10492
"/Engine/EngineMaterials/Substrate/Glints2/dict_0005_0242" 10493
"/Engine/EngineMaterials/Substrate/Glints2/dict_0005_0241" 10494
"/Engine/EngineMaterials/Substrate/Glints2/dict_0005_0240" 10495
"/Engine/EngineMaterials/Substrate/Glints2/dict_0005_0239" 10496
"/Engine/EngineMaterials/Substrate/Glints2/dict_0005_0238" 10497
"/Engine/EngineMaterials/Substrate/Glints2/dict_0005_0237" 10498
"/Engine/EngineMaterials/Substrate/Glints2/dict_0005_0236" 10499
"/Engine/EngineMaterials/Substrate/Glints2/dict_0005_0235" 10500
"/Engine/EngineMaterials/Substrate/Glints2/dict_0005_0234" 10501
"/Engine/EngineMaterials/Substrate/Glints2/dict_0005_0233" 10502
"/Engine/EngineMaterials/Substrate/Glints2/dict_0005_0247" 10503
"../../../Engine/Content/EngineMaterials/Substrate/Glints2/dict_0006_0009.uasset" 10504
"../../../Engine/Content/EngineMaterials/Substrate/Glints2/dict_0006_0012.uasset" 10505
"../../../Engine/Content/EngineMaterials/Substrate/Glints2/dict_0006_0011.uasset" 10506
"../../../Engine/Content/EngineMaterials/Substrate/Glints2/dict_0006_0010.uasset" 10507
"../../../Engine/Content/EngineMaterials/Substrate/Glints2/dict_0006_0013.uasset" 10508
"../../../Engine/Content/EngineMaterials/Substrate/Glints2/dict_0006_0014.uasset" 10509
"../../../Engine/Content/EngineMaterials/Substrate/Glints2/dict_0006_0016.uasset" 10510
"../../../Engine/Content/EngineMaterials/Substrate/Glints2/dict_0006_0022.uasset" 10511
"../../../Engine/Content/EngineMaterials/Substrate/Glints2/dict_0006_0015.uasset" 10512
"../../../Engine/Content/EngineMaterials/Substrate/Glints2/dict_0006_0020.uasset" 10513
"../../../Engine/Content/EngineMaterials/Substrate/Glints2/dict_0006_0018.uasset" 10514
"../../../Engine/Content/EngineMaterials/Substrate/Glints2/dict_0006_0023.uasset" 10515
"../../../Engine/Content/EngineMaterials/Substrate/Glints2/dict_0006_0017.uasset" 10516
"../../../Engine/Content/EngineMaterials/Substrate/Glints2/dict_0006_0019.uasset" 10517
"../../../Engine/Content/EngineMaterials/Substrate/Glints2/dict_0006_0021.uasset" 10518
"/Engine/EngineMaterials/Substrate/Glints2/dict_0006_0008" 10519
"/Engine/EngineMaterials/Substrate/Glints2/dict_0006_0007" 10520
"/Engine/EngineMaterials/Substrate/Glints2/dict_0006_0006" 10521
"/Engine/EngineMaterials/Substrate/Glints2/dict_0006_0005" 10522
"/Engine/EngineMaterials/Substrate/Glints2/dict_0006_0004" 10523
"/Engine/EngineMaterials/Substrate/Glints2/dict_0006_0003" 10524
"/Engine/EngineMaterials/Substrate/Glints2/dict_0006_0002" 10525
"/Engine/EngineMaterials/Substrate/Glints2/dict_0006_0001" 10526
"/Engine/EngineMaterials/Substrate/Glints2/dict_0006_0000" 10527
"/Engine/EngineMaterials/Substrate/Glints2/dict_0005_0255" 10528
"/Engine/EngineMaterials/Substrate/Glints2/dict_0005_0254" 10529
"/Engine/EngineMaterials/Substrate/Glints2/dict_0005_0253" 10530
"/Engine/EngineMaterials/Substrate/Glints2/dict_0005_0252" 10531
"/Engine/EngineMaterials/Substrate/Glints2/dict_0005_0251" 10532
"/Engine/EngineMaterials/Substrate/Glints2/dict_0005_0250" 10533
"/Engine/EngineMaterials/Substrate/Glints2/dict_0005_0249" 10534
"/Engine/EngineMaterials/Substrate/Glints2/dict_0005_0248" 10535
"../../../Engine/Content/EngineMaterials/Substrate/Glints2/dict_0006_0024.uasset" 10536
"../../../Engine/Content/EngineMaterials/Substrate/Glints2/dict_0006_0028.uasset" 10537
"../../../Engine/Content/EngineMaterials/Substrate/Glints2/dict_0006_0032.uasset" 10538
"../../../Engine/Content/EngineMaterials/Substrate/Glints2/dict_0006_0031.uasset" 10539
"../../../Engine/Content/EngineMaterials/Substrate/Glints2/dict_0006_0027.uasset" 10540
"../../../Engine/Content/EngineMaterials/Substrate/Glints2/dict_0006_0030.uasset" 10541
"../../../Engine/Content/EngineMaterials/Substrate/Glints2/dict_0006_0035.uasset" 10542
"../../../Engine/Content/EngineMaterials/Substrate/Glints2/dict_0006_0037.uasset" 10543
"../../../Engine/Content/EngineMaterials/Substrate/Glints2/dict_0006_0040.uasset" 10544
"../../../Engine/Content/EngineMaterials/Substrate/Glints2/dict_0006_0038.uasset" 10545
"../../../Engine/Content/EngineMaterials/Substrate/Glints2/dict_0006_0039.uasset" 10546
"../../../Engine/Content/EngineMaterials/Substrate/Glints2/dict_0006_0029.uasset" 10547
"../../../Engine/Content/EngineMaterials/Substrate/Glints2/dict_0006_0026.uasset" 10548
"../../../Engine/Content/EngineMaterials/Substrate/Glints2/dict_0006_0034.uasset" 10549
"/Engine/EngineMaterials/Substrate/Glints2/dict_0006_0023" 10550
"../../../Engine/Content/EngineMaterials/Substrate/Glints2/dict_0006_0033.uasset" 10551
"../../../Engine/Content/EngineMaterials/Substrate/Glints2/dict_0006_0025.uasset" 10552
"../../../Engine/Content/EngineMaterials/Substrate/Glints2/dict_0006_0036.uasset" 10553
"/Engine/EngineMaterials/Substrate/Glints2/dict_0006_0022" 10554
"/Engine/EngineMaterials/Substrate/Glints2/dict_0006_0021" 10555
"/Engine/EngineMaterials/Substrate/Glints2/dict_0006_0020" 10556
"/Engine/EngineMaterials/Substrate/Glints2/dict_0006_0019" 10557
"/Engine/EngineMaterials/Substrate/Glints2/dict_0006_0018" 10558
"/Engine/EngineMaterials/Substrate/Glints2/dict_0006_0017" 10559
"/Engine/EngineMaterials/Substrate/Glints2/dict_0006_0016" 10560
"/Engine/EngineMaterials/Substrate/Glints2/dict_0006_0015" 10561
"/Engine/EngineMaterials/Substrate/Glints2/dict_0006_0014" 10562
"/Engine/EngineMaterials/Substrate/Glints2/dict_0006_0013" 10563
"/Engine/EngineMaterials/Substrate/Glints2/dict_0006_0012" 10564
"/Engine/EngineMaterials/Substrate/Glints2/dict_0006_0011" 10565
"/Engine/EngineMaterials/Substrate/Glints2/dict_0006_0010" 10566
"/Engine/EngineMaterials/Substrate/Glints2/dict_0006_0009" 10567
"../../../Engine/Content/EngineMaterials/Substrate/Glints2/dict_0006_0042.uasset" 10568
"../../../Engine/Content/EngineMaterials/Substrate/Glints2/dict_0006_0044.uasset" 10569
"../../../Engine/Content/EngineMaterials/Substrate/Glints2/dict_0006_0045.uasset" 10570
"../../../Engine/Content/EngineMaterials/Substrate/Glints2/dict_0006_0047.uasset" 10571
"../../../Engine/Content/EngineMaterials/Substrate/Glints2/dict_0006_0048.uasset" 10572
"../../../Engine/Content/EngineMaterials/Substrate/Glints2/dict_0006_0052.uasset" 10573
"/Engine/EngineMaterials/Substrate/Glints2/dict_0006_0040" 10574
"../../../Engine/Content/EngineMaterials/Substrate/Glints2/dict_0006_0043.uasset" 10575
"../../../Engine/Content/EngineMaterials/Substrate/Glints2/dict_0006_0055.uasset" 10576
"../../../Engine/Content/EngineMaterials/Substrate/Glints2/dict_0006_0051.uasset" 10577
"../../../Engine/Content/EngineMaterials/Substrate/Glints2/dict_0006_0053.uasset" 10578
"../../../Engine/Content/EngineMaterials/Substrate/Glints2/dict_0006_0054.uasset" 10579
"../../../Engine/Content/EngineMaterials/Substrate/Glints2/dict_0006_0041.uasset" 10580
"../../../Engine/Content/EngineMaterials/Substrate/Glints2/dict_0006_0049.uasset" 10581
"../../../Engine/Content/EngineMaterials/Substrate/Glints2/dict_0006_0046.uasset" 10582
"../../../Engine/Content/EngineMaterials/Substrate/Glints2/dict_0006_0050.uasset" 10583
"/Engine/EngineMaterials/Substrate/Glints2/dict_0006_0039" 10584
"/Engine/EngineMaterials/Substrate/Glints2/dict_0006_0038" 10585
"/Engine/EngineMaterials/Substrate/Glints2/dict_0006_0037" 10586
"/Engine/EngineMaterials/Substrate/Glints2/dict_0006_0036" 10587
"/Engine/EngineMaterials/Substrate/Glints2/dict_0006_0035" 10588
"/Engine/EngineMaterials/Substrate/Glints2/dict_0006_0034" 10589
"/Engine/EngineMaterials/Substrate/Glints2/dict_0006_0033" 10590
"/Engine/EngineMaterials/Substrate/Glints2/dict_0006_0032" 10591
"/Engine/EngineMaterials/Substrate/Glints2/dict_0006_0031" 10592
"/Engine/EngineMaterials/Substrate/Glints2/dict_0006_0030" 10593
"/Engine/EngineMaterials/Substrate/Glints2/dict_0006_0029" 10594
"/Engine/EngineMaterials/Substrate/Glints2/dict_0006_0028" 10595
"/Engine/EngineMaterials/Substrate/Glints2/dict_0006_0027" 10596
"/Engine/EngineMaterials/Substrate/Glints2/dict_0006_0026" 10597
"/Engine/EngineMaterials/Substrate/Glints2/dict_0006_0025" 10598
"/Engine/EngineMaterials/Substrate/Glints2/dict_0006_0024" 10599
"../../../Engine/Content/EngineMaterials/Substrate/Glints2/dict_0006_0056.uasset" 10600
"../../../Engine/Content/EngineMaterials/Substrate/Glints2/dict_0006_0064.uasset" 10601
"../../../Engine/Content/EngineMaterials/Substrate/Glints2/dict_0006_0062.uasset" 10602
"../../../Engine/Content/EngineMaterials/Substrate/Glints2/dict_0006_0060.uasset" 10603
"../../../Engine/Content/EngineMaterials/Substrate/Glints2/dict_0006_0058.uasset" 10604
"../../../Engine/Content/EngineMaterials/Substrate/Glints2/dict_0006_0063.uasset" 10605
"../../../Engine/Content/EngineMaterials/Substrate/Glints2/dict_0006_0057.uasset" 10606
"/Engine/EngineMaterials/Substrate/Glints2/dict_0006_0055" 10607
"../../../Engine/Content/EngineMaterials/Substrate/Glints2/dict_0006_0070.uasset" 10608
"../../../Engine/Content/EngineMaterials/Substrate/Glints2/dict_0006_0068.uasset" 10609
"../../../Engine/Content/EngineMaterials/Substrate/Glints2/dict_0006_0061.uasset" 10610
"../../../Engine/Content/EngineMaterials/Substrate/Glints2/dict_0006_0072.uasset" 10611
"../../../Engine/Content/EngineMaterials/Substrate/Glints2/dict_0006_0067.uasset" 10612
"../../../Engine/Content/EngineMaterials/Substrate/Glints2/dict_0006_0071.uasset" 10613
"../../../Engine/Content/EngineMaterials/Substrate/Glints2/dict_0006_0065.uasset" 10614
"../../../Engine/Content/EngineMaterials/Substrate/Glints2/dict_0006_0069.uasset" 10615
"../../../Engine/Content/EngineMaterials/Substrate/Glints2/dict_0006_0066.uasset" 10616
"../../../Engine/Content/EngineMaterials/Substrate/Glints2/dict_0006_0059.uasset" 10617
"/Engine/EngineMaterials/Substrate/Glints2/dict_0006_0054" 10618
"/Engine/EngineMaterials/Substrate/Glints2/dict_0006_0053" 10619
"/Engine/EngineMaterials/Substrate/Glints2/dict_0006_0052" 10620
"/Engine/EngineMaterials/Substrate/Glints2/dict_0006_0051" 10621
"/Engine/EngineMaterials/Substrate/Glints2/dict_0006_0050" 10622
"/Engine/EngineMaterials/Substrate/Glints2/dict_0006_0049" 10623
"/Engine/EngineMaterials/Substrate/Glints2/dict_0006_0048" 10624
"/Engine/EngineMaterials/Substrate/Glints2/dict_0006_0047" 10625
"/Engine/EngineMaterials/Substrate/Glints2/dict_0006_0046" 10626
"/Engine/EngineMaterials/Substrate/Glints2/dict_0006_0045" 10627
"/Engine/EngineMaterials/Substrate/Glints2/dict_0006_0044" 10628
"/Engine/EngineMaterials/Substrate/Glints2/dict_0006_0043" 10629
"/Engine/EngineMaterials/Substrate/Glints2/dict_0006_0042" 10630
"/Engine/EngineMaterials/Substrate/Glints2/dict_0006_0041" 10631
"../../../Engine/Content/EngineMaterials/Substrate/Glints2/dict_0006_0075.uasset" 10632
"../../../Engine/Content/EngineMaterials/Substrate/Glints2/dict_0006_0073.uasset" 10633
"../../../Engine/Content/EngineMaterials/Substrate/Glints2/dict_0006_0076.uasset" 10634
"../../../Engine/Content/EngineMaterials/Substrate/Glints2/dict_0006_0078.uasset" 10635
"../../../Engine/Content/EngineMaterials/Substrate/Glints2/dict_0006_0074.uasset" 10636
"../../../Engine/Content/EngineMaterials/Substrate/Glints2/dict_0006_0081.uasset" 10637
"/Engine/EngineMaterials/Substrate/Glints2/dict_0006_0072" 10638
"../../../Engine/Content/EngineMaterials/Substrate/Glints2/dict_0006_0086.uasset" 10639
"../../../Engine/Content/EngineMaterials/Substrate/Glints2/dict_0006_0080.uasset" 10640
"../../../Engine/Content/EngineMaterials/Substrate/Glints2/dict_0006_0082.uasset" 10641
"../../../Engine/Content/EngineMaterials/Substrate/Glints2/dict_0006_0077.uasset" 10642
"../../../Engine/Content/EngineMaterials/Substrate/Glints2/dict_0006_0079.uasset" 10643
"../../../Engine/Content/EngineMaterials/Substrate/Glints2/dict_0006_0083.uasset" 10644
"../../../Engine/Content/EngineMaterials/Substrate/Glints2/dict_0006_0087.uasset" 10645
"../../../Engine/Content/EngineMaterials/Substrate/Glints2/dict_0006_0085.uasset" 10646
"../../../Engine/Content/EngineMaterials/Substrate/Glints2/dict_0006_0084.uasset" 10647
"/Engine/EngineMaterials/Substrate/Glints2/dict_0006_0071" 10648
"/Engine/EngineMaterials/Substrate/Glints2/dict_0006_0070" 10649
"/Engine/EngineMaterials/Substrate/Glints2/dict_0006_0069" 10650
"/Engine/EngineMaterials/Substrate/Glints2/dict_0006_0068" 10651
"/Engine/EngineMaterials/Substrate/Glints2/dict_0006_0067" 10652
"/Engine/EngineMaterials/Substrate/Glints2/dict_0006_0066" 10653
"/Engine/EngineMaterials/Substrate/Glints2/dict_0006_0065" 10654
"/Engine/EngineMaterials/Substrate/Glints2/dict_0006_0064" 10655
"/Engine/EngineMaterials/Substrate/Glints2/dict_0006_0063" 10656
"/Engine/EngineMaterials/Substrate/Glints2/dict_0006_0062" 10657
"/Engine/EngineMaterials/Substrate/Glints2/dict_0006_0061" 10658
"/Engine/EngineMaterials/Substrate/Glints2/dict_0006_0060" 10659
"/Engine/EngineMaterials/Substrate/Glints2/dict_0006_0059" 10660
"/Engine/EngineMaterials/Substrate/Glints2/dict_0006_0058" 10661
"/Engine/EngineMaterials/Substrate/Glints2/dict_0006_0057" 10662
"/Engine/EngineMaterials/Substrate/Glints2/dict_0006_0056" 10663
"../../../Engine/Content/EngineMaterials/Substrate/Glints2/dict_0006_0090.uasset" 10664
"../../../Engine/Content/EngineMaterials/Substrate/Glints2/dict_0006_0091.uasset" 10665
"../../../Engine/Content/EngineMaterials/Substrate/Glints2/dict_0006_0088.uasset" 10666
"../../../Engine/Content/EngineMaterials/Substrate/Glints2/dict_0006_0092.uasset" 10667
"../../../Engine/Content/EngineMaterials/Substrate/Glints2/dict_0006_0089.uasset" 10668
"../../../Engine/Content/EngineMaterials/Substrate/Glints2/dict_0006_0097.uasset" 10669
"../../../Engine/Content/EngineMaterials/Substrate/Glints2/dict_0006_0104.uasset" 10670
"../../../Engine/Content/EngineMaterials/Substrate/Glints2/dict_0006_0094.uasset" 10671
"../../../Engine/Content/EngineMaterials/Substrate/Glints2/dict_0006_0096.uasset" 10672
"../../../Engine/Content/EngineMaterials/Substrate/Glints2/dict_0006_0093.uasset" 10673
"../../../Engine/Content/EngineMaterials/Substrate/Glints2/dict_0006_0101.uasset" 10674
"../../../Engine/Content/EngineMaterials/Substrate/Glints2/dict_0006_0100.uasset" 10675
"/Engine/EngineMaterials/Substrate/Glints2/dict_0006_0087" 10676
"../../../Engine/Content/EngineMaterials/Substrate/Glints2/dict_0006_0095.uasset" 10677
"../../../Engine/Content/EngineMaterials/Substrate/Glints2/dict_0006_0099.uasset" 10678
"../../../Engine/Content/EngineMaterials/Substrate/Glints2/dict_0006_0103.uasset" 10679
"../../../Engine/Content/EngineMaterials/Substrate/Glints2/dict_0006_0102.uasset" 10680
"../../../Engine/Content/EngineMaterials/Substrate/Glints2/dict_0006_0098.uasset" 10681
"/Engine/EngineMaterials/Substrate/Glints2/dict_0006_0086" 10682
"/Engine/EngineMaterials/Substrate/Glints2/dict_0006_0085" 10683
"/Engine/EngineMaterials/Substrate/Glints2/dict_0006_0084" 10684
"/Engine/EngineMaterials/Substrate/Glints2/dict_0006_0083" 10685
"/Engine/EngineMaterials/Substrate/Glints2/dict_0006_0082" 10686
"/Engine/EngineMaterials/Substrate/Glints2/dict_0006_0081" 10687
"/Engine/EngineMaterials/Substrate/Glints2/dict_0006_0080" 10688
"/Engine/EngineMaterials/Substrate/Glints2/dict_0006_0079" 10689
"/Engine/EngineMaterials/Substrate/Glints2/dict_0006_0078" 10690
"/Engine/EngineMaterials/Substrate/Glints2/dict_0006_0077" 10691
"/Engine/EngineMaterials/Substrate/Glints2/dict_0006_0076" 10692
"/Engine/EngineMaterials/Substrate/Glints2/dict_0006_0075" 10693
"/Engine/EngineMaterials/Substrate/Glints2/dict_0006_0074" 10694
"/Engine/EngineMaterials/Substrate/Glints2/dict_0006_0073" 10695
"../../../Engine/Content/EngineMaterials/Substrate/Glints2/dict_0006_0117.uasset" 10696
"../../../Engine/Content/EngineMaterials/Substrate/Glints2/dict_0006_0105.uasset" 10697
"../../../Engine/Content/EngineMaterials/Substrate/Glints2/dict_0006_0107.uasset" 10698
"../../../Engine/Content/EngineMaterials/Substrate/Glints2/dict_0006_0110.uasset" 10699
"/Engine/EngineMaterials/Substrate/Glints2/dict_0006_0104" 10700
"../../../Engine/Content/EngineMaterials/Substrate/Glints2/dict_0006_0112.uasset" 10701
"../../../Engine/Content/EngineMaterials/Substrate/Glints2/dict_0006_0118.uasset" 10702
"../../../Engine/Content/EngineMaterials/Substrate/Glints2/dict_0006_0111.uasset" 10703
"../../../Engine/Content/EngineMaterials/Substrate/Glints2/dict_0006_0119.uasset" 10704
"../../../Engine/Content/EngineMaterials/Substrate/Glints2/dict_0006_0116.uasset" 10705
"../../../Engine/Content/EngineMaterials/Substrate/Glints2/dict_0006_0106.uasset" 10706
"../../../Engine/Content/EngineMaterials/Substrate/Glints2/dict_0006_0115.uasset" 10707
"../../../Engine/Content/EngineMaterials/Substrate/Glints2/dict_0006_0109.uasset" 10708
"../../../Engine/Content/EngineMaterials/Substrate/Glints2/dict_0006_0113.uasset" 10709
"/Engine/EngineMaterials/Substrate/Glints2/dict_0006_0103" 10710
"../../../Engine/Content/EngineMaterials/Substrate/Glints2/dict_0006_0108.uasset" 10711
"../../../Engine/Content/EngineMaterials/Substrate/Glints2/dict_0006_0114.uasset" 10712
"/Engine/EngineMaterials/Substrate/Glints2/dict_0006_0102" 10713
"/Engine/EngineMaterials/Substrate/Glints2/dict_0006_0101" 10714
"/Engine/EngineMaterials/Substrate/Glints2/dict_0006_0100" 10715
"/Engine/EngineMaterials/Substrate/Glints2/dict_0006_0099" 10716
"/Engine/EngineMaterials/Substrate/Glints2/dict_0006_0098" 10717
"/Engine/EngineMaterials/Substrate/Glints2/dict_0006_0097" 10718
"/Engine/EngineMaterials/Substrate/Glints2/dict_0006_0096" 10719
"/Engine/EngineMaterials/Substrate/Glints2/dict_0006_0095" 10720
"/Engine/EngineMaterials/Substrate/Glints2/dict_0006_0094" 10721
"/Engine/EngineMaterials/Substrate/Glints2/dict_0006_0093" 10722
"/Engine/EngineMaterials/Substrate/Glints2/dict_0006_0092" 10723
"/Engine/EngineMaterials/Substrate/Glints2/dict_0006_0091" 10724
"/Engine/EngineMaterials/Substrate/Glints2/dict_0006_0090" 10725
"/Engine/EngineMaterials/Substrate/Glints2/dict_0006_0089" 10726
"/Engine/EngineMaterials/Substrate/Glints2/dict_0006_0088" 10727
"../../../Engine/Content/EngineMaterials/Substrate/Glints2/dict_0006_0120.uasset" 10728
"../../../Engine/Content/EngineMaterials/Substrate/Glints2/dict_0006_0123.uasset" 10729
"../../../Engine/Content/EngineMaterials/Substrate/Glints2/dict_0006_0125.uasset" 10730
"../../../Engine/Content/EngineMaterials/Substrate/Glints2/dict_0006_0126.uasset" 10731
"../../../Engine/Content/EngineMaterials/Substrate/Glints2/dict_0006_0128.uasset" 10732
"../../../Engine/Content/EngineMaterials/Substrate/Glints2/dict_0006_0129.uasset" 10733
"../../../Engine/Content/EngineMaterials/Substrate/Glints2/dict_0006_0131.uasset" 10734
"../../../Engine/Content/EngineMaterials/Substrate/Glints2/dict_0006_0133.uasset" 10735
"../../../Engine/Content/EngineMaterials/Substrate/Glints2/dict_0006_0122.uasset" 10736
"../../../Engine/Content/EngineMaterials/Substrate/Glints2/dict_0006_0132.uasset" 10737
"/Engine/EngineMaterials/Substrate/Glints2/dict_0006_0119" 10738
"../../../Engine/Content/EngineMaterials/Substrate/Glints2/dict_0006_0127.uasset" 10739
"../../../Engine/Content/EngineMaterials/Substrate/Glints2/dict_0006_0130.uasset" 10740
"../../../Engine/Content/EngineMaterials/Substrate/Glints2/dict_0006_0135.uasset" 10741
"../../../Engine/Content/EngineMaterials/Substrate/Glints2/dict_0006_0136.uasset" 10742
"../../../Engine/Content/EngineMaterials/Substrate/Glints2/dict_0006_0134.uasset" 10743
"../../../Engine/Content/EngineMaterials/Substrate/Glints2/dict_0006_0124.uasset" 10744
"../../../Engine/Content/EngineMaterials/Substrate/Glints2/dict_0006_0121.uasset" 10745
"/Engine/EngineMaterials/Substrate/Glints2/dict_0006_0118" 10746
"/Engine/EngineMaterials/Substrate/Glints2/dict_0006_0117" 10747
"/Engine/EngineMaterials/Substrate/Glints2/dict_0006_0116" 10748
"/Engine/EngineMaterials/Substrate/Glints2/dict_0006_0115" 10749
"/Engine/EngineMaterials/Substrate/Glints2/dict_0006_0114" 10750
"/Engine/EngineMaterials/Substrate/Glints2/dict_0006_0113" 10751
"/Engine/EngineMaterials/Substrate/Glints2/dict_0006_0112" 10752
"/Engine/EngineMaterials/Substrate/Glints2/dict_0006_0111" 10753
"/Engine/EngineMaterials/Substrate/Glints2/dict_0006_0110" 10754
"/Engine/EngineMaterials/Substrate/Glints2/dict_0006_0109" 10755
"/Engine/EngineMaterials/Substrate/Glints2/dict_0006_0108" 10756
"/Engine/EngineMaterials/Substrate/Glints2/dict_0006_0107" 10757
"/Engine/EngineMaterials/Substrate/Glints2/dict_0006_0106" 10758
"/Engine/EngineMaterials/Substrate/Glints2/dict_0006_0105" 10759
"../../../Engine/Content/EngineMaterials/Substrate/Glints2/dict_0006_0138.uasset" 10760
"../../../Engine/Content/EngineMaterials/Substrate/Glints2/dict_0006_0140.uasset" 10761
"../../../Engine/Content/EngineMaterials/Substrate/Glints2/dict_0006_0137.uasset" 10762
"../../../Engine/Content/EngineMaterials/Substrate/Glints2/dict_0006_0141.uasset" 10763
"../../../Engine/Content/EngineMaterials/Substrate/Glints2/dict_0006_0139.uasset" 10764
"../../../Engine/Content/EngineMaterials/Substrate/Glints2/dict_0006_0146.uasset" 10765
"../../../Engine/Content/EngineMaterials/Substrate/Glints2/dict_0006_0144.uasset" 10766
"../../../Engine/Content/EngineMaterials/Substrate/Glints2/dict_0006_0143.uasset" 10767
"../../../Engine/Content/EngineMaterials/Substrate/Glints2/dict_0006_0148.uasset" 10768
"../../../Engine/Content/EngineMaterials/Substrate/Glints2/dict_0006_0149.uasset" 10769
"/Engine/EngineMaterials/Substrate/Glints2/dict_0006_0136" 10770
"../../../Engine/Content/EngineMaterials/Substrate/Glints2/dict_0006_0147.uasset" 10771
"../../../Engine/Content/EngineMaterials/Substrate/Glints2/dict_0006_0151.uasset" 10772
"../../../Engine/Content/EngineMaterials/Substrate/Glints2/dict_0006_0142.uasset" 10773
"../../../Engine/Content/EngineMaterials/Substrate/Glints2/dict_0006_0150.uasset" 10774
"../../../Engine/Content/EngineMaterials/Substrate/Glints2/dict_0006_0145.uasset" 10775
"/Engine/EngineMaterials/Substrate/Glints2/dict_0006_0135" 10776
"/Engine/EngineMaterials/Substrate/Glints2/dict_0006_0134" 10777
"/Engine/EngineMaterials/Substrate/Glints2/dict_0006_0133" 10778
"/Engine/EngineMaterials/Substrate/Glints2/dict_0006_0132" 10779
"/Engine/EngineMaterials/Substrate/Glints2/dict_0006_0131" 10780
"/Engine/EngineMaterials/Substrate/Glints2/dict_0006_0130" 10781
"/Engine/EngineMaterials/Substrate/Glints2/dict_0006_0129" 10782
"/Engine/EngineMaterials/Substrate/Glints2/dict_0006_0128" 10783
"/Engine/EngineMaterials/Substrate/Glints2/dict_0006_0127" 10784
"/Engine/EngineMaterials/Substrate/Glints2/dict_0006_0126" 10785
"/Engine/EngineMaterials/Substrate/Glints2/dict_0006_0125" 10786
"/Engine/EngineMaterials/Substrate/Glints2/dict_0006_0124" 10787
"/Engine/EngineMaterials/Substrate/Glints2/dict_0006_0123" 10788
"/Engine/EngineMaterials/Substrate/Glints2/dict_0006_0122" 10789
"/Engine/EngineMaterials/Substrate/Glints2/dict_0006_0121" 10790
"/Engine/EngineMaterials/Substrate/Glints2/dict_0006_0120" 10791
"../../../Engine/Content/EngineMaterials/Substrate/Glints2/dict_0006_0152.uasset" 10792
"../../../Engine/Content/EngineMaterials/Substrate/Glints2/dict_0006_0153.uasset" 10793
"../../../Engine/Content/EngineMaterials/Substrate/Glints2/dict_0006_0154.uasset" 10794
"../../../Engine/Content/EngineMaterials/Substrate/Glints2/dict_0006_0156.uasset" 10795
"../../../Engine/Content/EngineMaterials/Substrate/Glints2/dict_0006_0159.uasset" 10796
"../../../Engine/Content/EngineMaterials/Substrate/Glints2/dict_0006_0157.uasset" 10797
"../../../Engine/Content/EngineMaterials/Substrate/Glints2/dict_0006_0163.uasset" 10798
"/Engine/EngineMaterials/Substrate/Glints2/dict_0006_0151" 10799
"../../../Engine/Content/EngineMaterials/Substrate/Glints2/dict_0006_0164.uasset" 10800
"../../../Engine/Content/EngineMaterials/Substrate/Glints2/dict_0006_0155.uasset" 10801
"../../../Engine/Content/EngineMaterials/Substrate/Glints2/dict_0006_0161.uasset" 10802
"../../../Engine/Content/EngineMaterials/Substrate/Glints2/dict_0006_0158.uasset" 10803
"../../../Engine/Content/EngineMaterials/Substrate/Glints2/dict_0006_0160.uasset" 10804
"../../../Engine/Content/EngineMaterials/Substrate/Glints2/dict_0006_0168.uasset" 10805
"../../../Engine/Content/EngineMaterials/Substrate/Glints2/dict_0006_0167.uasset" 10806
"../../../Engine/Content/EngineMaterials/Substrate/Glints2/dict_0006_0165.uasset" 10807
"../../../Engine/Content/EngineMaterials/Substrate/Glints2/dict_0006_0166.uasset" 10808
"../../../Engine/Content/EngineMaterials/Substrate/Glints2/dict_0006_0162.uasset" 10809
"/Engine/EngineMaterials/Substrate/Glints2/dict_0006_0150" 10810
"/Engine/EngineMaterials/Substrate/Glints2/dict_0006_0149" 10811
"/Engine/EngineMaterials/Substrate/Glints2/dict_0006_0148" 10812
"/Engine/EngineMaterials/Substrate/Glints2/dict_0006_0147" 10813
"/Engine/EngineMaterials/Substrate/Glints2/dict_0006_0146" 10814
"/Engine/EngineMaterials/Substrate/Glints2/dict_0006_0145" 10815
"/Engine/EngineMaterials/Substrate/Glints2/dict_0006_0144" 10816
"/Engine/EngineMaterials/Substrate/Glints2/dict_0006_0143" 10817
"/Engine/EngineMaterials/Substrate/Glints2/dict_0006_0142" 10818
"/Engine/EngineMaterials/Substrate/Glints2/dict_0006_0141" 10819
"/Engine/EngineMaterials/Substrate/Glints2/dict_0006_0140" 10820
"/Engine/EngineMaterials/Substrate/Glints2/dict_0006_0139" 10821
"/Engine/EngineMaterials/Substrate/Glints2/dict_0006_0138" 10822
"/Engine/EngineMaterials/Substrate/Glints2/dict_0006_0137" 10823
"../../../Engine/Content/EngineMaterials/Substrate/Glints2/dict_0006_0174.uasset" 10824
"/Engine/EngineMaterials/Substrate/Glints2/dict_0006_0168" 10825
"../../../Engine/Content/EngineMaterials/Substrate/Glints2/dict_0006_0173.uasset" 10826
"../../../Engine/Content/EngineMaterials/Substrate/Glints2/dict_0006_0169.uasset" 10827
"../../../Engine/Content/EngineMaterials/Substrate/Glints2/dict_0006_0179.uasset" 10828
"../../../Engine/Content/EngineMaterials/Substrate/Glints2/dict_0006_0171.uasset" 10829
"../../../Engine/Content/EngineMaterials/Substrate/Glints2/dict_0006_0172.uasset" 10830
"../../../Engine/Content/EngineMaterials/Substrate/Glints2/dict_0006_0180.uasset" 10831
"../../../Engine/Content/EngineMaterials/Substrate/Glints2/dict_0006_0182.uasset" 10832
"../../../Engine/Content/EngineMaterials/Substrate/Glints2/dict_0006_0178.uasset" 10833
"../../../Engine/Content/EngineMaterials/Substrate/Glints2/dict_0006_0183.uasset" 10834
"../../../Engine/Content/EngineMaterials/Substrate/Glints2/dict_0006_0170.uasset" 10835
"../../../Engine/Content/EngineMaterials/Substrate/Glints2/dict_0006_0176.uasset" 10836
"../../../Engine/Content/EngineMaterials/Substrate/Glints2/dict_0006_0181.uasset" 10837
"/Engine/EngineMaterials/Substrate/Glints2/dict_0006_0167" 10838
"../../../Engine/Content/EngineMaterials/Substrate/Glints2/dict_0006_0175.uasset" 10839
"../../../Engine/Content/EngineMaterials/Substrate/Glints2/dict_0006_0177.uasset" 10840
"/Engine/EngineMaterials/Substrate/Glints2/dict_0006_0166" 10841
"/Engine/EngineMaterials/Substrate/Glints2/dict_0006_0165" 10842
"/Engine/EngineMaterials/Substrate/Glints2/dict_0006_0164" 10843
"/Engine/EngineMaterials/Substrate/Glints2/dict_0006_0163" 10844
"/Engine/EngineMaterials/Substrate/Glints2/dict_0006_0162" 10845
"/Engine/EngineMaterials/Substrate/Glints2/dict_0006_0161" 10846
"/Engine/EngineMaterials/Substrate/Glints2/dict_0006_0160" 10847
"/Engine/EngineMaterials/Substrate/Glints2/dict_0006_0159" 10848
"/Engine/EngineMaterials/Substrate/Glints2/dict_0006_0158" 10849
"/Engine/EngineMaterials/Substrate/Glints2/dict_0006_0157" 10850
"/Engine/EngineMaterials/Substrate/Glints2/dict_0006_0156" 10851
"/Engine/EngineMaterials/Substrate/Glints2/dict_0006_0155" 10852
"/Engine/EngineMaterials/Substrate/Glints2/dict_0006_0154" 10853
"/Engine/EngineMaterials/Substrate/Glints2/dict_0006_0153" 10854
"/Engine/EngineMaterials/Substrate/Glints2/dict_0006_0152" 10855
"../../../Engine/Content/EngineMaterials/Substrate/Glints2/dict_0006_0186.uasset" 10856
"../../../Engine/Content/EngineMaterials/Substrate/Glints2/dict_0006_0185.uasset" 10857
"../../../Engine/Content/EngineMaterials/Substrate/Glints2/dict_0006_0188.uasset" 10858
"../../../Engine/Content/EngineMaterials/Substrate/Glints2/dict_0006_0192.uasset" 10859
"../../../Engine/Content/EngineMaterials/Substrate/Glints2/dict_0006_0190.uasset" 10860
"../../../Engine/Content/EngineMaterials/Substrate/Glints2/dict_0006_0191.uasset" 10861
"/Engine/EngineMaterials/Substrate/Glints2/dict_0006_0183" 10862
"../../../Engine/Content/EngineMaterials/Substrate/Glints2/dict_0006_0189.uasset" 10863
"../../../Engine/Content/EngineMaterials/Substrate/Glints2/dict_0006_0193.uasset" 10864
"../../../Engine/Content/EngineMaterials/Substrate/Glints2/dict_0006_0194.uasset" 10865
"../../../Engine/Content/EngineMaterials/Substrate/Glints2/dict_0006_0184.uasset" 10866
"../../../Engine/Content/EngineMaterials/Substrate/Glints2/dict_0006_0187.uasset" 10867
"../../../Engine/Content/EngineMaterials/Substrate/Glints2/dict_0006_0197.uasset" 10868
"../../../Engine/Content/EngineMaterials/Substrate/Glints2/dict_0006_0196.uasset" 10869
"../../../Engine/Content/EngineMaterials/Substrate/Glints2/dict_0006_0200.uasset" 10870
"../../../Engine/Content/EngineMaterials/Substrate/Glints2/dict_0006_0198.uasset" 10871
"../../../Engine/Content/EngineMaterials/Substrate/Glints2/dict_0006_0195.uasset" 10872
"../../../Engine/Content/EngineMaterials/Substrate/Glints2/dict_0006_0199.uasset" 10873
"/Engine/EngineMaterials/Substrate/Glints2/dict_0006_0182" 10874
"/Engine/EngineMaterials/Substrate/Glints2/dict_0006_0181" 10875
"/Engine/EngineMaterials/Substrate/Glints2/dict_0006_0180" 10876
"/Engine/EngineMaterials/Substrate/Glints2/dict_0006_0179" 10877
"/Engine/EngineMaterials/Substrate/Glints2/dict_0006_0178" 10878
"/Engine/EngineMaterials/Substrate/Glints2/dict_0006_0177" 10879
"/Engine/EngineMaterials/Substrate/Glints2/dict_0006_0176" 10880
"/Engine/EngineMaterials/Substrate/Glints2/dict_0006_0175" 10881
"/Engine/EngineMaterials/Substrate/Glints2/dict_0006_0174" 10882
"/Engine/EngineMaterials/Substrate/Glints2/dict_0006_0173" 10883
"/Engine/EngineMaterials/Substrate/Glints2/dict_0006_0172" 10884
"/Engine/EngineMaterials/Substrate/Glints2/dict_0006_0171" 10885
"/Engine/EngineMaterials/Substrate/Glints2/dict_0006_0170" 10886
"/Engine/EngineMaterials/Substrate/Glints2/dict_0006_0169" 10887
"../../../Engine/Content/EngineMaterials/Substrate/Glints2/dict_0006_0201.uasset" 10888
"../../../Engine/Content/EngineMaterials/Substrate/Glints2/dict_0006_0204.uasset" 10889
"../../../Engine/Content/EngineMaterials/Substrate/Glints2/dict_0006_0202.uasset" 10890
"../../../Engine/Content/EngineMaterials/Substrate/Glints2/dict_0006_0206.uasset" 10891
"/Engine/EngineMaterials/Substrate/Glints2/dict_0006_0200" 10892
"../../../Engine/Content/EngineMaterials/Substrate/Glints2/dict_0006_0208.uasset" 10893
"../../../Engine/Content/EngineMaterials/Substrate/Glints2/dict_0006_0207.uasset" 10894
"../../../Engine/Content/EngineMaterials/Substrate/Glints2/dict_0006_0209.uasset" 10895
"../../../Engine/Content/EngineMaterials/Substrate/Glints2/dict_0006_0212.uasset" 10896
"../../../Engine/Content/EngineMaterials/Substrate/Glints2/dict_0006_0205.uasset" 10897
"../../../Engine/Content/EngineMaterials/Substrate/Glints2/dict_0006_0210.uasset" 10898
"../../../Engine/Content/EngineMaterials/Substrate/Glints2/dict_0006_0213.uasset" 10899
"../../../Engine/Content/EngineMaterials/Substrate/Glints2/dict_0006_0214.uasset" 10900
"../../../Engine/Content/EngineMaterials/Substrate/Glints2/dict_0006_0211.uasset" 10901
"../../../Engine/Content/EngineMaterials/Substrate/Glints2/dict_0006_0215.uasset" 10902
"/Engine/EngineMaterials/Substrate/Glints2/dict_0006_0199" 10903
"../../../Engine/Content/EngineMaterials/Substrate/Glints2/dict_0006_0203.uasset" 10904
"/Engine/EngineMaterials/Substrate/Glints2/dict_0006_0198" 10905
"/Engine/EngineMaterials/Substrate/Glints2/dict_0006_0197" 10906
"/Engine/EngineMaterials/Substrate/Glints2/dict_0006_0196" 10907
"/Engine/EngineMaterials/Substrate/Glints2/dict_0006_0195" 10908
"/Engine/EngineMaterials/Substrate/Glints2/dict_0006_0194" 10909
"/Engine/EngineMaterials/Substrate/Glints2/dict_0006_0193" 10910
"/Engine/EngineMaterials/Substrate/Glints2/dict_0006_0192" 10911
"/Engine/EngineMaterials/Substrate/Glints2/dict_0006_0191" 10912
"/Engine/EngineMaterials/Substrate/Glints2/dict_0006_0190" 10913
"/Engine/EngineMaterials/Substrate/Glints2/dict_0006_0189" 10914
"/Engine/EngineMaterials/Substrate/Glints2/dict_0006_0188" 10915
"/Engine/EngineMaterials/Substrate/Glints2/dict_0006_0187" 10916
"/Engine/EngineMaterials/Substrate/Glints2/dict_0006_0186" 10917
"/Engine/EngineMaterials/Substrate/Glints2/dict_0006_0185" 10918
"/Engine/EngineMaterials/Substrate/Glints2/dict_0006_0184" 10919
"../../../Engine/Content/EngineMaterials/Substrate/Glints2/dict_0006_0216.uasset" 10920
"../../../Engine/Content/EngineMaterials/Substrate/Glints2/dict_0006_0218.uasset" 10921
"../../../Engine/Content/EngineMaterials/Substrate/Glints2/dict_0006_0220.uasset" 10922
"../../../Engine/Content/EngineMaterials/Substrate/Glints2/dict_0006_0223.uasset" 10923
"../../../Engine/Content/EngineMaterials/Substrate/Glints2/dict_0006_0217.uasset" 10924
"../../../Engine/Content/EngineMaterials/Substrate/Glints2/dict_0006_0228.uasset" 10925
"../../../Engine/Content/EngineMaterials/Substrate/Glints2/dict_0006_0221.uasset" 10926
"../../../Engine/Content/EngineMaterials/Substrate/Glints2/dict_0006_0219.uasset" 10927
"../../../Engine/Content/EngineMaterials/Substrate/Glints2/dict_0006_0232.uasset" 10928
"../../../Engine/Content/EngineMaterials/Substrate/Glints2/dict_0006_0222.uasset" 10929
"../../../Engine/Content/EngineMaterials/Substrate/Glints2/dict_0006_0230.uasset" 10930
"/Engine/EngineMaterials/Substrate/Glints2/dict_0006_0215" 10931
"../../../Engine/Content/EngineMaterials/Substrate/Glints2/dict_0006_0229.uasset" 10932
"../../../Engine/Content/EngineMaterials/Substrate/Glints2/dict_0006_0226.uasset" 10933
"../../../Engine/Content/EngineMaterials/Substrate/Glints2/dict_0006_0227.uasset" 10934
"../../../Engine/Content/EngineMaterials/Substrate/Glints2/dict_0006_0224.uasset" 10935
"../../../Engine/Content/EngineMaterials/Substrate/Glints2/dict_0006_0231.uasset" 10936
"../../../Engine/Content/EngineMaterials/Substrate/Glints2/dict_0006_0225.uasset" 10937
"/Engine/EngineMaterials/Substrate/Glints2/dict_0006_0214" 10938
"/Engine/EngineMaterials/Substrate/Glints2/dict_0006_0213" 10939
"/Engine/EngineMaterials/Substrate/Glints2/dict_0006_0212" 10940
"/Engine/EngineMaterials/Substrate/Glints2/dict_0006_0211" 10941
"/Engine/EngineMaterials/Substrate/Glints2/dict_0006_0210" 10942
"/Engine/EngineMaterials/Substrate/Glints2/dict_0006_0209" 10943
"/Engine/EngineMaterials/Substrate/Glints2/dict_0006_0208" 10944
"/Engine/EngineMaterials/Substrate/Glints2/dict_0006_0207" 10945
"/Engine/EngineMaterials/Substrate/Glints2/dict_0006_0206" 10946
"/Engine/EngineMaterials/Substrate/Glints2/dict_0006_0205" 10947
"/Engine/EngineMaterials/Substrate/Glints2/dict_0006_0204" 10948
"/Engine/EngineMaterials/Substrate/Glints2/dict_0006_0203" 10949
"/Engine/EngineMaterials/Substrate/Glints2/dict_0006_0202" 10950
"/Engine/EngineMaterials/Substrate/Glints2/dict_0006_0201" 10951
"../../../Engine/Content/EngineMaterials/Substrate/Glints2/dict_0006_0233.uasset" 10952
"../../../Engine/Content/EngineMaterials/Substrate/Glints2/dict_0006_0236.uasset" 10953
"../../../Engine/Content/EngineMaterials/Substrate/Glints2/dict_0006_0237.uasset" 10954
"../../../Engine/Content/EngineMaterials/Substrate/Glints2/dict_0006_0235.uasset" 10955
"../../../Engine/Content/EngineMaterials/Substrate/Glints2/dict_0006_0234.uasset" 10956
"/Engine/EngineMaterials/Substrate/Glints2/dict_0006_0232" 10957
"../../../Engine/Content/EngineMaterials/Substrate/Glints2/dict_0006_0238.uasset" 10958
"../../../Engine/Content/EngineMaterials/Substrate/Glints2/dict_0006_0245.uasset" 10959
"../../../Engine/Content/EngineMaterials/Substrate/Glints2/dict_0006_0246.uasset" 10960
"../../../Engine/Content/EngineMaterials/Substrate/Glints2/dict_0006_0240.uasset" 10961
"../../../Engine/Content/EngineMaterials/Substrate/Glints2/dict_0006_0247.uasset" 10962
"../../../Engine/Content/EngineMaterials/Substrate/Glints2/dict_0006_0241.uasset" 10963
"../../../Engine/Content/EngineMaterials/Substrate/Glints2/dict_0006_0239.uasset" 10964
"../../../Engine/Content/EngineMaterials/Substrate/Glints2/dict_0006_0242.uasset" 10965
"../../../Engine/Content/EngineMaterials/Substrate/Glints2/dict_0006_0243.uasset" 10966
"../../../Engine/Content/EngineMaterials/Substrate/Glints2/dict_0006_0244.uasset" 10967
"/Engine/EngineMaterials/Substrate/Glints2/dict_0006_0231" 10968
"/Engine/EngineMaterials/Substrate/Glints2/dict_0006_0230" 10969
"/Engine/EngineMaterials/Substrate/Glints2/dict_0006_0229" 10970
"/Engine/EngineMaterials/Substrate/Glints2/dict_0006_0228" 10971
"/Engine/EngineMaterials/Substrate/Glints2/dict_0006_0227" 10972
"/Engine/EngineMaterials/Substrate/Glints2/dict_0006_0226" 10973
"/Engine/EngineMaterials/Substrate/Glints2/dict_0006_0225" 10974
"/Engine/EngineMaterials/Substrate/Glints2/dict_0006_0224" 10975
"/Engine/EngineMaterials/Substrate/Glints2/dict_0006_0223" 10976
"/Engine/EngineMaterials/Substrate/Glints2/dict_0006_0222" 10977
"/Engine/EngineMaterials/Substrate/Glints2/dict_0006_0221" 10978
"/Engine/EngineMaterials/Substrate/Glints2/dict_0006_0220" 10979
"/Engine/EngineMaterials/Substrate/Glints2/dict_0006_0219" 10980
"/Engine/EngineMaterials/Substrate/Glints2/dict_0006_0218" 10981
"/Engine/EngineMaterials/Substrate/Glints2/dict_0006_0217" 10982
"/Engine/EngineMaterials/Substrate/Glints2/dict_0006_0216" 10983
"../../../Engine/Content/EngineMaterials/Substrate/Glints2/dict_0006_0251.uasset" 10984
"../../../Engine/Content/EngineMaterials/Substrate/Glints2/dict_0006_0248.uasset" 10985
"../../../Engine/Content/EngineMaterials/Substrate/Glints2/dict_0006_0249.uasset" 10986
"../../../Engine/Content/EngineMaterials/Substrate/Glints2/dict_0006_0253.uasset" 10987
"../../../Engine/Content/EngineMaterials/Substrate/Glints2/dict_0007_0000.uasset" 10988
"../../../Engine/Content/EngineMaterials/Substrate/Glints2/dict_0006_0255.uasset" 10989
"../../../Engine/Content/EngineMaterials/Substrate/Glints2/dict_0007_0006.uasset" 10990
"/Engine/EngineMaterials/Substrate/Glints2/dict_0006_0247" 10991
"../../../Engine/Content/EngineMaterials/Substrate/Glints2/dict_0006_0250.uasset" 10992
"../../../Engine/Content/EngineMaterials/Substrate/Glints2/dict_0007_0003.uasset" 10993
"../../../Engine/Content/EngineMaterials/Substrate/Glints2/dict_0007_0001.uasset" 10994
"../../../Engine/Content/EngineMaterials/Substrate/Glints2/dict_0006_0254.uasset" 10995
"../../../Engine/Content/EngineMaterials/Substrate/Glints2/dict_0007_0002.uasset" 10996
"../../../Engine/Content/EngineMaterials/Substrate/Glints2/dict_0007_0005.uasset" 10997
"../../../Engine/Content/EngineMaterials/Substrate/Glints2/dict_0007_0007.uasset" 10998
"../../../Engine/Content/EngineMaterials/Substrate/Glints2/dict_0007_0008.uasset" 10999
"../../../Engine/Content/EngineMaterials/Substrate/Glints2/dict_0007_0004.uasset" 11000
"../../../Engine/Content/EngineMaterials/Substrate/Glints2/dict_0006_0252.uasset" 11001
"/Engine/EngineMaterials/Substrate/Glints2/dict_0006_0246" 11002
"/Engine/EngineMaterials/Substrate/Glints2/dict_0006_0245" 11003
"/Engine/EngineMaterials/Substrate/Glints2/dict_0006_0244" 11004
"/Engine/EngineMaterials/Substrate/Glints2/dict_0006_0243" 11005
"/Engine/EngineMaterials/Substrate/Glints2/dict_0006_0242" 11006
"/Engine/EngineMaterials/Substrate/Glints2/dict_0006_0241" 11007
"/Engine/EngineMaterials/Substrate/Glints2/dict_0006_0240" 11008
"/Engine/EngineMaterials/Substrate/Glints2/dict_0006_0239" 11009
"/Engine/EngineMaterials/Substrate/Glints2/dict_0006_0238" 11010
"/Engine/EngineMaterials/Substrate/Glints2/dict_0006_0237" 11011
"/Engine/EngineMaterials/Substrate/Glints2/dict_0006_0236" 11012
"/Engine/EngineMaterials/Substrate/Glints2/dict_0006_0235" 11013
"/Engine/EngineMaterials/Substrate/Glints2/dict_0006_0234" 11014
"/Engine/EngineMaterials/Substrate/Glints2/dict_0006_0233" 11015
"../../../Engine/Content/EngineMaterials/Substrate/Glints2/dict_0007_0009.uasset" 11016
"../../../Engine/Content/EngineMaterials/Substrate/Glints2/dict_0007_0010.uasset" 11017
"../../../Engine/Content/EngineMaterials/Substrate/Glints2/dict_0007_0013.uasset" 11018
"../../../Engine/Content/EngineMaterials/Substrate/Glints2/dict_0007_0012.uasset" 11019
"../../../Engine/Content/EngineMaterials/Substrate/Glints2/dict_0007_0011.uasset" 11020
"../../../Engine/Content/EngineMaterials/Substrate/Glints2/dict_0007_0016.uasset" 11021
"../../../Engine/Content/EngineMaterials/Substrate/Glints2/dict_0007_0017.uasset" 11022
"/Engine/EngineMaterials/Substrate/Glints2/dict_0007_0008" 11023
"../../../Engine/Content/EngineMaterials/Substrate/Glints2/dict_0007_0014.uasset" 11024
"../../../Engine/Content/EngineMaterials/Substrate/Glints2/dict_0007_0020.uasset" 11025
"../../../Engine/Content/EngineMaterials/Substrate/Glints2/dict_0007_0018.uasset" 11026
"../../../Engine/Content/EngineMaterials/Substrate/Glints2/dict_0007_0023.uasset" 11027
"../../../Engine/Content/EngineMaterials/Substrate/Glints2/dict_0007_0015.uasset" 11028
"../../../Engine/Content/EngineMaterials/Substrate/Glints2/dict_0007_0022.uasset" 11029
"../../../Engine/Content/EngineMaterials/Substrate/Glints2/dict_0007_0021.uasset" 11030
"../../../Engine/Content/EngineMaterials/Substrate/Glints2/dict_0007_0019.uasset" 11031
"/Engine/EngineMaterials/Substrate/Glints2/dict_0007_0007" 11032
"/Engine/EngineMaterials/Substrate/Glints2/dict_0007_0006" 11033
"/Engine/EngineMaterials/Substrate/Glints2/dict_0007_0005" 11034
"/Engine/EngineMaterials/Substrate/Glints2/dict_0007_0004" 11035
"/Engine/EngineMaterials/Substrate/Glints2/dict_0007_0003" 11036
"/Engine/EngineMaterials/Substrate/Glints2/dict_0007_0002" 11037
"/Engine/EngineMaterials/Substrate/Glints2/dict_0007_0001" 11038
"/Engine/EngineMaterials/Substrate/Glints2/dict_0007_0000" 11039
"/Engine/EngineMaterials/Substrate/Glints2/dict_0006_0255" 11040
"/Engine/EngineMaterials/Substrate/Glints2/dict_0006_0254" 11041
"/Engine/EngineMaterials/Substrate/Glints2/dict_0006_0253" 11042
"/Engine/EngineMaterials/Substrate/Glints2/dict_0006_0252" 11043
"/Engine/EngineMaterials/Substrate/Glints2/dict_0006_0251" 11044
"/Engine/EngineMaterials/Substrate/Glints2/dict_0006_0250" 11045
"/Engine/EngineMaterials/Substrate/Glints2/dict_0006_0249" 11046
"/Engine/EngineMaterials/Substrate/Glints2/dict_0006_0248" 11047
"/Engine/EngineMaterials/Substrate/Glints2/dict_0007_0010" 11048
"/Engine/EngineMaterials/Substrate/Glints2/dict_0007_0009" 11049
"../../../Engine/Content/EngineMaterials/Substrate/Glints2/dict_0007_0025.uasset" 11050
"../../../Engine/Content/EngineMaterials/Substrate/Glints2/dict_0007_0024.uasset" 11051
"../../../Engine/Content/EngineMaterials/Substrate/Glints2/dict_0007_0027.uasset" 11052
"../../../Engine/Content/EngineMaterials/Substrate/Glints2/dict_0007_0029.uasset" 11053
"../../../Engine/Content/EngineMaterials/Substrate/Glints2/dict_0007_0028.uasset" 11054
"../../../Engine/Content/EngineMaterials/Substrate/Glints2/dict_0007_0030.uasset" 11055
"../../../Engine/Content/EngineMaterials/Substrate/Glints2/dict_0007_0031.uasset" 11056
"/Engine/EngineMaterials/Substrate/Glints2/dict_0007_0023" 11057
"../../../Engine/Content/EngineMaterials/Substrate/Glints2/dict_0007_0041.uasset" 11058
"../../../Engine/Content/EngineMaterials/Substrate/Glints2/dict_0007_0042.uasset" 11059
"../../../Engine/Content/EngineMaterials/Substrate/Glints2/dict_0007_0037.uasset" 11060
"../../../Engine/Content/EngineMaterials/Substrate/Glints2/dict_0007_0035.uasset" 11061
"../../../Engine/Content/EngineMaterials/Substrate/Glints2/dict_0007_0034.uasset" 11062
"../../../Engine/Content/EngineMaterials/Substrate/Glints2/dict_0007_0036.uasset" 11063
"../../../Engine/Content/EngineMaterials/Substrate/Glints2/dict_0007_0039.uasset" 11064
"../../../Engine/Content/EngineMaterials/Substrate/Glints2/dict_0007_0040.uasset" 11065
"../../../Engine/Content/EngineMaterials/Substrate/Glints2/dict_0007_0026.uasset" 11066
"../../../Engine/Content/EngineMaterials/Substrate/Glints2/dict_0007_0038.uasset" 11067
"../../../Engine/Content/EngineMaterials/Substrate/Glints2/dict_0007_0033.uasset" 11068
"../../../Engine/Content/EngineMaterials/Substrate/Glints2/dict_0007_0032.uasset" 11069
"/Engine/EngineMaterials/Substrate/Glints2/dict_0007_0022" 11070
"/Engine/EngineMaterials/Substrate/Glints2/dict_0007_0021" 11071
"/Engine/EngineMaterials/Substrate/Glints2/dict_0007_0020" 11072
"/Engine/EngineMaterials/Substrate/Glints2/dict_0007_0019" 11073
"/Engine/EngineMaterials/Substrate/Glints2/dict_0007_0018" 11074
"/Engine/EngineMaterials/Substrate/Glints2/dict_0007_0017" 11075
"/Engine/EngineMaterials/Substrate/Glints2/dict_0007_0016" 11076
"/Engine/EngineMaterials/Substrate/Glints2/dict_0007_0015" 11077
"/Engine/EngineMaterials/Substrate/Glints2/dict_0007_0014" 11078
"/Engine/EngineMaterials/Substrate/Glints2/dict_0007_0013" 11079
"/Engine/EngineMaterials/Substrate/Glints2/dict_0007_0012" 11080
"/Engine/EngineMaterials/Substrate/Glints2/dict_0007_0011" 11081
"../../../Engine/Content/EngineMaterials/Substrate/Glints2/dict_0007_0043.uasset" 11082
"../../../Engine/Content/EngineMaterials/Substrate/Glints2/dict_0007_0044.uasset" 11083
"../../../Engine/Content/EngineMaterials/Substrate/Glints2/dict_0007_0046.uasset" 11084
"../../../Engine/Content/EngineMaterials/Substrate/Glints2/dict_0007_0050.uasset" 11085
"/Engine/EngineMaterials/Substrate/Glints2/dict_0007_0042" 11086
"../../../Engine/Content/EngineMaterials/Substrate/Glints2/dict_0007_0054.uasset" 11087
"../../../Engine/Content/EngineMaterials/Substrate/Glints2/dict_0007_0048.uasset" 11088
"../../../Engine/Content/EngineMaterials/Substrate/Glints2/dict_0007_0049.uasset" 11089
"../../../Engine/Content/EngineMaterials/Substrate/Glints2/dict_0007_0052.uasset" 11090
"../../../Engine/Content/EngineMaterials/Substrate/Glints2/dict_0007_0055.uasset" 11091
"../../../Engine/Content/EngineMaterials/Substrate/Glints2/dict_0007_0051.uasset" 11092
"../../../Engine/Content/EngineMaterials/Substrate/Glints2/dict_0007_0047.uasset" 11093
"../../../Engine/Content/EngineMaterials/Substrate/Glints2/dict_0007_0053.uasset" 11094
"../../../Engine/Content/EngineMaterials/Substrate/Glints2/dict_0007_0045.uasset" 11095
"/Engine/EngineMaterials/Substrate/Glints2/dict_0007_0041" 11096
"/Engine/EngineMaterials/Substrate/Glints2/dict_0007_0040" 11097
"/Engine/EngineMaterials/Substrate/Glints2/dict_0007_0039" 11098
"/Engine/EngineMaterials/Substrate/Glints2/dict_0007_0038" 11099
"/Engine/EngineMaterials/Substrate/Glints2/dict_0007_0037" 11100
"/Engine/EngineMaterials/Substrate/Glints2/dict_0007_0036" 11101
"/Engine/EngineMaterials/Substrate/Glints2/dict_0007_0035" 11102
"/Engine/EngineMaterials/Substrate/Glints2/dict_0007_0034" 11103
"/Engine/EngineMaterials/Substrate/Glints2/dict_0007_0033" 11104
"/Engine/EngineMaterials/Substrate/Glints2/dict_0007_0032" 11105
"/Engine/EngineMaterials/Substrate/Glints2/dict_0007_0031" 11106
"/Engine/EngineMaterials/Substrate/Glints2/dict_0007_0030" 11107
"/Engine/EngineMaterials/Substrate/Glints2/dict_0007_0029" 11108
"/Engine/EngineMaterials/Substrate/Glints2/dict_0007_0028" 11109
"/Engine/EngineMaterials/Substrate/Glints2/dict_0007_0027" 11110
"/Engine/EngineMaterials/Substrate/Glints2/dict_0007_0026" 11111
"/Engine/EngineMaterials/Substrate/Glints2/dict_0007_0025" 11112
"/Engine/EngineMaterials/Substrate/Glints2/dict_0007_0024" 11113
"../../../Engine/Content/EngineMaterials/Substrate/Glints2/dict_0007_0056.uasset" 11114
"../../../Engine/Content/EngineMaterials/Substrate/Glints2/dict_0007_0057.uasset" 11115
"../../../Engine/Content/EngineMaterials/Substrate/Glints2/dict_0007_0058.uasset" 11116
"../../../Engine/Content/EngineMaterials/Substrate/Glints2/dict_0007_0059.uasset" 11117
"../../../Engine/Content/EngineMaterials/Substrate/Glints2/dict_0007_0060.uasset" 11118
"../../../Engine/Content/EngineMaterials/Substrate/Glints2/dict_0007_0062.uasset" 11119
"../../../Engine/Content/EngineMaterials/Substrate/Glints2/dict_0007_0061.uasset" 11120
"../../../Engine/Content/EngineMaterials/Substrate/Glints2/dict_0007_0066.uasset" 11121
"../../../Engine/Content/EngineMaterials/Substrate/Glints2/dict_0007_0063.uasset" 11122
"../../../Engine/Content/EngineMaterials/Substrate/Glints2/dict_0007_0065.uasset" 11123
"../../../Engine/Content/EngineMaterials/Substrate/Glints2/dict_0007_0064.uasset" 11124
"../../../Engine/Content/EngineMaterials/Substrate/Glints2/dict_0007_0067.uasset" 11125
"../../../Engine/Content/EngineMaterials/Substrate/Glints2/dict_0007_0071.uasset" 11126
"../../../Engine/Content/EngineMaterials/Substrate/Glints2/dict_0007_0073.uasset" 11127
"../../../Engine/Content/EngineMaterials/Substrate/Glints2/dict_0007_0074.uasset" 11128
"../../../Engine/Content/EngineMaterials/Substrate/Glints2/dict_0007_0069.uasset" 11129
"../../../Engine/Content/EngineMaterials/Substrate/Glints2/dict_0007_0072.uasset" 11130
"../../../Engine/Content/EngineMaterials/Substrate/Glints2/dict_0007_0070.uasset" 11131
"/Engine/EngineMaterials/Substrate/Glints2/dict_0007_0055" 11132
"../../../Engine/Content/EngineMaterials/Substrate/Glints2/dict_0007_0068.uasset" 11133
"/Engine/EngineMaterials/Substrate/Glints2/dict_0007_0054" 11134
"/Engine/EngineMaterials/Substrate/Glints2/dict_0007_0053" 11135
"/Engine/EngineMaterials/Substrate/Glints2/dict_0007_0052" 11136
"/Engine/EngineMaterials/Substrate/Glints2/dict_0007_0051" 11137
"/Engine/EngineMaterials/Substrate/Glints2/dict_0007_0062" 11138
"/Engine/EngineMaterials/Substrate/Glints2/dict_0007_0061" 11139
"/Engine/EngineMaterials/Substrate/Glints2/dict_0007_0060" 11140
"/Engine/EngineMaterials/Substrate/Glints2/dict_0007_0050" 11141
"/Engine/EngineMaterials/Substrate/Glints2/dict_0007_0059" 11142
"/Engine/EngineMaterials/Substrate/Glints2/dict_0007_0049" 11143
"/Engine/EngineMaterials/Substrate/Glints2/dict_0007_0048" 11144
"/Engine/EngineMaterials/Substrate/Glints2/dict_0007_0058" 11145
"/Engine/EngineMaterials/Substrate/Glints2/dict_0007_0047" 11146
"/Engine/EngineMaterials/Substrate/Glints2/dict_0007_0046" 11147
"/Engine/EngineMaterials/Substrate/Glints2/dict_0007_0045" 11148
"/Engine/EngineMaterials/Substrate/Glints2/dict_0007_0044" 11149
"/Engine/EngineMaterials/Substrate/Glints2/dict_0007_0043" 11150
"/Engine/EngineMaterials/Substrate/Glints2/dict_0007_0057" 11151
"/Engine/EngineMaterials/Substrate/Glints2/dict_0007_0056" 11152
"../../../Engine/Content/EngineMaterials/Substrate/Glints2/dict_0007_0079.uasset" 11153
"../../../Engine/Content/EngineMaterials/Substrate/Glints2/dict_0007_0080.uasset" 11154
"../../../Engine/Content/EngineMaterials/Substrate/Glints2/dict_0007_0081.uasset" 11155
"/Engine/EngineMaterials/Substrate/Glints2/dict_0007_0074" 11156
"../../../Engine/Content/EngineMaterials/Substrate/Glints2/dict_0007_0077.uasset" 11157
"../../../Engine/Content/EngineMaterials/Substrate/Glints2/dict_0007_0084.uasset" 11158
"../../../Engine/Content/EngineMaterials/Substrate/Glints2/dict_0007_0091.uasset" 11159
"../../../Engine/Content/EngineMaterials/Substrate/Glints2/dict_0007_0082.uasset" 11160
"../../../Engine/Content/EngineMaterials/Substrate/Glints2/dict_0007_0075.uasset" 11161
"../../../Engine/Content/EngineMaterials/Substrate/Glints2/dict_0007_0092.uasset" 11162
"../../../Engine/Content/EngineMaterials/Substrate/Glints2/dict_0007_0078.uasset" 11163
"../../../Engine/Content/EngineMaterials/Substrate/Glints2/dict_0007_0076.uasset" 11164
"../../../Engine/Content/EngineMaterials/Substrate/Glints2/dict_0007_0088.uasset" 11165
"../../../Engine/Content/EngineMaterials/Substrate/Glints2/dict_0007_0089.uasset" 11166
"../../../Engine/Content/EngineMaterials/Substrate/Glints2/dict_0007_0086.uasset" 11167
"../../../Engine/Content/EngineMaterials/Substrate/Glints2/dict_0007_0083.uasset" 11168
"../../../Engine/Content/EngineMaterials/Substrate/Glints2/dict_0007_0090.uasset" 11169
"../../../Engine/Content/EngineMaterials/Substrate/Glints2/dict_0007_0094.uasset" 11170
"../../../Engine/Content/EngineMaterials/Substrate/Glints2/dict_0007_0085.uasset" 11171
"../../../Engine/Content/EngineMaterials/Substrate/Glints2/dict_0007_0087.uasset" 11172
"../../../Engine/Content/EngineMaterials/Substrate/Glints2/dict_0007_0093.uasset" 11173
"/Engine/EngineMaterials/Substrate/Glints2/dict_0007_0073" 11174
"/Engine/EngineMaterials/Substrate/Glints2/dict_0007_0072" 11175
"/Engine/EngineMaterials/Substrate/Glints2/dict_0007_0071" 11176
"/Engine/EngineMaterials/Substrate/Glints2/dict_0007_0070" 11177
"/Engine/EngineMaterials/Substrate/Glints2/dict_0007_0069" 11178
"/Engine/EngineMaterials/Substrate/Glints2/dict_0007_0068" 11179
"/Engine/EngineMaterials/Substrate/Glints2/dict_0007_0067" 11180
"/Engine/EngineMaterials/Substrate/Glints2/dict_0007_0066" 11181
"/Engine/EngineMaterials/Substrate/Glints2/dict_0007_0065" 11182
"/Engine/EngineMaterials/Substrate/Glints2/dict_0007_0064" 11183
"/Engine/EngineMaterials/Substrate/Glints2/dict_0007_0063" 11184
"../../../Engine/Content/EngineMaterials/Substrate/Glints2/dict_0007_0095.uasset" 11185
"../../../Engine/Content/EngineMaterials/Substrate/Glints2/dict_0007_0096.uasset" 11186
"../../../Engine/Content/EngineMaterials/Substrate/Glints2/dict_0007_0100.uasset" 11187
"../../../Engine/Content/EngineMaterials/Substrate/Glints2/dict_0007_0098.uasset" 11188
"../../../Engine/Content/EngineMaterials/Substrate/Glints2/dict_0007_0101.uasset" 11189
"../../../Engine/Content/EngineMaterials/Substrate/Glints2/dict_0007_0102.uasset" 11190
"../../../Engine/Content/EngineMaterials/Substrate/Glints2/dict_0007_0099.uasset" 11191
"../../../Engine/Content/EngineMaterials/Substrate/Glints2/dict_0007_0105.uasset" 11192
"/Engine/EngineMaterials/Substrate/Glints2/dict_0007_0094" 11193
"../../../Engine/Content/EngineMaterials/Substrate/Glints2/dict_0007_0106.uasset" 11194
"../../../Engine/Content/EngineMaterials/Substrate/Glints2/dict_0007_0103.uasset" 11195
"../../../Engine/Content/EngineMaterials/Substrate/Glints2/dict_0007_0104.uasset" 11196
"../../../Engine/Content/EngineMaterials/Substrate/Glints2/dict_0007_0097.uasset" 11197
"/Engine/EngineMaterials/Substrate/Glints2/dict_0007_0093" 11198
"/Engine/EngineMaterials/Substrate/Glints2/dict_0007_0092" 11199
"/Engine/EngineMaterials/Substrate/Glints2/dict_0007_0091" 11200
"/Engine/EngineMaterials/Substrate/Glints2/dict_0007_0090" 11201
"/Engine/EngineMaterials/Substrate/Glints2/dict_0007_0089" 11202
"/Engine/EngineMaterials/Substrate/Glints2/dict_0007_0088" 11203
"/Engine/EngineMaterials/Substrate/Glints2/dict_0007_0087" 11204
"/Engine/EngineMaterials/Substrate/Glints2/dict_0007_0086" 11205
"/Engine/EngineMaterials/Substrate/Glints2/dict_0007_0085" 11206
"/Engine/EngineMaterials/Substrate/Glints2/dict_0007_0084" 11207
"/Engine/EngineMaterials/Substrate/Glints2/dict_0007_0083" 11208
"/Engine/EngineMaterials/Substrate/Glints2/dict_0007_0082" 11209
"/Engine/EngineMaterials/Substrate/Glints2/dict_0007_0081" 11210
"/Engine/EngineMaterials/Substrate/Glints2/dict_0007_0080" 11211
"/Engine/EngineMaterials/Substrate/Glints2/dict_0007_0079" 11212
"/Engine/EngineMaterials/Substrate/Glints2/dict_0007_0078" 11213
"/Engine/EngineMaterials/Substrate/Glints2/dict_0007_0077" 11214
"/Engine/EngineMaterials/Substrate/Glints2/dict_0007_0076" 11215
"/Engine/EngineMaterials/Substrate/Glints2/dict_0007_0075" 11216
"../../../Engine/Content/EngineMaterials/Substrate/Glints2/dict_0007_0109.uasset" 11217
"../../../Engine/Content/EngineMaterials/Substrate/Glints2/dict_0007_0114.uasset" 11218
"../../../Engine/Content/EngineMaterials/Substrate/Glints2/dict_0007_0108.uasset" 11219
"../../../Engine/Content/EngineMaterials/Substrate/Glints2/dict_0007_0119.uasset" 11220
"../../../Engine/Content/EngineMaterials/Substrate/Glints2/dict_0007_0118.uasset" 11221
"../../../Engine/Content/EngineMaterials/Substrate/Glints2/dict_0007_0120.uasset" 11222
"../../../Engine/Content/EngineMaterials/Substrate/Glints2/dict_0007_0116.uasset" 11223
"../../../Engine/Content/EngineMaterials/Substrate/Glints2/dict_0007_0124.uasset" 11224
"../../../Engine/Content/EngineMaterials/Substrate/Glints2/dict_0007_0107.uasset" 11225
"../../../Engine/Content/EngineMaterials/Substrate/Glints2/dict_0007_0110.uasset" 11226
"../../../Engine/Content/EngineMaterials/Substrate/Glints2/dict_0007_0125.uasset" 11227
"../../../Engine/Content/EngineMaterials/Substrate/Glints2/dict_0007_0112.uasset" 11228
"../../../Engine/Content/EngineMaterials/Substrate/Glints2/dict_0007_0111.uasset" 11229
"../../../Engine/Content/EngineMaterials/Substrate/Glints2/dict_0007_0123.uasset" 11230
"../../../Engine/Content/EngineMaterials/Substrate/Glints2/dict_0007_0126.uasset" 11231
"../../../Engine/Content/EngineMaterials/Substrate/Glints2/dict_0007_0121.uasset" 11232
"../../../Engine/Content/EngineMaterials/Substrate/Glints2/dict_0007_0113.uasset" 11233
"/Engine/EngineMaterials/Substrate/Glints2/dict_0007_0106" 11234
"../../../Engine/Content/EngineMaterials/Substrate/Glints2/dict_0007_0115.uasset" 11235
"../../../Engine/Content/EngineMaterials/Substrate/Glints2/dict_0007_0122.uasset" 11236
"../../../Engine/Content/EngineMaterials/Substrate/Glints2/dict_0007_0117.uasset" 11237
"/Engine/EngineMaterials/Substrate/Glints2/dict_0007_0105" 11238
"/Engine/EngineMaterials/Substrate/Glints2/dict_0007_0104" 11239
"/Engine/EngineMaterials/Substrate/Glints2/dict_0007_0103" 11240
"/Engine/EngineMaterials/Substrate/Glints2/dict_0007_0102" 11241
"/Engine/EngineMaterials/Substrate/Glints2/dict_0007_0101" 11242
"/Engine/EngineMaterials/Substrate/Glints2/dict_0007_0100" 11243
"/Engine/EngineMaterials/Substrate/Glints2/dict_0007_0099" 11244
"/Engine/EngineMaterials/Substrate/Glints2/dict_0007_0098" 11245
"/Engine/EngineMaterials/Substrate/Glints2/dict_0007_0097" 11246
"/Engine/EngineMaterials/Substrate/Glints2/dict_0007_0096" 11247
"/Engine/EngineMaterials/Substrate/Glints2/dict_0007_0095" 11248
"../../../Engine/Content/EngineMaterials/Substrate/Glints2/dict_0007_0127.uasset" 11249
"../../../Engine/Content/EngineMaterials/Substrate/Glints2/dict_0007_0129.uasset" 11250
"../../../Engine/Content/EngineMaterials/Substrate/Glints2/dict_0007_0128.uasset" 11251
"/Engine/EngineMaterials/Substrate/Glints2/dict_0007_0126" 11252
"../../../Engine/Content/EngineMaterials/Substrate/Glints2/dict_0007_0130.uasset" 11253
"../../../Engine/Content/EngineMaterials/Substrate/Glints2/dict_0007_0133.uasset" 11254
"../../../Engine/Content/EngineMaterials/Substrate/Glints2/dict_0007_0134.uasset" 11255
"../../../Engine/Content/EngineMaterials/Substrate/Glints2/dict_0007_0131.uasset" 11256
"../../../Engine/Content/EngineMaterials/Substrate/Glints2/dict_0007_0132.uasset" 11257
"../../../Engine/Content/EngineMaterials/Substrate/Glints2/dict_0007_0138.uasset" 11258
"../../../Engine/Content/EngineMaterials/Substrate/Glints2/dict_0007_0136.uasset" 11259
"../../../Engine/Content/EngineMaterials/Substrate/Glints2/dict_0007_0137.uasset" 11260
"../../../Engine/Content/EngineMaterials/Substrate/Glints2/dict_0007_0135.uasset" 11261
"/Engine/EngineMaterials/Substrate/Glints2/dict_0007_0125" 11262
"/Engine/EngineMaterials/Substrate/Glints2/dict_0007_0124" 11263
"/Engine/EngineMaterials/Substrate/Glints2/dict_0007_0123" 11264
"/Engine/EngineMaterials/Substrate/Glints2/dict_0007_0122" 11265
"/Engine/EngineMaterials/Substrate/Glints2/dict_0007_0121" 11266
"/Engine/EngineMaterials/Substrate/Glints2/dict_0007_0120" 11267
"/Engine/EngineMaterials/Substrate/Glints2/dict_0007_0119" 11268
"/Engine/EngineMaterials/Substrate/Glints2/dict_0007_0118" 11269
"/Engine/EngineMaterials/Substrate/Glints2/dict_0007_0117" 11270
"/Engine/EngineMaterials/Substrate/Glints2/dict_0007_0116" 11271
"/Engine/EngineMaterials/Substrate/Glints2/dict_0007_0115" 11272
"/Engine/EngineMaterials/Substrate/Glints2/dict_0007_0114" 11273
"/Engine/EngineMaterials/Substrate/Glints2/dict_0007_0113" 11274
"/Engine/EngineMaterials/Substrate/Glints2/dict_0007_0112" 11275
"/Engine/EngineMaterials/Substrate/Glints2/dict_0007_0111" 11276
"/Engine/EngineMaterials/Substrate/Glints2/dict_0007_0110" 11277
"/Engine/EngineMaterials/Substrate/Glints2/dict_0007_0109" 11278
"/Engine/EngineMaterials/Substrate/Glints2/dict_0007_0108" 11279
"/Engine/EngineMaterials/Substrate/Glints2/dict_0007_0107" 11280
"../../../Engine/Content/EngineMaterials/Substrate/Glints2/dict_0007_0140.uasset" 11281
"../../../Engine/Content/EngineMaterials/Substrate/Glints2/dict_0007_0139.uasset" 11282
"../../../Engine/Content/EngineMaterials/Substrate/Glints2/dict_0007_0144.uasset" 11283
"../../../Engine/Content/EngineMaterials/Substrate/Glints2/dict_0007_0142.uasset" 11284
"../../../Engine/Content/EngineMaterials/Substrate/Glints2/dict_0007_0141.uasset" 11285
"../../../Engine/Content/EngineMaterials/Substrate/Glints2/dict_0007_0143.uasset" 11286
"/Engine/EngineMaterials/Substrate/Glints2/dict_0007_0138" 11287
"../../../Engine/Content/EngineMaterials/Substrate/Glints2/dict_0007_0155.uasset" 11288
"../../../Engine/Content/EngineMaterials/Substrate/Glints2/dict_0007_0147.uasset" 11289
"../../../Engine/Content/EngineMaterials/Substrate/Glints2/dict_0007_0156.uasset" 11290
"../../../Engine/Content/EngineMaterials/Substrate/Glints2/dict_0007_0153.uasset" 11291
"../../../Engine/Content/EngineMaterials/Substrate/Glints2/dict_0007_0154.uasset" 11292
"../../../Engine/Content/EngineMaterials/Substrate/Glints2/dict_0007_0152.uasset" 11293
"../../../Engine/Content/EngineMaterials/Substrate/Glints2/dict_0007_0158.uasset" 11294
"../../../Engine/Content/EngineMaterials/Substrate/Glints2/dict_0007_0150.uasset" 11295
"../../../Engine/Content/EngineMaterials/Substrate/Glints2/dict_0007_0151.uasset" 11296
"../../../Engine/Content/EngineMaterials/Substrate/Glints2/dict_0007_0157.uasset" 11297
"../../../Engine/Content/EngineMaterials/Substrate/Glints2/dict_0007_0146.uasset" 11298
"../../../Engine/Content/EngineMaterials/Substrate/Glints2/dict_0007_0148.uasset" 11299
"/Engine/EngineMaterials/Substrate/Glints2/dict_0007_0137" 11300
"../../../Engine/Content/EngineMaterials/Substrate/Glints2/dict_0007_0149.uasset" 11301
"../../../Engine/Content/EngineMaterials/Substrate/Glints2/dict_0007_0145.uasset" 11302
"/Engine/EngineMaterials/Substrate/Glints2/dict_0007_0136" 11303
"/Engine/EngineMaterials/Substrate/Glints2/dict_0007_0135" 11304
"/Engine/EngineMaterials/Substrate/Glints2/dict_0007_0134" 11305
"/Engine/EngineMaterials/Substrate/Glints2/dict_0007_0133" 11306
"/Engine/EngineMaterials/Substrate/Glints2/dict_0007_0132" 11307
"/Engine/EngineMaterials/Substrate/Glints2/dict_0007_0131" 11308
"/Engine/EngineMaterials/Substrate/Glints2/dict_0007_0130" 11309
"/Engine/EngineMaterials/Substrate/Glints2/dict_0007_0129" 11310
"/Engine/EngineMaterials/Substrate/Glints2/dict_0007_0128" 11311
"/Engine/EngineMaterials/Substrate/Glints2/dict_0007_0127" 11312
"../../../Engine/Content/EngineMaterials/Substrate/Glints2/dict_0007_0166.uasset" 11313
"../../../Engine/Content/EngineMaterials/Substrate/Glints2/dict_0007_0162.uasset" 11314
"../../../Engine/Content/EngineMaterials/Substrate/Glints2/dict_0007_0159.uasset" 11315
"../../../Engine/Content/EngineMaterials/Substrate/Glints2/dict_0007_0164.uasset" 11316
"/Engine/EngineMaterials/Substrate/Glints2/dict_0007_0158" 11317
"../../../Engine/Content/EngineMaterials/Substrate/Glints2/dict_0007_0161.uasset" 11318
"../../../Engine/Content/EngineMaterials/Substrate/Glints2/dict_0007_0170.uasset" 11319
"../../../Engine/Content/EngineMaterials/Substrate/Glints2/dict_0007_0163.uasset" 11320
"../../../Engine/Content/EngineMaterials/Substrate/Glints2/dict_0007_0165.uasset" 11321
"../../../Engine/Content/EngineMaterials/Substrate/Glints2/dict_0007_0168.uasset" 11322
"../../../Engine/Content/EngineMaterials/Substrate/Glints2/dict_0007_0167.uasset" 11323
"../../../Engine/Content/EngineMaterials/Substrate/Glints2/dict_0007_0160.uasset" 11324
"../../../Engine/Content/EngineMaterials/Substrate/Glints2/dict_0007_0169.uasset" 11325
"/Engine/EngineMaterials/Substrate/Glints2/dict_0007_0157" 11326
"/Engine/EngineMaterials/Substrate/Glints2/dict_0007_0156" 11327
"/Engine/EngineMaterials/Substrate/Glints2/dict_0007_0155" 11328
"/Engine/EngineMaterials/Substrate/Glints2/dict_0007_0154" 11329
"/Engine/EngineMaterials/Substrate/Glints2/dict_0007_0153" 11330
"/Engine/EngineMaterials/Substrate/Glints2/dict_0007_0152" 11331
"/Engine/EngineMaterials/Substrate/Glints2/dict_0007_0151" 11332
"/Engine/EngineMaterials/Substrate/Glints2/dict_0007_0150" 11333
"/Engine/EngineMaterials/Substrate/Glints2/dict_0007_0149" 11334
"/Engine/EngineMaterials/Substrate/Glints2/dict_0007_0148" 11335
"/Engine/EngineMaterials/Substrate/Glints2/dict_0007_0147" 11336
"/Engine/EngineMaterials/Substrate/Glints2/dict_0007_0146" 11337
"/Engine/EngineMaterials/Substrate/Glints2/dict_0007_0145" 11338
"/Engine/EngineMaterials/Substrate/Glints2/dict_0007_0144" 11339
"/Engine/EngineMaterials/Substrate/Glints2/dict_0007_0143" 11340
"/Engine/EngineMaterials/Substrate/Glints2/dict_0007_0142" 11341
"/Engine/EngineMaterials/Substrate/Glints2/dict_0007_0141" 11342
"/Engine/EngineMaterials/Substrate/Glints2/dict_0007_0140" 11343
"/Engine/EngineMaterials/Substrate/Glints2/dict_0007_0139" 11344
"../../../Engine/Content/EngineMaterials/Substrate/Glints2/dict_0007_0171.uasset" 11345
"../../../Engine/Content/EngineMaterials/Substrate/Glints2/dict_0007_0172.uasset" 11346
"../../../Engine/Content/EngineMaterials/Substrate/Glints2/dict_0007_0174.uasset" 11347
"../../../Engine/Content/EngineMaterials/Substrate/Glints2/dict_0007_0173.uasset" 11348
"../../../Engine/Content/EngineMaterials/Substrate/Glints2/dict_0007_0178.uasset" 11349
"../../../Engine/Content/EngineMaterials/Substrate/Glints2/dict_0007_0176.uasset" 11350
"/Engine/EngineMaterials/Substrate/Glints2/dict_0007_0170" 11351
"../../../Engine/Content/EngineMaterials/Substrate/Glints2/dict_0007_0182.uasset" 11352
"../../../Engine/Content/EngineMaterials/Substrate/Glints2/dict_0007_0187.uasset" 11353
"../../../Engine/Content/EngineMaterials/Substrate/Glints2/dict_0007_0184.uasset" 11354
"../../../Engine/Content/EngineMaterials/Substrate/Glints2/dict_0007_0185.uasset" 11355
"../../../Engine/Content/EngineMaterials/Substrate/Glints2/dict_0007_0186.uasset" 11356
"../../../Engine/Content/EngineMaterials/Substrate/Glints2/dict_0007_0175.uasset" 11357
"../../../Engine/Content/EngineMaterials/Substrate/Glints2/dict_0007_0190.uasset" 11358
"../../../Engine/Content/EngineMaterials/Substrate/Glints2/dict_0007_0188.uasset" 11359
"../../../Engine/Content/EngineMaterials/Substrate/Glints2/dict_0007_0183.uasset" 11360
"../../../Engine/Content/EngineMaterials/Substrate/Glints2/dict_0007_0189.uasset" 11361
"../../../Engine/Content/EngineMaterials/Substrate/Glints2/dict_0007_0179.uasset" 11362
"../../../Engine/Content/EngineMaterials/Substrate/Glints2/dict_0007_0177.uasset" 11363
"../../../Engine/Content/EngineMaterials/Substrate/Glints2/dict_0007_0181.uasset" 11364
"../../../Engine/Content/EngineMaterials/Substrate/Glints2/dict_0007_0180.uasset" 11365
"/Engine/EngineMaterials/Substrate/Glints2/dict_0007_0169" 11366
"/Engine/EngineMaterials/Substrate/Glints2/dict_0007_0168" 11367
"/Engine/EngineMaterials/Substrate/Glints2/dict_0007_0167" 11368
"/Engine/EngineMaterials/Substrate/Glints2/dict_0007_0166" 11369
"/Engine/EngineMaterials/Substrate/Glints2/dict_0007_0165" 11370
"/Engine/EngineMaterials/Substrate/Glints2/dict_0007_0164" 11371
"/Engine/EngineMaterials/Substrate/Glints2/dict_0007_0163" 11372
"/Engine/EngineMaterials/Substrate/Glints2/dict_0007_0162" 11373
"/Engine/EngineMaterials/Substrate/Glints2/dict_0007_0161" 11374
"/Engine/EngineMaterials/Substrate/Glints2/dict_0007_0160" 11375
"/Engine/EngineMaterials/Substrate/Glints2/dict_0007_0159" 11376
"../../../Engine/Content/EngineMaterials/Substrate/Glints2/dict_0007_0193.uasset" 11377
"../../../Engine/Content/EngineMaterials/Substrate/Glints2/dict_0007_0191.uasset" 11378
"../../../Engine/Content/EngineMaterials/Substrate/Glints2/dict_0007_0192.uasset" 11379
"../../../Engine/Content/EngineMaterials/Substrate/Glints2/dict_0007_0194.uasset" 11380
"../../../Engine/Content/EngineMaterials/Substrate/Glints2/dict_0007_0195.uasset" 11381
"../../../Engine/Content/EngineMaterials/Substrate/Glints2/dict_0007_0198.uasset" 11382
"../../../Engine/Content/EngineMaterials/Substrate/Glints2/dict_0007_0200.uasset" 11383
"../../../Engine/Content/EngineMaterials/Substrate/Glints2/dict_0007_0196.uasset" 11384
"/Engine/EngineMaterials/Substrate/Glints2/dict_0007_0190" 11385
"../../../Engine/Content/EngineMaterials/Substrate/Glints2/dict_0007_0197.uasset" 11386
"../../../Engine/Content/EngineMaterials/Substrate/Glints2/dict_0007_0202.uasset" 11387
"../../../Engine/Content/EngineMaterials/Substrate/Glints2/dict_0007_0199.uasset" 11388
"../../../Engine/Content/EngineMaterials/Substrate/Glints2/dict_0007_0201.uasset" 11389
"/Engine/EngineMaterials/Substrate/Glints2/dict_0007_0189" 11390
"/Engine/EngineMaterials/Substrate/Glints2/dict_0007_0188" 11391
"/Engine/EngineMaterials/Substrate/Glints2/dict_0007_0187" 11392
"/Engine/EngineMaterials/Substrate/Glints2/dict_0007_0186" 11393
"/Engine/EngineMaterials/Substrate/Glints2/dict_0007_0185" 11394
"/Engine/EngineMaterials/Substrate/Glints2/dict_0007_0184" 11395
"/Engine/EngineMaterials/Substrate/Glints2/dict_0007_0183" 11396
"/Engine/EngineMaterials/Substrate/Glints2/dict_0007_0182" 11397
"/Engine/EngineMaterials/Substrate/Glints2/dict_0007_0181" 11398
"/Engine/EngineMaterials/Substrate/Glints2/dict_0007_0180" 11399
"/Engine/EngineMaterials/Substrate/Glints2/dict_0007_0179" 11400
"/Engine/EngineMaterials/Substrate/Glints2/dict_0007_0178" 11401
"/Engine/EngineMaterials/Substrate/Glints2/dict_0007_0177" 11402
"/Engine/EngineMaterials/Substrate/Glints2/dict_0007_0176" 11403
"/Engine/EngineMaterials/Substrate/Glints2/dict_0007_0175" 11404
"/Engine/EngineMaterials/Substrate/Glints2/dict_0007_0174" 11405
"/Engine/EngineMaterials/Substrate/Glints2/dict_0007_0173" 11406
"/Engine/EngineMaterials/Substrate/Glints2/dict_0007_0172" 11407
"/Engine/EngineMaterials/Substrate/Glints2/dict_0007_0171" 11408
"../../../Engine/Content/EngineMaterials/Substrate/Glints2/dict_0007_0203.uasset" 11409
"../../../Engine/Content/EngineMaterials/Substrate/Glints2/dict_0007_0204.uasset" 11410
"../../../Engine/Content/EngineMaterials/Substrate/Glints2/dict_0007_0206.uasset" 11411
"../../../Engine/Content/EngineMaterials/Substrate/Glints2/dict_0007_0208.uasset" 11412
"../../../Engine/Content/EngineMaterials/Substrate/Glints2/dict_0007_0209.uasset" 11413
"../../../Engine/Content/EngineMaterials/Substrate/Glints2/dict_0007_0205.uasset" 11414
"/Engine/EngineMaterials/Substrate/Glints2/dict_0007_0202" 11415
"../../../Engine/Content/EngineMaterials/Substrate/Glints2/dict_0007_0207.uasset" 11416
"../../../Engine/Content/EngineMaterials/Substrate/Glints2/dict_0007_0219.uasset" 11417
"../../../Engine/Content/EngineMaterials/Substrate/Glints2/dict_0007_0221.uasset" 11418
"../../../Engine/Content/EngineMaterials/Substrate/Glints2/dict_0007_0215.uasset" 11419
"../../../Engine/Content/EngineMaterials/Substrate/Glints2/dict_0007_0216.uasset" 11420
"../../../Engine/Content/EngineMaterials/Substrate/Glints2/dict_0007_0220.uasset" 11421
"../../../Engine/Content/EngineMaterials/Substrate/Glints2/dict_0007_0218.uasset" 11422
"../../../Engine/Content/EngineMaterials/Substrate/Glints2/dict_0007_0222.uasset" 11423
"../../../Engine/Content/EngineMaterials/Substrate/Glints2/dict_0007_0210.uasset" 11424
"../../../Engine/Content/EngineMaterials/Substrate/Glints2/dict_0007_0217.uasset" 11425
"../../../Engine/Content/EngineMaterials/Substrate/Glints2/dict_0007_0214.uasset" 11426
"../../../Engine/Content/EngineMaterials/Substrate/Glints2/dict_0007_0211.uasset" 11427
"../../../Engine/Content/EngineMaterials/Substrate/Glints2/dict_0007_0213.uasset" 11428
"../../../Engine/Content/EngineMaterials/Substrate/Glints2/dict_0007_0212.uasset" 11429
"/Engine/EngineMaterials/Substrate/Glints2/dict_0007_0201" 11430
"/Engine/EngineMaterials/Substrate/Glints2/dict_0007_0200" 11431
"/Engine/EngineMaterials/Substrate/Glints2/dict_0007_0199" 11432
"/Engine/EngineMaterials/Substrate/Glints2/dict_0007_0198" 11433
"/Engine/EngineMaterials/Substrate/Glints2/dict_0007_0197" 11434
"/Engine/EngineMaterials/Substrate/Glints2/dict_0007_0196" 11435
"/Engine/EngineMaterials/Substrate/Glints2/dict_0007_0195" 11436
"/Engine/EngineMaterials/Substrate/Glints2/dict_0007_0194" 11437
"/Engine/EngineMaterials/Substrate/Glints2/dict_0007_0193" 11438
"/Engine/EngineMaterials/Substrate/Glints2/dict_0007_0192" 11439
"/Engine/EngineMaterials/Substrate/Glints2/dict_0007_0191" 11440
"../../../Engine/Content/EngineMaterials/Substrate/Glints2/dict_0007_0223.uasset" 11441
"../../../Engine/Content/EngineMaterials/Substrate/Glints2/dict_0007_0224.uasset" 11442
"../../../Engine/Content/EngineMaterials/Substrate/Glints2/dict_0007_0225.uasset" 11443
"../../../Engine/Content/EngineMaterials/Substrate/Glints2/dict_0007_0226.uasset" 11444
"../../../Engine/Content/EngineMaterials/Substrate/Glints2/dict_0007_0227.uasset" 11445
"../../../Engine/Content/EngineMaterials/Substrate/Glints2/dict_0007_0232.uasset" 11446
"/Engine/EngineMaterials/Substrate/Glints2/dict_0007_0222" 11447
"../../../Engine/Content/EngineMaterials/Substrate/Glints2/dict_0007_0230.uasset" 11448
"../../../Engine/Content/EngineMaterials/Substrate/Glints2/dict_0007_0228.uasset" 11449
"../../../Engine/Content/EngineMaterials/Substrate/Glints2/dict_0007_0233.uasset" 11450
"../../../Engine/Content/EngineMaterials/Substrate/Glints2/dict_0007_0231.uasset" 11451
"../../../Engine/Content/EngineMaterials/Substrate/Glints2/dict_0007_0234.uasset" 11452
"../../../Engine/Content/EngineMaterials/Substrate/Glints2/dict_0007_0229.uasset" 11453
"/Engine/EngineMaterials/Substrate/Glints2/dict_0007_0221" 11454
"/Engine/EngineMaterials/Substrate/Glints2/dict_0007_0220" 11455
"/Engine/EngineMaterials/Substrate/Glints2/dict_0007_0219" 11456
"/Engine/EngineMaterials/Substrate/Glints2/dict_0007_0218" 11457
"/Engine/EngineMaterials/Substrate/Glints2/dict_0007_0217" 11458
"/Engine/EngineMaterials/Substrate/Glints2/dict_0007_0216" 11459
"/Engine/EngineMaterials/Substrate/Glints2/dict_0007_0215" 11460
"/Engine/EngineMaterials/Substrate/Glints2/dict_0007_0214" 11461
"/Engine/EngineMaterials/Substrate/Glints2/dict_0007_0213" 11462
"/Engine/EngineMaterials/Substrate/Glints2/dict_0007_0212" 11463
"/Engine/EngineMaterials/Substrate/Glints2/dict_0007_0211" 11464
"/Engine/EngineMaterials/Substrate/Glints2/dict_0007_0210" 11465
"/Engine/EngineMaterials/Substrate/Glints2/dict_0007_0209" 11466
"/Engine/EngineMaterials/Substrate/Glints2/dict_0007_0208" 11467
"/Engine/EngineMaterials/Substrate/Glints2/dict_0007_0207" 11468
"/Engine/EngineMaterials/Substrate/Glints2/dict_0007_0206" 11469
"/Engine/EngineMaterials/Substrate/Glints2/dict_0007_0205" 11470
"/Engine/EngineMaterials/Substrate/Glints2/dict_0007_0204" 11471
"/Engine/EngineMaterials/Substrate/Glints2/dict_0007_0203" 11472
"../../../Engine/Content/EngineMaterials/Substrate/Glints2/dict_0007_0235.uasset" 11473
"../../../Engine/Content/EngineMaterials/Substrate/Glints2/dict_0007_0236.uasset" 11474
"../../../Engine/Content/EngineMaterials/Substrate/Glints2/dict_0007_0237.uasset" 11475
"../../../Engine/Content/EngineMaterials/Substrate/Glints2/dict_0007_0238.uasset" 11476
"../../../Engine/Content/EngineMaterials/Substrate/Glints2/dict_0007_0242.uasset" 11477
"../../../Engine/Content/EngineMaterials/Substrate/Glints2/dict_0007_0239.uasset" 11478
"../../../Engine/Content/EngineMaterials/Substrate/Glints2/dict_0007_0243.uasset" 11479
"../../../Engine/Content/EngineMaterials/Substrate/Glints2/dict_0007_0247.uasset" 11480
"../../../Engine/Content/EngineMaterials/Substrate/Glints2/dict_0007_0251.uasset" 11481
"../../../Engine/Content/EngineMaterials/Substrate/Glints2/dict_0007_0252.uasset" 11482
"../../../Engine/Content/EngineMaterials/Substrate/Glints2/dict_0007_0244.uasset" 11483
"../../../Engine/Content/EngineMaterials/Substrate/Glints2/dict_0007_0248.uasset" 11484
"../../../Engine/Content/EngineMaterials/Substrate/Glints2/dict_0007_0240.uasset" 11485
"../../../Engine/Content/EngineMaterials/Substrate/Glints2/dict_0007_0249.uasset" 11486
"../../../Engine/Content/EngineMaterials/Substrate/Glints2/dict_0007_0253.uasset" 11487
"../../../Engine/Content/EngineMaterials/Substrate/Glints2/dict_0007_0246.uasset" 11488
"/Engine/EngineMaterials/Substrate/Glints2/dict_0007_0234" 11489
"../../../Engine/Content/EngineMaterials/Substrate/Glints2/dict_0007_0250.uasset" 11490
"../../../Engine/Content/EngineMaterials/Substrate/Glints2/dict_0007_0245.uasset" 11491
"../../../Engine/Content/EngineMaterials/Substrate/Glints2/dict_0007_0241.uasset" 11492
"../../../Engine/Content/EngineMaterials/Substrate/Glints2/dict_0007_0254.uasset" 11493
"/Engine/EngineMaterials/Substrate/Glints2/dict_0007_0233" 11494
"/Engine/EngineMaterials/Substrate/Glints2/dict_0007_0232" 11495
"/Engine/EngineMaterials/Substrate/Glints2/dict_0007_0231" 11496
"/Engine/EngineMaterials/Substrate/Glints2/dict_0007_0230" 11497
"/Engine/EngineMaterials/Substrate/Glints2/dict_0007_0229" 11498
"/Engine/EngineMaterials/Substrate/Glints2/dict_0007_0228" 11499
"/Engine/EngineMaterials/Substrate/Glints2/dict_0007_0227" 11500
"/Engine/EngineMaterials/Substrate/Glints2/dict_0007_0226" 11501
"/Engine/EngineMaterials/Substrate/Glints2/dict_0007_0225" 11502
"/Engine/EngineMaterials/Substrate/Glints2/dict_0007_0224" 11503
"/Engine/EngineMaterials/Substrate/Glints2/dict_0007_0223" 11504
"/Engine/EngineMaterials/Substrate/Glints2/dict_0007_0235" 11505
"../../../Engine/Content/EngineMaterials/Substrate/Glints2/AGlintTex2dArray2.uasset" 11506
"../../../Engine/Content/EngineMaterials/Substrate/Volume/SubstrateSimpleVolumeLUT2D.uasset" 11507
"../../../Engine/Content/EngineMaterials/Substrate/Volume/SubstrateSimpleVolumeLUT3D.uasset" 11508
"../../../Engine/Content/EngineMaterials/Substrate/Volume/SubstrateSimpleVolumeEnvLUT2D.uasset" 11509
"../../../Engine/Content/EngineMaterials/Substrate/Volume/SubstrateSimpleVolumeEnvLUT3D.uasset" 11510
"../../../Engine/Content/EngineMaterials/DefaultCalibrationGrayscale.uasset" 11511
"../../../Engine/Content/EngineMaterials/Substrate/Glints2/dict_0007_0255.uasset" 11512
"../../../Engine/Content/EngineMaterials/DefaultCalibrationColor.uasset" 11513
"../../../Engine/Content/EngineMaterials/PPM_DefaultCalibrationColor.uasset" 11514
"/Engine/EngineMaterials/Substrate/Glints2/dict_0007_0254" 11515
"../../../Engine/Content/EngineMaterials/PPM_DefaultCalibrationGrayscale.uasset" 11516
"../../../Engine/Plugins/Interchange/Assets/Content/Functions/MX_Surface.uasset" 11517
"../../../Engine/Content/Functions/MaterialLayerFunctions/MatLayerBlend_OverrideOpacity.uasset" 11518
"../../../Engine/Content/MobileResources/HUD/DefaultVirtualJoysticks.uasset" 11519
"/Engine/EngineMaterials/Substrate/Glints2/dict_0007_0253" 11520
"/Engine/EngineMaterials/Substrate/Glints2/dict_0007_0252" 11521
"/Engine/EngineMaterials/Substrate/Glints2/dict_0007_0251" 11522
"/Engine/EngineMaterials/Substrate/Glints2/dict_0007_0250" 11523
"/Engine/EngineMaterials/Substrate/Glints2/dict_0007_0249" 11524
"/Engine/EngineMaterials/Substrate/Glints2/dict_0007_0248" 11525
"/Engine/EngineMaterials/Substrate/Glints2/dict_0007_0247" 11526
"/Engine/EngineMaterials/Substrate/Glints2/dict_0007_0246" 11527
"/Engine/EngineMaterials/Substrate/Glints2/dict_0007_0245" 11528
"/Engine/EngineMaterials/Substrate/Glints2/dict_0007_0244" 11529
"/Engine/EngineMaterials/Substrate/Glints2/dict_0007_0243" 11530
"/Engine/EngineMaterials/Substrate/Glints2/dict_0007_0242" 11531
"/Engine/EngineMaterials/Substrate/Glints2/dict_0007_0241" 11532
"/Engine/EngineMaterials/Substrate/Glints2/dict_0007_0240" 11533
"/Engine/EngineMaterials/Substrate/Glints2/dict_0007_0239" 11534
"/Engine/EngineMaterials/Substrate/Glints2/dict_0007_0238" 11535
"/Engine/EngineMaterials/Substrate/Glints2/dict_0007_0237" 11536
"/Engine/EngineMaterials/Substrate/Glints2/dict_0007_0236" 11537
"../../../Engine/Plugins/Interchange/Assets/Content/Functions/MX_Displacement.uasset" 11538
"../../../Engine/Content/Functions/Engine_MaterialFunctions03/Procedurals/HeightToNormalSmooth.uasset" 11539
"../../../Engine/Plugins/NNE/NNEDenoiser/Content/NNEDOM_Output_Alpha.uasset" 11540
"../../../Engine/Plugins/NNE/NNEDenoiser/Content/NNEDIM_HighQuality_Alpha.uasset" 11541
"../../../Engine/Plugins/NNE/NNEDenoiser/Content/NNEDIM_HighQuality_Default.uasset" 11542
"../../../Engine/Plugins/NNE/NNEDenoiser/Content/NNEDIM_ColorAlbedoNormal_Default.uasset" 11543
"../../../Engine/Plugins/NNE/NNEDenoiser/Content/NNEDIM_ColorAlbedoNormal_Alpha.uasset" 11544
"../../../Engine/Plugins/NNE/NNEDenoiser/Content/NNED_Oidn2-3_Balanced.uasset" 11545
"../../../Engine/Plugins/NNE/NNEDenoiser/Content/NNEDT_Oidn2-3_Balanced.uasset" 11546
"/InterchangeAssets/Functions/MX_Surface" 11547
"../../../Engine/Plugins/NNE/NNEDenoiser/Content/NNEDT_Oidn2-3_Balanced_Alpha.uasset" 11548
"../../../Engine/Plugins/NNE/NNEDenoiser/Content/NNEDTIM_ColorAlbedoNormal_Alpha.uasset" 11549
"../../../Engine/Plugins/NNE/NNEDenoiser/Content/NNEDTOM_Output_Default.uasset" 11550
"../../../Engine/Plugins/NNE/NNEDenoiser/Content/NNEDTIM_ColorAlbedoNormal_Default.uasset" 11551
"../../../Engine/Plugins/NNE/NNEDenoiser/Content/NNEDTOM_Output_Alpha.uasset" 11552
"../../../Engine/Content/Functions/Engine_MaterialFunctions02/Utility/BlendAngleCorrectedNormals.uasset" 11553
"../../../Engine/Plugins/NNE/NNEDenoiser/Content/NNEDOM_Output_Default.uasset" 11554
"../../../Engine/Plugins/NNE/NNEDenoiser/Content/NNED_Oidn2-3_Fast_Alpha.uasset" 11555
"../../../Engine/Plugins/NNE/NNEDenoiser/Content/NNED_Oidn2-3_Fast.uasset" 11556
"../../../Engine/Plugins/NNE/NNEDenoiser/Content/NNED_Oidn2-3_Balanced_Alpha.uasset" 11557
"/Engine/EngineMaterials/PPM_DefaultCalibrationGrayscale" 11558
"/Engine/EngineMaterials/PPM_DefaultCalibrationColor" 11559
"/Engine/MobileResources/HUD/DefaultVirtualJoysticks" 11560
"/Engine/EngineMaterials/Substrate/Volume/SubstrateSimpleVolumeEnvLUT3D" 11561
"/Engine/EngineMaterials/Substrate/Volume/SubstrateSimpleVolumeLUT3D" 11562
"/Engine/EngineMaterials/Substrate/Glints2/AGlintTex2dArray2" 11563
"../../../Engine/Plugins/NNE/NNEDenoiser/Content/NNED_Oidn2-3_HighQuality_Alpha.uasset" 11564
"../../../Engine/Plugins/NNE/NNEDenoiser/Content/NNE_oidn2-3-0_rt_hdr_alb_nrm_small__dyn__fp16_opset11_ForwardAlpha.uasset" 11565
"../../../Engine/Plugins/NNE/NNEDenoiser/Content/NNE_oidn2-3-0_rt_hdr_alb_nrm__dyn__fp16_opset11_ForwardAlpha.uasset" 11566
"/NNEDenoiser/NNED_Oidn2-3_Fast_Alpha" 11567
"../../../Engine/Plugins/NNE/NNEDenoiser/Content/NNE_oidn2-3-0_rt_hdr_calb_cnrm_large__dyn__fp16_opset11_DenoiseAlpha.uasset" 11568
"../../../Engine/Plugins/NNE/NNEDenoiser/Content/NNE_oidn2-3-0_rt_hdr_calb_cnrm_large__dyn__fp16_opset11_ForwardAlpha.uasset" 11569
"../../../Engine/Plugins/NNE/NNEDenoiser/Content/NNE_oidn2-3-0_rt_hdr_alb_nrm_small__dyn__fp16_opset11_DenoiseAlpha.uasset" 11570
"../../../Engine/Plugins/NNE/NNEDenoiser/Content/NNE_oidn2-3-0_rt_hdr_alb_nrm__dyn__fp16_opset11_DenoiseAlpha.uasset" 11571
"../../../Engine/Plugins/NNE/NNEDenoiser/Content/NNED_Oidn2-3_HighQuality.uasset" 11572
"/NNEDenoiser/NNED_Oidn2-3_Fast" 11573
"/NNEDenoiser/NNED_Oidn2-3_Balanced_Alpha" 11574
"/NNEDenoiser/NNED_Oidn2-3_Balanced" 11575
"/NNEDenoiser/NNEDT_Oidn2-3_Balanced_Alpha" 11576
"/NNEDenoiser/NNEDT_Oidn2-3_Balanced" 11577
"/NNEDenoiser/NNEDTOM_Output_Default" 11578
"/NNEDenoiser/NNEDTOM_Output_Alpha" 11579
"/NNEDenoiser/NNEDTIM_ColorAlbedoNormal_Default" 11580
"/NNEDenoiser/NNEDTIM_ColorAlbedoNormal_Alpha" 11581
"/NNEDenoiser/NNEDOM_Output_Default" 11582
"/NNEDenoiser/NNEDOM_Output_Alpha" 11583
"/NNEDenoiser/NNEDIM_HighQuality_Default" 11584
"/NNEDenoiser/NNEDIM_HighQuality_Alpha" 11585
"/NNEDenoiser/NNEDIM_ColorAlbedoNormal_Default" 11586
"/NNEDenoiser/NNEDIM_ColorAlbedoNormal_Alpha" 11587
"/InterchangeAssets/Functions/MX_Displacement" 11588
"/NNEDenoiser/NNE_oidn2-3-0_rt_hdr_calb_cnrm_large__dyn__fp16_opset11_ForwardAlpha" 11589
"/NNEDenoiser/NNE_oidn2-3-0_rt_hdr_calb_cnrm_large__dyn__fp16_opset11_DenoiseAlpha" 11590
"/NNEDenoiser/NNE_oidn2-3-0_rt_hdr_alb_nrm__dyn__fp16_opset11_ForwardAlpha" 11591
"/NNEDenoiser/NNE_oidn2-3-0_rt_hdr_alb_nrm__dyn__fp16_opset11_DenoiseAlpha" 11592
"/NNEDenoiser/NNE_oidn2-3-0_rt_hdr_alb_nrm_small__dyn__fp16_opset11_ForwardAlpha" 11593
"/NNEDenoiser/NNE_oidn2-3-0_rt_hdr_alb_nrm_small__dyn__fp16_opset11_DenoiseAlpha" 11594
"/NNEDenoiser/NNED_Oidn2-3_HighQuality_Alpha" 11595
"/NNEDenoiser/NNED_Oidn2-3_HighQuality" 11596
"C:/Users/maria/Desktop/proyecto II/AtaqueGamba/Intermediate/ORTOptimizerPass_Optimized08948C334AC0BE239F31D5B097482BCB.onnx" 11597
"C:/Users/maria/Desktop/proyecto II/AtaqueGamba/Intermediate/ORTOptimizerPass_Optimized0B6B2F034FEFFD1B0C8FAFBDD42B4F62.onnx" 11598
"C:/Users/maria/Desktop/proyecto II/AtaqueGamba/Intermediate/ORTOptimizerPass_OptimizedFA993F634D39B3901A7DA0B25059637F.onnx" 11599
"C:/Users/maria/Desktop/proyecto II/AtaqueGamba/Intermediate/ORTOptimizerPass_OptimizedC773630F408FAA698678A391983080C8.onnx" 11600
"C:/Users/maria/Desktop/proyecto II/AtaqueGamba/Intermediate/ORTOptimizerPass_OptimizedDF1969AD4216537E842A01B652EDD475.onnx" 11601
"C:/Users/maria/Desktop/proyecto II/AtaqueGamba/Intermediate/ORTOptimizerPass_Optimized6BAED8DB480861EAB5A29F9ED7AE3402.onnx" 11602
"C:/Users/maria/Desktop/proyecto II/AtaqueGamba/Intermediate/ORTOptimizerPass_Optimized5F131DDB4DDC202EFB53919D9ED80CAF.onnx" 11603
"C:/Users/maria/Desktop/proyecto II/AtaqueGamba/Intermediate/ORTOptimizerPass_OptimizedDB90E84F4AB015351923B1AAC63AB09B.onnx" 11604
"C:/Users/maria/Desktop/proyecto II/AtaqueGamba/Intermediate/ORTOptimizerPass_Optimized2304CEE04CAD17FA19C5689DACA6053F.onnx" 11605
"C:/Users/maria/Desktop/proyecto II/AtaqueGamba/Intermediate/ORTOptimizerPass_Optimized19C077C64D5F360F4BE078A536735239.onnx" 11606
"C:/Users/maria/Desktop/proyecto II/AtaqueGamba/Intermediate/ORTOptimizerPass_OptimizedB29F29A446738BA8DCC739B2CC358C16.onnx" 11607
"C:/Users/maria/Desktop/proyecto II/AtaqueGamba/Intermediate/ORTOptimizerPass_OptimizedDFCD372A46B4EC13274EA595C2C8F5E7.onnx" 11608
"C:/Users/maria/Desktop/proyecto II/AtaqueGamba/DerivedDataCache/VT/TEXTURE_7C16439390E24F1F9468894FB4D4BC55_VTCHUNK44B429B40BB45A070EB17C1259C28734996A2F49" 11609
"C:/Users/maria/Desktop/proyecto II/AtaqueGamba/DerivedDataCache/VT/TEXTURE_7C16439390E24F1F9468894FB4D4BC55_VTCHUNK967C747FFC357A828288FA05D93CD5DCECDA891B" 11610
"C:/Users/maria/Desktop/proyecto II/AtaqueGamba/DerivedDataCache/VT/TEXTURE_7C16439390E24F1F9468894FB4D4BC55_VTCHUNK2A5F9F60441DA258D18B46D59C64D5BAD50E8EE3" 11611
"C:/Users/maria/Desktop/proyecto II/AtaqueGamba/DerivedDataCache/VT/TEXTURE_7C16439390E24F1F9468894FB4D4BC55_VTCHUNKC0393DE8C5B4673D99D1BECB92AA8C1F72FEB491" 11612
"C:/Users/maria/Desktop/proyecto II/AtaqueGamba/DerivedDataCache/VT/TEXTURE_7C16439390E24F1F9468894FB4D4BC55_VTCHUNK02D4C3BCAD7DFA48AB32B8281FB06B8B83DB6275" 11613
"../../../Engine/Content/EditorResources/BSPVertex.uasset" 11614
"../../../Engine/Content/EngineMaterials/DefaultBloomKernel.uasset" 11615
"../../../Engine/Content/EngineDebugMaterials/DebugEditorMaterial.uasset" 11616
"../../../Engine/Content/EngineMaterials/FastBlueNoise_scalar_128x128x64.uasset" 11617
"../../../Engine/Content/EngineResources/FilmGrains/Marcie_Grain_v3_128_M2_000.uasset" 11618
"../../../Engine/Content/EngineMaterials/FastBlueNoise_vec2_128x128x64.uasset" 11619
"../../../Engine/Content/EngineMaterials/FastBlueNoise_scalar_128x128x8.uasset" 11620
"../../../Engine/Content/EngineMaterials/EnergyConservation/Sheen_Energy.uasset" 11621
"../../../Engine/Plugins/Interchange/Runtime/Content/Pipelines/DefaultGLTFPipeline.uasset" 11622
"../../../Engine/Plugins/Interchange/Runtime/Content/Pipelines/DefaultGLTFAssetsPipeline.uasset" 11623
"../../../Engine/Plugins/Interchange/Runtime/Content/Pipelines/DefaultTexturePipeline.uasset" 11624
"../../../Engine/Plugins/Interchange/Runtime/Content/Pipelines/DefaultMaterialPipeline.uasset" 11625
"/Engine/EngineDebugMaterials/DebugEditorMaterial" 11626
"../../../Engine/Plugins/Interchange/Runtime/Content/Pipelines/DefaultAssetsPipeline.uasset" 11627
"../../../Engine/Content/EngineResources/Development/ZenLogo_64.uasset" 11628
"../../../Engine/Plugins/Interchange/Assets/Content/Functions/MX_UsdPreviewSurface.uasset" 11629
"../../../Engine/Plugins/Interchange/Assets/Content/Functions/MX_SurfaceUnlit.uasset" 11630
"../../../Engine/Plugins/Interchange/Assets/Content/Functions/MX_DielectricBSDF.uasset" 11631
"../../../Engine/Plugins/Interchange/Runtime/Content/Pipelines/DefaultSceneAssetsPipeline.uasset" 11632
"../../../Engine/Plugins/Interchange/Runtime/Content/Pipelines/DefaultMaterialXPipeline.uasset" 11633
"../../../Engine/Plugins/Interchange/Assets/Content/Functions/MX_ConductorBSDF.uasset" 11634
"../../../Engine/Content/EngineMaterials/LTC/Sheen_LTC.uasset" 11635
"../../../Engine/Plugins/Interchange/Runtime/Content/Pipelines/DefaultSceneLevelPipeline.uasset" 11636
"../../../Engine/Plugins/Interchange/Assets/Content/Functions/MX_OrenNayarBSDF.uasset" 11637
"../../../Engine/Plugins/Interchange/Runtime/Content/Pipelines/DefaultGLTFSceneAssetsPipeline.uasset" 11638
"../../../Engine/Plugins/Interchange/Assets/Content/Functions/MX_TranslucentBSDF.uasset" 11639
"../../../Engine/Plugins/Interchange/Assets/Content/Functions/MX_BurleyDiffuseBSDF.uasset" 11640
"../../../Engine/Content/EngineMaterials/EnergyConservation/Diffuse_Energy.uasset" 11641
"/Engine/EngineMaterials/DefaultBloomKernel" 11642
"/Engine/EditorResources/BSPVertex" 11643
"/InterchangeAssets/Functions/MX_ConductorBSDF" 11644
"/InterchangeAssets/Functions/MX_DielectricBSDF" 11645
"/InterchangeAssets/Functions/MX_TranslucentBSDF" 11646
"/InterchangeAssets/Functions/MX_BurleyDiffuseBSDF" 11647
"/InterchangeAssets/Functions/MX_OrenNayarBSDF" 11648
"/Engine/EngineMaterials/FastBlueNoise_vec2_128x128x64" 11649
"/Engine/EngineMaterials/FastBlueNoise_scalar_128x128x8" 11650
"/Engine/EngineMaterials/FastBlueNoise_scalar_128x128x64" 11651
"/Engine/EngineResources/Development/ZenLogo_64" 11652
"/Engine/EngineResources/FilmGrains/Marcie_Grain_v3_128_M2_000" 11653
"/InterchangeAssets/Functions/MX_UsdPreviewSurface" 11654
"/InterchangeAssets/Functions/MX_SurfaceUnlit" 11655
"/Interchange/Pipelines/DefaultGLTFSceneAssetsPipeline" 11656
"/Interchange/Pipelines/DefaultSceneLevelPipeline" 11657
"/Interchange/Pipelines/DefaultSceneAssetsPipeline" 11658
"/Interchange/Pipelines/DefaultTexturePipeline" 11659
"/Interchange/Pipelines/DefaultMaterialPipeline" 11660
"/Interchange/Pipelines/DefaultGLTFPipeline" 11661
"/Interchange/Pipelines/DefaultGLTFAssetsPipeline" 11662
"/Interchange/Pipelines/DefaultMaterialXPipeline" 11663
"/Interchange/Pipelines/DefaultAssetsPipeline" 11664
"/Engine/EngineMaterials/EnergyConservation/Diffuse_Energy" 11665
"/Engine/EngineMaterials/EnergyConservation/Sheen_Energy" 11666
"/Engine/EngineMaterials/LTC/Sheen_LTC" 11667
"../../../Engine/Plugins/Interchange/Assets/Content/Functions/MX_ThinFilmBSDF.uasset" 11668
"../../../Engine/Plugins/Interchange/Assets/Content/Functions/MX_SubsurfaceBSDF.uasset" 11669
"../../../Engine/Plugins/Interchange/Assets/Content/Functions/MX_GeneralizedSchlickBSDF.uasset" 11670
"../../../Engine/Plugins/Interchange/Assets/Content/Functions/MX_MeasuredEDF.uasset" 11671
"../../../Engine/Plugins/Interchange/Assets/Content/Functions/MX_AnisotropicVDF.uasset" 11672
"../../../Engine/Plugins/Animation/ControlRig/Content/Controls/ControlRigGizmoMaterial.uasset" 11673
"../../../Engine/Plugins/Interchange/Assets/Content/Functions/MX_AbsorptionVDF.uasset" 11674
"../../../Engine/Plugins/Interchange/Assets/Content/Functions/MX_SheenBSDF.uasset" 11675
"../../../Engine/Plugins/Interchange/Assets/Content/Functions/MX_ConicalEDF.uasset" 11676
"../../../Engine/Plugins/Interchange/Assets/Content/Functions/MX_UniformEDF.uasset" 11677
"/ControlRig/Controls/ControlRigGizmoMaterial" 11678
"/InterchangeAssets/Functions/MX_AnisotropicVDF" 11679
"/InterchangeAssets/Functions/MX_AbsorptionVDF" 11680
"/InterchangeAssets/Functions/MX_MeasuredEDF" 11681
"/InterchangeAssets/Functions/MX_ConicalEDF" 11682
"/InterchangeAssets/Functions/MX_UniformEDF" 11683
"/InterchangeAssets/Functions/MX_ThinFilmBSDF" 11684
"/InterchangeAssets/Functions/MX_SheenBSDF" 11685
"/InterchangeAssets/Functions/MX_SubsurfaceBSDF" 11686
"/InterchangeAssets/Functions/MX_GeneralizedSchlickBSDF" 11687
"C:/Users/maria/Desktop/proyecto II/AtaqueGamba/Saved/Cooked/Windows/AtaqueGamba/Metadata/CookedSettings.txt" 11688
